solid OpenSCAD_Model
  facet normal -0.998629 0.0523433 0
    outer loop
      vertex -2 61 0
      vertex -1.98904 61.2091 70
      vertex -1.98904 61.2091 0
    endloop
  endfacet
  facet normal -0.998629 0.0523433 0
    outer loop
      vertex -1.98904 61.2091 70
      vertex -2 61 0
      vertex -2 61 70
    endloop
  endfacet
  facet normal 1 0 0
    outer loop
      vertex 78 2 70
      vertex 78 0 70
      vertex 78 2 2
    endloop
  endfacet
  facet normal 1 -0 0
    outer loop
      vertex 78 2 2
      vertex 78 61 0
      vertex 78 61 2
    endloop
  endfacet
  facet normal 1 0 0
    outer loop
      vertex 78 2 2
      vertex 78 0 0
      vertex 78 61 0
    endloop
  endfacet
  facet normal 1 0 0
    outer loop
      vertex 78 0 0
      vertex 78 2 2
      vertex 78 0 70
    endloop
  endfacet
  facet normal -0.998629 -0.052354 0
    outer loop
      vertex -1.98904 -0.209057 0
      vertex -2 0 70
      vertex -2 0 0
    endloop
  endfacet
  facet normal -0.998629 -0.052354 0
    outer loop
      vertex -2 0 70
      vertex -1.98904 -0.209057 0
      vertex -1.98904 -0.209057 70
    endloop
  endfacet
  facet normal 0.998619 -0.0525445 0
    outer loop
      vertex 77.989 -0.209057 70
      vertex 78 0 0
      vertex 78 0 70
    endloop
  endfacet
  facet normal 0.998619 -0.0525445 0
    outer loop
      vertex 78 0 0
      vertex 77.989 -0.209057 70
      vertex 77.989 -0.209057 0
    endloop
  endfacet
  facet normal 0 0 1
    outer loop
      vertex -2 61 70
      vertex 2 63 70
      vertex 0 63 70
    endloop
  endfacet
  facet normal 0 0 1
    outer loop
      vertex 76 -2 70
      vertex 78 0 70
      vertex 78 2 70
    endloop
  endfacet
  facet normal 0 0 1
    outer loop
      vertex 78 0 70
      vertex 76 -2 70
      vertex 77.989 -0.209057 70
    endloop
  endfacet
  facet normal 0 0 1
    outer loop
      vertex 77.989 -0.209057 70
      vertex 76 -2 70
      vertex 77.9563 -0.415823 70
    endloop
  endfacet
  facet normal 0 0 1
    outer loop
      vertex 77.9563 -0.415823 70
      vertex 76 -2 70
      vertex 77.9021 -0.618033 70
    endloop
  endfacet
  facet normal 0 0 1
    outer loop
      vertex 77.9021 -0.618033 70
      vertex 76 -2 70
      vertex 77.8271 -0.813473 70
    endloop
  endfacet
  facet normal 0 0 1
    outer loop
      vertex 77.8271 -0.813473 70
      vertex 76 -2 70
      vertex 77.732 -1 70
    endloop
  endfacet
  facet normal 0 0 1
    outer loop
      vertex 77.732 -1 70
      vertex 76 -2 70
      vertex 77.618 -1.17557 70
    endloop
  endfacet
  facet normal 0 0 1
    outer loop
      vertex 77.618 -1.17557 70
      vertex 76 -2 70
      vertex 77.4863 -1.33826 70
    endloop
  endfacet
  facet normal 0 0 1
    outer loop
      vertex 77.4863 -1.33826 70
      vertex 76 -2 70
      vertex 77.3383 -1.48629 70
    endloop
  endfacet
  facet normal 0 0 1
    outer loop
      vertex 77.3383 -1.48629 70
      vertex 76 -2 70
      vertex 77.1756 -1.61803 70
    endloop
  endfacet
  facet normal 0 0 1
    outer loop
      vertex 77.1756 -1.61803 70
      vertex 76 -2 70
      vertex 77 -1.73205 70
    endloop
  endfacet
  facet normal 0 0 1
    outer loop
      vertex 77 -1.73205 70
      vertex 76 -2 70
      vertex 76.8135 -1.82709 70
    endloop
  endfacet
  facet normal 0 0 1
    outer loop
      vertex 76.8135 -1.82709 70
      vertex 76 -2 70
      vertex 76.618 -1.90211 70
    endloop
  endfacet
  facet normal 0 0 1
    outer loop
      vertex 76.618 -1.90211 70
      vertex 76 -2 70
      vertex 76.4158 -1.9563 70
    endloop
  endfacet
  facet normal 0 0 1
    outer loop
      vertex 76.4158 -1.9563 70
      vertex 76 -2 70
      vertex 76.2091 -1.98904 70
    endloop
  endfacet
  facet normal -0 0 1
    outer loop
      vertex 2 2 70
      vertex 76 -2 70
      vertex 78 2 70
    endloop
  endfacet
  facet normal 0 0 1
    outer loop
      vertex 2 2 70
      vertex 0 -2 70
      vertex 76 -2 70
    endloop
  endfacet
  facet normal 0 0 1
    outer loop
      vertex 2 63 70
      vertex -2 61 70
      vertex 2 2 70
    endloop
  endfacet
  facet normal 0 0 1
    outer loop
      vertex -2 61 70
      vertex 0 63 70
      vertex -0.209057 62.989 70
    endloop
  endfacet
  facet normal 0 0 1
    outer loop
      vertex -2 0 70
      vertex 2 2 70
      vertex -2 61 70
    endloop
  endfacet
  facet normal 0 0 1
    outer loop
      vertex -2 61 70
      vertex -0.209057 62.989 70
      vertex -0.415823 62.9563 70
    endloop
  endfacet
  facet normal 0 0 1
    outer loop
      vertex 2 2 70
      vertex -2 0 70
      vertex 0 -2 70
    endloop
  endfacet
  facet normal 0 0 1
    outer loop
      vertex -2 61 70
      vertex -0.415823 62.9563 70
      vertex -0.618033 62.9021 70
    endloop
  endfacet
  facet normal 0 0 1
    outer loop
      vertex 0 -2 70
      vertex -2 0 70
      vertex -0.209057 -1.98904 70
    endloop
  endfacet
  facet normal 0 0 1
    outer loop
      vertex -2 61 70
      vertex -0.618033 62.9021 70
      vertex -0.813473 62.8271 70
    endloop
  endfacet
  facet normal 0 0 1
    outer loop
      vertex -0.209057 -1.98904 70
      vertex -2 0 70
      vertex -0.415823 -1.9563 70
    endloop
  endfacet
  facet normal 0 0 1
    outer loop
      vertex -2 61 70
      vertex -0.813473 62.8271 70
      vertex -1 62.732 70
    endloop
  endfacet
  facet normal 0 0 1
    outer loop
      vertex -0.415823 -1.9563 70
      vertex -2 0 70
      vertex -0.618033 -1.90211 70
    endloop
  endfacet
  facet normal 0 0 1
    outer loop
      vertex -2 61 70
      vertex -1 62.732 70
      vertex -1.17557 62.618 70
    endloop
  endfacet
  facet normal 0 0 1
    outer loop
      vertex -0.618033 -1.90211 70
      vertex -2 0 70
      vertex -0.813473 -1.82709 70
    endloop
  endfacet
  facet normal 0 0 1
    outer loop
      vertex -2 61 70
      vertex -1.17557 62.618 70
      vertex -1.33826 62.4863 70
    endloop
  endfacet
  facet normal 0 0 1
    outer loop
      vertex -0.813473 -1.82709 70
      vertex -2 0 70
      vertex -1 -1.73205 70
    endloop
  endfacet
  facet normal 0 0 1
    outer loop
      vertex -2 61 70
      vertex -1.33826 62.4863 70
      vertex -1.48629 62.3383 70
    endloop
  endfacet
  facet normal 0 0 1
    outer loop
      vertex -1 -1.73205 70
      vertex -2 0 70
      vertex -1.17557 -1.61803 70
    endloop
  endfacet
  facet normal 0 0 1
    outer loop
      vertex -2 61 70
      vertex -1.48629 62.3383 70
      vertex -1.61803 62.1756 70
    endloop
  endfacet
  facet normal 0 0 1
    outer loop
      vertex -1.17557 -1.61803 70
      vertex -2 0 70
      vertex -1.33826 -1.48629 70
    endloop
  endfacet
  facet normal 0 0 1
    outer loop
      vertex -2 61 70
      vertex -1.61803 62.1756 70
      vertex -1.73205 62 70
    endloop
  endfacet
  facet normal 0 0 1
    outer loop
      vertex -1.33826 -1.48629 70
      vertex -2 0 70
      vertex -1.48629 -1.33826 70
    endloop
  endfacet
  facet normal 0 0 1
    outer loop
      vertex -2 61 70
      vertex -1.73205 62 70
      vertex -1.82709 61.8135 70
    endloop
  endfacet
  facet normal 0 0 1
    outer loop
      vertex -1.48629 -1.33826 70
      vertex -2 0 70
      vertex -1.61803 -1.17557 70
    endloop
  endfacet
  facet normal 0 0 1
    outer loop
      vertex -2 61 70
      vertex -1.82709 61.8135 70
      vertex -1.90211 61.618 70
    endloop
  endfacet
  facet normal 0 0 1
    outer loop
      vertex -1.61803 -1.17557 70
      vertex -2 0 70
      vertex -1.73205 -1 70
    endloop
  endfacet
  facet normal 0 0 1
    outer loop
      vertex -2 61 70
      vertex -1.90211 61.618 70
      vertex -1.9563 61.4158 70
    endloop
  endfacet
  facet normal 0 0 1
    outer loop
      vertex -1.73205 -1 70
      vertex -2 0 70
      vertex -1.82709 -0.813473 70
    endloop
  endfacet
  facet normal 0 0 1
    outer loop
      vertex -2 61 70
      vertex -1.9563 61.4158 70
      vertex -1.98904 61.2091 70
    endloop
  endfacet
  facet normal 0 0 1
    outer loop
      vertex -1.82709 -0.813473 70
      vertex -2 0 70
      vertex -1.90211 -0.618033 70
    endloop
  endfacet
  facet normal 0 0 1
    outer loop
      vertex -1.90211 -0.618033 70
      vertex -2 0 70
      vertex -1.9563 -0.415823 70
    endloop
  endfacet
  facet normal 0 0 1
    outer loop
      vertex -1.9563 -0.415823 70
      vertex -2 0 70
      vertex -1.98904 -0.209057 70
    endloop
  endfacet
  facet normal -0.544651 -0.838663 0
    outer loop
      vertex -1.17557 -1.61803 0
      vertex -1 -1.73205 70
      vertex -1.17557 -1.61803 70
    endloop
  endfacet
  facet normal -0.544651 -0.838663 -0
    outer loop
      vertex -1 -1.73205 70
      vertex -1.17557 -1.61803 0
      vertex -1 -1.73205 0
    endloop
  endfacet
  facet normal 0.965904 -0.258899 0
    outer loop
      vertex 77.9021 -0.618033 70
      vertex 77.9563 -0.415823 0
      vertex 77.9563 -0.415823 70
    endloop
  endfacet
  facet normal 0.965904 -0.258899 0
    outer loop
      vertex 77.9563 -0.415823 0
      vertex 77.9021 -0.618033 70
      vertex 77.9021 -0.618033 0
    endloop
  endfacet
  facet normal 0.998619 0.0525338 0
    outer loop
      vertex 78 61 2
      vertex 77.989 61.2091 0
      vertex 77.989 61.2091 2
    endloop
  endfacet
  facet normal 0.998619 0.0525338 0
    outer loop
      vertex 77.989 61.2091 0
      vertex 78 61 2
      vertex 78 61 0
    endloop
  endfacet
  facet normal 0 1 0
    outer loop
      vertex 76 63 2
      vertex 76 63 0
      vertex 2 63 2
    endloop
  endfacet
  facet normal 0 1 -0
    outer loop
      vertex 2 63 2
      vertex 0 63 70
      vertex 2 63 70
    endloop
  endfacet
  facet normal 0 1 0
    outer loop
      vertex 2 63 2
      vertex 0 63 0
      vertex 0 63 70
    endloop
  endfacet
  facet normal 0 1 0
    outer loop
      vertex 0 63 0
      vertex 2 63 2
      vertex 76 63 0
    endloop
  endfacet
  facet normal -0.707035 0.707178 0
    outer loop
      vertex -1.48629 62.3383 0
      vertex -1.33826 62.4863 70
      vertex -1.33826 62.4863 0
    endloop
  endfacet
  facet normal -0.707035 0.707178 0
    outer loop
      vertex -1.33826 62.4863 70
      vertex -1.48629 62.3383 0
      vertex -1.48629 62.3383 70
    endloop
  endfacet
  facet normal -1 0 0
    outer loop
      vertex -2 0 0
      vertex -2 61 70
      vertex -2 61 0
    endloop
  endfacet
  facet normal -1 -0 0
    outer loop
      vertex -2 61 70
      vertex -2 0 0
      vertex -2 0 70
    endloop
  endfacet
  facet normal 0.987716 0.156257 0
    outer loop
      vertex 77.989 61.2091 2
      vertex 77.9563 61.4158 0
      vertex 77.9563 61.4158 2
    endloop
  endfacet
  facet normal 0.987716 0.156257 0
    outer loop
      vertex 77.9563 61.4158 0
      vertex 77.989 61.2091 2
      vertex 77.989 61.2091 0
    endloop
  endfacet
  facet normal -0.838663 -0.544651 0
    outer loop
      vertex -1.61803 -1.17557 0
      vertex -1.73205 -1 70
      vertex -1.73205 -1 0
    endloop
  endfacet
  facet normal -0.838663 -0.544651 0
    outer loop
      vertex -1.73205 -1 70
      vertex -1.61803 -1.17557 0
      vertex -1.61803 -1.17557 70
    endloop
  endfacet
  facet normal -0.707107 -0.707107 0
    outer loop
      vertex -1.33826 -1.48629 0
      vertex -1.48629 -1.33826 70
      vertex -1.48629 -1.33826 0
    endloop
  endfacet
  facet normal -0.707107 -0.707107 0
    outer loop
      vertex -1.48629 -1.33826 70
      vertex -1.33826 -1.48629 0
      vertex -1.33826 -1.48629 70
    endloop
  endfacet
  facet normal 0.544585 -0.838705 0
    outer loop
      vertex 77 -1.73205 0
      vertex 77.1756 -1.61803 70
      vertex 77 -1.73205 70
    endloop
  endfacet
  facet normal 0.544585 -0.838705 0
    outer loop
      vertex 77.1756 -1.61803 70
      vertex 77 -1.73205 0
      vertex 77.1756 -1.61803 0
    endloop
  endfacet
  facet normal 0 -1 0
    outer loop
      vertex 40.7277 -2 23.4235
      vertex 53.5 -2 30
      vertex 40.3658 -2 23.4808
    endloop
  endfacet
  facet normal 0 -1 0
    outer loop
      vertex 53.5 -2 30
      vertex 59.6341 -2 23.4808
      vertex 60 -2 23.5
    endloop
  endfacet
  facet normal 0 -1 0
    outer loop
      vertex 41.0816 -2 23.3287
      vertex 53.5 -2 30
      vertex 40.7277 -2 23.4235
    endloop
  endfacet
  facet normal 0 -1 0
    outer loop
      vertex 53.5 -2 30
      vertex 59.2723 -2 23.4235
      vertex 59.6341 -2 23.4808
    endloop
  endfacet
  facet normal 0 -1 0
    outer loop
      vertex 41.4236 -2 23.1974
      vertex 53.5 -2 30
      vertex 41.0816 -2 23.3287
    endloop
  endfacet
  facet normal 0 -1 0
    outer loop
      vertex 53.5 -2 30
      vertex 58.9184 -2 23.3287
      vertex 59.2723 -2 23.4235
    endloop
  endfacet
  facet normal 0 -1 0
    outer loop
      vertex 41.75 -2 23.0311
      vertex 53.5 -2 30
      vertex 41.4236 -2 23.1974
    endloop
  endfacet
  facet normal 0 -1 0
    outer loop
      vertex 53.5 -2 30
      vertex 58.5764 -2 23.1974
      vertex 58.9184 -2 23.3287
    endloop
  endfacet
  facet normal 0 -1 0
    outer loop
      vertex 42.0572 -2 22.8316
      vertex 53.5 -2 30
      vertex 41.75 -2 23.0311
    endloop
  endfacet
  facet normal 0 -1 0
    outer loop
      vertex 53.5 -2 30
      vertex 58.25 -2 23.0311
      vertex 58.5764 -2 23.1974
    endloop
  endfacet
  facet normal 0 -1 0
    outer loop
      vertex 42.342 -2 22.601
      vertex 53.5 -2 30
      vertex 42.0572 -2 22.8316
    endloop
  endfacet
  facet normal 0 -1 0
    outer loop
      vertex 53.5 -2 30
      vertex 57.9427 -2 22.8316
      vertex 58.25 -2 23.0311
    endloop
  endfacet
  facet normal 0 -1 0
    outer loop
      vertex 42.601 -2 22.342
      vertex 53.5 -2 30
      vertex 42.342 -2 22.601
    endloop
  endfacet
  facet normal 0 -1 0
    outer loop
      vertex 53.5 -2 30
      vertex 57.658 -2 22.601
      vertex 57.9427 -2 22.8316
    endloop
  endfacet
  facet normal 0 -1 0
    outer loop
      vertex 42.8316 -2 22.0572
      vertex 53.5 -2 30
      vertex 42.601 -2 22.342
    endloop
  endfacet
  facet normal 0 -1 0
    outer loop
      vertex 53.5 -2 30
      vertex 57.399 -2 22.342
      vertex 57.658 -2 22.601
    endloop
  endfacet
  facet normal 0 -1 0
    outer loop
      vertex 43.0311 -2 21.75
      vertex 53.5 -2 30
      vertex 42.8316 -2 22.0572
    endloop
  endfacet
  facet normal 0 -1 0
    outer loop
      vertex 53.5 -2 30
      vertex 57.1684 -2 22.0572
      vertex 57.399 -2 22.342
    endloop
  endfacet
  facet normal 0 -1 0
    outer loop
      vertex 43.1974 -2 21.4236
      vertex 53.5 -2 30
      vertex 43.0311 -2 21.75
    endloop
  endfacet
  facet normal 0 -1 0
    outer loop
      vertex 53.5 -2 30
      vertex 56.9689 -2 21.75
      vertex 57.1684 -2 22.0572
    endloop
  endfacet
  facet normal 0 -1 0
    outer loop
      vertex 43.3287 -2 21.0816
      vertex 53.5 -2 30
      vertex 43.1974 -2 21.4236
    endloop
  endfacet
  facet normal 0 -1 0
    outer loop
      vertex 53.5 -2 30
      vertex 56.8026 -2 21.4236
      vertex 56.9689 -2 21.75
    endloop
  endfacet
  facet normal 0 -1 0
    outer loop
      vertex 56.6713 -2 21.0816
      vertex 53.5 -2 30
      vertex 43.3287 -2 21.0816
    endloop
  endfacet
  facet normal 0 -1 0
    outer loop
      vertex 53.5 -2 30
      vertex 56.6713 -2 21.0816
      vertex 56.8026 -2 21.4236
    endloop
  endfacet
  facet normal 0 -1 0
    outer loop
      vertex 43.4235 -2 20.7277
      vertex 56.6713 -2 21.0816
      vertex 43.3287 -2 21.0816
    endloop
  endfacet
  facet normal 0 -1 0
    outer loop
      vertex 43.4235 -2 20.7277
      vertex 56.5765 -2 20.7277
      vertex 56.6713 -2 21.0816
    endloop
  endfacet
  facet normal 0 -1 0
    outer loop
      vertex 43.4808 -2 20.3658
      vertex 56.5765 -2 20.7277
      vertex 43.4235 -2 20.7277
    endloop
  endfacet
  facet normal 0 -1 0
    outer loop
      vertex 43.4808 -2 20.3658
      vertex 56.5192 -2 20.3658
      vertex 56.5765 -2 20.7277
    endloop
  endfacet
  facet normal 0 -1 0
    outer loop
      vertex 43.5 -2 20
      vertex 56.5192 -2 20.3658
      vertex 43.4808 -2 20.3658
    endloop
  endfacet
  facet normal 0 -1 0
    outer loop
      vertex 43.5 -2 20
      vertex 56.5 -2 20
      vertex 56.5192 -2 20.3658
    endloop
  endfacet
  facet normal 0 -1 0
    outer loop
      vertex 43.4808 -2 19.6341
      vertex 56.5 -2 20
      vertex 43.5 -2 20
    endloop
  endfacet
  facet normal 0 -1 0
    outer loop
      vertex 43.4808 -2 19.6341
      vertex 56.5192 -2 19.6341
      vertex 56.5 -2 20
    endloop
  endfacet
  facet normal 0 -1 0
    outer loop
      vertex 43.4235 -2 19.2723
      vertex 56.5192 -2 19.6341
      vertex 43.4808 -2 19.6341
    endloop
  endfacet
  facet normal 0 -1 0
    outer loop
      vertex 43.4235 -2 19.2723
      vertex 56.5765 -2 19.2723
      vertex 56.5192 -2 19.6341
    endloop
  endfacet
  facet normal 0 -1 0
    outer loop
      vertex 43.3287 -2 18.9184
      vertex 56.5765 -2 19.2723
      vertex 43.4235 -2 19.2723
    endloop
  endfacet
  facet normal 0 -1 0
    outer loop
      vertex 43.3287 -2 18.9184
      vertex 56.6713 -2 18.9184
      vertex 56.5765 -2 19.2723
    endloop
  endfacet
  facet normal 0 -1 0
    outer loop
      vertex 43.1974 -2 18.5764
      vertex 56.6713 -2 18.9184
      vertex 43.3287 -2 18.9184
    endloop
  endfacet
  facet normal 0 -1 0
    outer loop
      vertex 43.1974 -2 18.5764
      vertex 56.8026 -2 18.5764
      vertex 56.6713 -2 18.9184
    endloop
  endfacet
  facet normal 0 -1 0
    outer loop
      vertex 43.0311 -2 18.25
      vertex 56.8026 -2 18.5764
      vertex 43.1974 -2 18.5764
    endloop
  endfacet
  facet normal 0 -1 0
    outer loop
      vertex 43.0311 -2 18.25
      vertex 56.9689 -2 18.25
      vertex 56.8026 -2 18.5764
    endloop
  endfacet
  facet normal 0 -1 0
    outer loop
      vertex 42.8316 -2 17.9428
      vertex 56.9689 -2 18.25
      vertex 43.0311 -2 18.25
    endloop
  endfacet
  facet normal 0 -1 0
    outer loop
      vertex 42.8316 -2 17.9428
      vertex 57.1684 -2 17.9428
      vertex 56.9689 -2 18.25
    endloop
  endfacet
  facet normal 0 -1 0
    outer loop
      vertex 42.601 -2 17.658
      vertex 57.1684 -2 17.9428
      vertex 42.8316 -2 17.9428
    endloop
  endfacet
  facet normal 0 -1 0
    outer loop
      vertex 42.601 -2 17.658
      vertex 57.399 -2 17.658
      vertex 57.1684 -2 17.9428
    endloop
  endfacet
  facet normal 0 -1 0
    outer loop
      vertex 42.342 -2 17.399
      vertex 57.399 -2 17.658
      vertex 42.601 -2 17.658
    endloop
  endfacet
  facet normal 0 -1 0
    outer loop
      vertex 42.342 -2 17.399
      vertex 57.658 -2 17.399
      vertex 57.399 -2 17.658
    endloop
  endfacet
  facet normal 0 -1 0
    outer loop
      vertex 42.0572 -2 17.1684
      vertex 57.658 -2 17.399
      vertex 42.342 -2 17.399
    endloop
  endfacet
  facet normal 0 -1 0
    outer loop
      vertex 42.0572 -2 17.1684
      vertex 57.9427 -2 17.1684
      vertex 57.658 -2 17.399
    endloop
  endfacet
  facet normal 0 -1 0
    outer loop
      vertex 41.75 -2 16.9689
      vertex 57.9427 -2 17.1684
      vertex 42.0572 -2 17.1684
    endloop
  endfacet
  facet normal 0 -1 0
    outer loop
      vertex 41.75 -2 16.9689
      vertex 58.25 -2 16.9689
      vertex 57.9427 -2 17.1684
    endloop
  endfacet
  facet normal 0 -1 0
    outer loop
      vertex 41.4236 -2 16.8026
      vertex 58.25 -2 16.9689
      vertex 41.75 -2 16.9689
    endloop
  endfacet
  facet normal 0 -1 0
    outer loop
      vertex 41.4236 -2 16.8026
      vertex 58.5764 -2 16.8026
      vertex 58.25 -2 16.9689
    endloop
  endfacet
  facet normal 0 -1 0
    outer loop
      vertex 41.0816 -2 16.6713
      vertex 58.5764 -2 16.8026
      vertex 41.4236 -2 16.8026
    endloop
  endfacet
  facet normal 0 -1 0
    outer loop
      vertex 41.0816 -2 16.6713
      vertex 58.9184 -2 16.6713
      vertex 58.5764 -2 16.8026
    endloop
  endfacet
  facet normal 0 -1 0
    outer loop
      vertex 76 -2 0
      vertex 41.0816 -2 16.6713
      vertex 40.7277 -2 16.5765
    endloop
  endfacet
  facet normal 0 -1 0
    outer loop
      vertex 41.0816 -2 16.6713
      vertex 76 -2 0
      vertex 58.9184 -2 16.6713
    endloop
  endfacet
  facet normal 0 -1 0
    outer loop
      vertex 76 -2 0
      vertex 40.7277 -2 16.5765
      vertex 40.3658 -2 16.5192
    endloop
  endfacet
  facet normal 0 -1 0
    outer loop
      vertex 58.9184 -2 16.6713
      vertex 76 -2 0
      vertex 59.2723 -2 16.5765
    endloop
  endfacet
  facet normal 0 -1 0
    outer loop
      vertex 76 -2 0
      vertex 40.3658 -2 16.5192
      vertex 40 -2 16.5
    endloop
  endfacet
  facet normal 0 -1 0
    outer loop
      vertex 59.2723 -2 16.5765
      vertex 76 -2 0
      vertex 59.6341 -2 16.5192
    endloop
  endfacet
  facet normal 0 -1 0
    outer loop
      vertex 20.7277 -2 23.4235
      vertex 26.5 -2 30
      vertex 20.3658 -2 23.4808
    endloop
  endfacet
  facet normal 0 -1 0
    outer loop
      vertex 26.5 -2 30
      vertex 39.6341 -2 23.4808
      vertex 40 -2 23.5
    endloop
  endfacet
  facet normal 0 -1 0
    outer loop
      vertex 21.0816 -2 23.3287
      vertex 26.5 -2 30
      vertex 20.7277 -2 23.4235
    endloop
  endfacet
  facet normal 0 -1 0
    outer loop
      vertex 26.5 -2 30
      vertex 39.2723 -2 23.4235
      vertex 39.6341 -2 23.4808
    endloop
  endfacet
  facet normal 0 -1 0
    outer loop
      vertex 21.4236 -2 23.1974
      vertex 26.5 -2 30
      vertex 21.0816 -2 23.3287
    endloop
  endfacet
  facet normal 0 -1 0
    outer loop
      vertex 26.5 -2 30
      vertex 38.9184 -2 23.3287
      vertex 39.2723 -2 23.4235
    endloop
  endfacet
  facet normal 0 -1 0
    outer loop
      vertex 21.75 -2 23.0311
      vertex 26.5 -2 30
      vertex 21.4236 -2 23.1974
    endloop
  endfacet
  facet normal 0 -1 0
    outer loop
      vertex 26.5 -2 30
      vertex 38.5764 -2 23.1974
      vertex 38.9184 -2 23.3287
    endloop
  endfacet
  facet normal 0 -1 0
    outer loop
      vertex 22.0572 -2 22.8316
      vertex 26.5 -2 30
      vertex 21.75 -2 23.0311
    endloop
  endfacet
  facet normal 0 -1 0
    outer loop
      vertex 26.5 -2 30
      vertex 38.25 -2 23.0311
      vertex 38.5764 -2 23.1974
    endloop
  endfacet
  facet normal 0 -1 0
    outer loop
      vertex 22.342 -2 22.601
      vertex 26.5 -2 30
      vertex 22.0572 -2 22.8316
    endloop
  endfacet
  facet normal 0 -1 0
    outer loop
      vertex 26.5 -2 30
      vertex 37.9427 -2 22.8316
      vertex 38.25 -2 23.0311
    endloop
  endfacet
  facet normal 0 -1 0
    outer loop
      vertex 22.601 -2 22.342
      vertex 26.5 -2 30
      vertex 22.342 -2 22.601
    endloop
  endfacet
  facet normal 0 -1 0
    outer loop
      vertex 26.5 -2 30
      vertex 37.658 -2 22.601
      vertex 37.9427 -2 22.8316
    endloop
  endfacet
  facet normal 0 -1 0
    outer loop
      vertex 22.8316 -2 22.0572
      vertex 26.5 -2 30
      vertex 22.601 -2 22.342
    endloop
  endfacet
  facet normal 0 -1 0
    outer loop
      vertex 26.5 -2 30
      vertex 37.399 -2 22.342
      vertex 37.658 -2 22.601
    endloop
  endfacet
  facet normal 0 -1 0
    outer loop
      vertex 23.0311 -2 21.75
      vertex 26.5 -2 30
      vertex 22.8316 -2 22.0572
    endloop
  endfacet
  facet normal 0 -1 0
    outer loop
      vertex 26.5 -2 30
      vertex 37.1684 -2 22.0572
      vertex 37.399 -2 22.342
    endloop
  endfacet
  facet normal 0 -1 0
    outer loop
      vertex 23.1974 -2 21.4236
      vertex 26.5 -2 30
      vertex 23.0311 -2 21.75
    endloop
  endfacet
  facet normal 0 -1 0
    outer loop
      vertex 26.5 -2 30
      vertex 36.9689 -2 21.75
      vertex 37.1684 -2 22.0572
    endloop
  endfacet
  facet normal 0 -1 0
    outer loop
      vertex 23.3287 -2 21.0816
      vertex 26.5 -2 30
      vertex 23.1974 -2 21.4236
    endloop
  endfacet
  facet normal 0 -1 0
    outer loop
      vertex 26.5 -2 30
      vertex 36.8026 -2 21.4236
      vertex 36.9689 -2 21.75
    endloop
  endfacet
  facet normal 0 -1 0
    outer loop
      vertex 36.6713 -2 21.0816
      vertex 26.5 -2 30
      vertex 23.3287 -2 21.0816
    endloop
  endfacet
  facet normal 0 -1 0
    outer loop
      vertex 26.5 -2 30
      vertex 36.6713 -2 21.0816
      vertex 36.8026 -2 21.4236
    endloop
  endfacet
  facet normal 0 -1 0
    outer loop
      vertex 23.4235 -2 20.7277
      vertex 36.6713 -2 21.0816
      vertex 23.3287 -2 21.0816
    endloop
  endfacet
  facet normal 0 -1 0
    outer loop
      vertex 23.4235 -2 20.7277
      vertex 36.5765 -2 20.7277
      vertex 36.6713 -2 21.0816
    endloop
  endfacet
  facet normal 0 -1 0
    outer loop
      vertex 23.4808 -2 20.3658
      vertex 36.5765 -2 20.7277
      vertex 23.4235 -2 20.7277
    endloop
  endfacet
  facet normal 0 -1 0
    outer loop
      vertex 23.4808 -2 20.3658
      vertex 36.5192 -2 20.3658
      vertex 36.5765 -2 20.7277
    endloop
  endfacet
  facet normal 0 -1 0
    outer loop
      vertex 23.5 -2 20
      vertex 36.5192 -2 20.3658
      vertex 23.4808 -2 20.3658
    endloop
  endfacet
  facet normal 0 -1 0
    outer loop
      vertex 23.5 -2 20
      vertex 36.5 -2 20
      vertex 36.5192 -2 20.3658
    endloop
  endfacet
  facet normal 0 -1 0
    outer loop
      vertex 23.4808 -2 19.6341
      vertex 36.5 -2 20
      vertex 23.5 -2 20
    endloop
  endfacet
  facet normal 0 -1 0
    outer loop
      vertex 23.4808 -2 19.6341
      vertex 36.5192 -2 19.6341
      vertex 36.5 -2 20
    endloop
  endfacet
  facet normal 0 -1 0
    outer loop
      vertex 23.4235 -2 19.2723
      vertex 36.5192 -2 19.6341
      vertex 23.4808 -2 19.6341
    endloop
  endfacet
  facet normal 0 -1 0
    outer loop
      vertex 23.4235 -2 19.2723
      vertex 36.5765 -2 19.2723
      vertex 36.5192 -2 19.6341
    endloop
  endfacet
  facet normal 0 -1 0
    outer loop
      vertex 23.3287 -2 18.9184
      vertex 36.5765 -2 19.2723
      vertex 23.4235 -2 19.2723
    endloop
  endfacet
  facet normal 0 -1 0
    outer loop
      vertex 23.3287 -2 18.9184
      vertex 36.6713 -2 18.9184
      vertex 36.5765 -2 19.2723
    endloop
  endfacet
  facet normal 0 -1 0
    outer loop
      vertex 23.1974 -2 18.5764
      vertex 36.6713 -2 18.9184
      vertex 23.3287 -2 18.9184
    endloop
  endfacet
  facet normal 0 -1 0
    outer loop
      vertex 23.1974 -2 18.5764
      vertex 36.8026 -2 18.5764
      vertex 36.6713 -2 18.9184
    endloop
  endfacet
  facet normal 0 -1 0
    outer loop
      vertex 23.0311 -2 18.25
      vertex 36.8026 -2 18.5764
      vertex 23.1974 -2 18.5764
    endloop
  endfacet
  facet normal 0 -1 0
    outer loop
      vertex 23.0311 -2 18.25
      vertex 36.9689 -2 18.25
      vertex 36.8026 -2 18.5764
    endloop
  endfacet
  facet normal 0 -1 0
    outer loop
      vertex 22.8316 -2 17.9428
      vertex 36.9689 -2 18.25
      vertex 23.0311 -2 18.25
    endloop
  endfacet
  facet normal 0 -1 0
    outer loop
      vertex 22.8316 -2 17.9428
      vertex 37.1684 -2 17.9428
      vertex 36.9689 -2 18.25
    endloop
  endfacet
  facet normal 0 -1 0
    outer loop
      vertex 22.601 -2 17.658
      vertex 37.1684 -2 17.9428
      vertex 22.8316 -2 17.9428
    endloop
  endfacet
  facet normal 0 -1 0
    outer loop
      vertex 22.601 -2 17.658
      vertex 37.399 -2 17.658
      vertex 37.1684 -2 17.9428
    endloop
  endfacet
  facet normal 0 -1 0
    outer loop
      vertex 22.342 -2 17.399
      vertex 37.399 -2 17.658
      vertex 22.601 -2 17.658
    endloop
  endfacet
  facet normal 0 -1 0
    outer loop
      vertex 22.342 -2 17.399
      vertex 37.658 -2 17.399
      vertex 37.399 -2 17.658
    endloop
  endfacet
  facet normal 0 -1 0
    outer loop
      vertex 22.0572 -2 17.1684
      vertex 37.658 -2 17.399
      vertex 22.342 -2 17.399
    endloop
  endfacet
  facet normal 0 -1 0
    outer loop
      vertex 22.0572 -2 17.1684
      vertex 37.9427 -2 17.1684
      vertex 37.658 -2 17.399
    endloop
  endfacet
  facet normal 0 -1 0
    outer loop
      vertex 21.75 -2 16.9689
      vertex 37.9427 -2 17.1684
      vertex 22.0572 -2 17.1684
    endloop
  endfacet
  facet normal 0 -1 0
    outer loop
      vertex 21.75 -2 16.9689
      vertex 38.25 -2 16.9689
      vertex 37.9427 -2 17.1684
    endloop
  endfacet
  facet normal 0 -1 0
    outer loop
      vertex 21.4236 -2 16.8026
      vertex 38.25 -2 16.9689
      vertex 21.75 -2 16.9689
    endloop
  endfacet
  facet normal 0 -1 0
    outer loop
      vertex 21.4236 -2 16.8026
      vertex 38.5764 -2 16.8026
      vertex 38.25 -2 16.9689
    endloop
  endfacet
  facet normal 0 -1 0
    outer loop
      vertex 21.0816 -2 16.6713
      vertex 38.5764 -2 16.8026
      vertex 21.4236 -2 16.8026
    endloop
  endfacet
  facet normal 0 -1 0
    outer loop
      vertex 21.0816 -2 16.6713
      vertex 38.9184 -2 16.6713
      vertex 38.5764 -2 16.8026
    endloop
  endfacet
  facet normal 0 -1 0
    outer loop
      vertex 20.7277 -2 16.5765
      vertex 38.9184 -2 16.6713
      vertex 21.0816 -2 16.6713
    endloop
  endfacet
  facet normal 0 -1 0
    outer loop
      vertex 20.7277 -2 16.5765
      vertex 39.2723 -2 16.5765
      vertex 38.9184 -2 16.6713
    endloop
  endfacet
  facet normal 0 -1 0
    outer loop
      vertex 0 -2 0
      vertex 20.7277 -2 16.5765
      vertex 20.3658 -2 16.5192
    endloop
  endfacet
  facet normal 0 -1 -0
    outer loop
      vertex 20.7277 -2 16.5765
      vertex 0 -2 0
      vertex 39.2723 -2 16.5765
    endloop
  endfacet
  facet normal 0 -1 0
    outer loop
      vertex 0 -2 0
      vertex 20.3658 -2 16.5192
      vertex 20 -2 16.5
    endloop
  endfacet
  facet normal 0 -1 -0
    outer loop
      vertex 39.2723 -2 16.5765
      vertex 0 -2 0
      vertex 39.6341 -2 16.5192
    endloop
  endfacet
  facet normal 0 -1 0
    outer loop
      vertex 0 -2 70
      vertex 26.5 -2 45
      vertex 76 -2 70
    endloop
  endfacet
  facet normal 0 -1 0
    outer loop
      vertex 17.658 -2 22.601
      vertex 26.5 -2 45
      vertex 0 -2 70
    endloop
  endfacet
  facet normal 0 -1 0
    outer loop
      vertex 20.3658 -2 23.4808
      vertex 26.5 -2 30
      vertex 20 -2 23.5
    endloop
  endfacet
  facet normal -0 -1 0
    outer loop
      vertex 18.5764 -2 23.1974
      vertex 26.5 -2 45
      vertex 18.25 -2 23.0311
    endloop
  endfacet
  facet normal 0 -1 0
    outer loop
      vertex 26.5 -2 30
      vertex 19.6341 -2 23.4808
      vertex 20 -2 23.5
    endloop
  endfacet
  facet normal 0 -1 0
    outer loop
      vertex 26.5 -2 30
      vertex 19.2723 -2 23.4235
      vertex 19.6341 -2 23.4808
    endloop
  endfacet
  facet normal 0 -1 0
    outer loop
      vertex 26.5 -2 30
      vertex 18.9184 -2 23.3287
      vertex 19.2723 -2 23.4235
    endloop
  endfacet
  facet normal 0 -1 0
    outer loop
      vertex 26.5 -2 30
      vertex 18.5764 -2 23.1974
      vertex 18.9184 -2 23.3287
    endloop
  endfacet
  facet normal 0 -1 -0
    outer loop
      vertex 26.5 -2 45
      vertex 18.5764 -2 23.1974
      vertex 26.5 -2 30
    endloop
  endfacet
  facet normal 0 -1 0
    outer loop
      vertex 26.5 -2 45
      vertex 17.9428 -2 22.8316
      vertex 18.25 -2 23.0311
    endloop
  endfacet
  facet normal 0 -1 0
    outer loop
      vertex 26.5 -2 45
      vertex 17.658 -2 22.601
      vertex 17.9428 -2 22.8316
    endloop
  endfacet
  facet normal 0 -1 0
    outer loop
      vertex 0 -2 70
      vertex 17.399 -2 22.342
      vertex 17.658 -2 22.601
    endloop
  endfacet
  facet normal 0 -1 0
    outer loop
      vertex 0 -2 70
      vertex 17.1684 -2 22.0572
      vertex 17.399 -2 22.342
    endloop
  endfacet
  facet normal 0 -1 0
    outer loop
      vertex 0 -2 70
      vertex 16.9689 -2 21.75
      vertex 17.1684 -2 22.0572
    endloop
  endfacet
  facet normal 0 -1 0
    outer loop
      vertex 0 -2 70
      vertex 16.8026 -2 21.4236
      vertex 16.9689 -2 21.75
    endloop
  endfacet
  facet normal 0 -1 0
    outer loop
      vertex 0 -2 70
      vertex 16.6713 -2 21.0816
      vertex 16.8026 -2 21.4236
    endloop
  endfacet
  facet normal 0 -1 0
    outer loop
      vertex 0 -2 0
      vertex 16.6713 -2 21.0816
      vertex 0 -2 70
    endloop
  endfacet
  facet normal 0 -1 0
    outer loop
      vertex 16.6713 -2 21.0816
      vertex 0 -2 0
      vertex 16.5765 -2 20.7277
    endloop
  endfacet
  facet normal 0 -1 0
    outer loop
      vertex 16.5765 -2 20.7277
      vertex 0 -2 0
      vertex 16.5192 -2 20.3658
    endloop
  endfacet
  facet normal 0 -1 0
    outer loop
      vertex 16.5192 -2 20.3658
      vertex 0 -2 0
      vertex 16.5 -2 20
    endloop
  endfacet
  facet normal 0 -1 -0
    outer loop
      vertex 16.5 -2 20
      vertex 0 -2 0
      vertex 16.5192 -2 19.6341
    endloop
  endfacet
  facet normal 0 -1 -0
    outer loop
      vertex 16.5192 -2 19.6341
      vertex 0 -2 0
      vertex 16.5765 -2 19.2723
    endloop
  endfacet
  facet normal 0 -1 -0
    outer loop
      vertex 39.6341 -2 16.5192
      vertex 0 -2 0
      vertex 40 -2 16.5
    endloop
  endfacet
  facet normal 0 -1 -0
    outer loop
      vertex 40 -2 16.5
      vertex 0 -2 0
      vertex 76 -2 0
    endloop
  endfacet
  facet normal 0 -1 -0
    outer loop
      vertex 19.6341 -2 16.5192
      vertex 0 -2 0
      vertex 20 -2 16.5
    endloop
  endfacet
  facet normal 0 -1 -0
    outer loop
      vertex 19.2723 -2 16.5765
      vertex 0 -2 0
      vertex 19.6341 -2 16.5192
    endloop
  endfacet
  facet normal 0 -1 -0
    outer loop
      vertex 18.9184 -2 16.6713
      vertex 0 -2 0
      vertex 19.2723 -2 16.5765
    endloop
  endfacet
  facet normal 0 -1 -0
    outer loop
      vertex 18.5764 -2 16.8026
      vertex 0 -2 0
      vertex 18.9184 -2 16.6713
    endloop
  endfacet
  facet normal 0 -1 -0
    outer loop
      vertex 18.25 -2 16.9689
      vertex 0 -2 0
      vertex 18.5764 -2 16.8026
    endloop
  endfacet
  facet normal 0 -1 -0
    outer loop
      vertex 17.9428 -2 17.1684
      vertex 0 -2 0
      vertex 18.25 -2 16.9689
    endloop
  endfacet
  facet normal 0 -1 -0
    outer loop
      vertex 17.658 -2 17.399
      vertex 0 -2 0
      vertex 17.9428 -2 17.1684
    endloop
  endfacet
  facet normal 0 -1 -0
    outer loop
      vertex 17.399 -2 17.658
      vertex 0 -2 0
      vertex 17.658 -2 17.399
    endloop
  endfacet
  facet normal 0 -1 -0
    outer loop
      vertex 17.1684 -2 17.9428
      vertex 0 -2 0
      vertex 17.399 -2 17.658
    endloop
  endfacet
  facet normal 0 -1 -0
    outer loop
      vertex 16.9689 -2 18.25
      vertex 0 -2 0
      vertex 17.1684 -2 17.9428
    endloop
  endfacet
  facet normal 0 -1 -0
    outer loop
      vertex 16.8026 -2 18.5764
      vertex 0 -2 0
      vertex 16.9689 -2 18.25
    endloop
  endfacet
  facet normal 0 -1 -0
    outer loop
      vertex 16.6713 -2 18.9184
      vertex 0 -2 0
      vertex 16.8026 -2 18.5764
    endloop
  endfacet
  facet normal 0 -1 -0
    outer loop
      vertex 16.5765 -2 19.2723
      vertex 0 -2 0
      vertex 16.6713 -2 18.9184
    endloop
  endfacet
  facet normal 0 -1 0
    outer loop
      vertex 53.5 -2 45
      vertex 76 -2 70
      vertex 26.5 -2 45
    endloop
  endfacet
  facet normal 0 -1 0
    outer loop
      vertex 61.4236 -2 23.1974
      vertex 53.5 -2 45
      vertex 53.5 -2 30
    endloop
  endfacet
  facet normal 0 -1 0
    outer loop
      vertex 26.5 -2 30
      vertex 40 -2 23.5
      vertex 53.5 -2 30
    endloop
  endfacet
  facet normal 0 -1 0
    outer loop
      vertex 40.3658 -2 23.4808
      vertex 53.5 -2 30
      vertex 40 -2 23.5
    endloop
  endfacet
  facet normal 0 -1 0
    outer loop
      vertex 60.3658 -2 23.4808
      vertex 53.5 -2 30
      vertex 60 -2 23.5
    endloop
  endfacet
  facet normal 0 -1 0
    outer loop
      vertex 60.7277 -2 23.4235
      vertex 53.5 -2 30
      vertex 60.3658 -2 23.4808
    endloop
  endfacet
  facet normal 0 -1 0
    outer loop
      vertex 61.0816 -2 23.3287
      vertex 53.5 -2 30
      vertex 60.7277 -2 23.4235
    endloop
  endfacet
  facet normal 0 -1 0
    outer loop
      vertex 61.4236 -2 23.1974
      vertex 53.5 -2 30
      vertex 61.0816 -2 23.3287
    endloop
  endfacet
  facet normal 0 -1 0
    outer loop
      vertex 53.5 -2 45
      vertex 61.4236 -2 23.1974
      vertex 61.75 -2 23.0311
    endloop
  endfacet
  facet normal 0 -1 0
    outer loop
      vertex 62.0572 -2 22.8316
      vertex 53.5 -2 45
      vertex 61.75 -2 23.0311
    endloop
  endfacet
  facet normal 0 -1 0
    outer loop
      vertex 62.342 -2 22.601
      vertex 53.5 -2 45
      vertex 62.0572 -2 22.8316
    endloop
  endfacet
  facet normal 0 -1 0
    outer loop
      vertex 53.5 -2 45
      vertex 62.342 -2 22.601
      vertex 76 -2 70
    endloop
  endfacet
  facet normal 0 -1 0
    outer loop
      vertex 62.601 -2 22.342
      vertex 76 -2 70
      vertex 62.342 -2 22.601
    endloop
  endfacet
  facet normal 0 -1 0
    outer loop
      vertex 62.8316 -2 22.0572
      vertex 76 -2 70
      vertex 62.601 -2 22.342
    endloop
  endfacet
  facet normal 0 -1 0
    outer loop
      vertex 63.0311 -2 21.75
      vertex 76 -2 70
      vertex 62.8316 -2 22.0572
    endloop
  endfacet
  facet normal 0 -1 0
    outer loop
      vertex 63.1974 -2 21.4236
      vertex 76 -2 70
      vertex 63.0311 -2 21.75
    endloop
  endfacet
  facet normal 0 -1 0
    outer loop
      vertex 63.3287 -2 21.0816
      vertex 76 -2 70
      vertex 63.1974 -2 21.4236
    endloop
  endfacet
  facet normal 0 -1 0
    outer loop
      vertex 76 -2 0
      vertex 63.3287 -2 21.0816
      vertex 63.4235 -2 20.7277
    endloop
  endfacet
  facet normal 0 -1 0
    outer loop
      vertex 76 -2 0
      vertex 63.4235 -2 20.7277
      vertex 63.4808 -2 20.3658
    endloop
  endfacet
  facet normal 0 -1 0
    outer loop
      vertex 76 -2 0
      vertex 63.4808 -2 20.3658
      vertex 63.5 -2 20
    endloop
  endfacet
  facet normal 0 -1 0
    outer loop
      vertex 76 -2 0
      vertex 63.5 -2 20
      vertex 63.4808 -2 19.6341
    endloop
  endfacet
  facet normal 0 -1 0
    outer loop
      vertex 76 -2 0
      vertex 63.4808 -2 19.6341
      vertex 63.4235 -2 19.2723
    endloop
  endfacet
  facet normal 0 -1 0
    outer loop
      vertex 59.6341 -2 16.5192
      vertex 76 -2 0
      vertex 60 -2 16.5
    endloop
  endfacet
  facet normal 0 -1 0
    outer loop
      vertex 60 -2 16.5
      vertex 76 -2 0
      vertex 60.3658 -2 16.5192
    endloop
  endfacet
  facet normal 0 -1 0
    outer loop
      vertex 60.3658 -2 16.5192
      vertex 76 -2 0
      vertex 60.7277 -2 16.5765
    endloop
  endfacet
  facet normal 0 -1 0
    outer loop
      vertex 63.3287 -2 21.0816
      vertex 76 -2 0
      vertex 76 -2 70
    endloop
  endfacet
  facet normal 0 -1 0
    outer loop
      vertex 63.3287 -2 18.9184
      vertex 76 -2 0
      vertex 63.4235 -2 19.2723
    endloop
  endfacet
  facet normal 0 -1 0
    outer loop
      vertex 63.1974 -2 18.5764
      vertex 76 -2 0
      vertex 63.3287 -2 18.9184
    endloop
  endfacet
  facet normal 0 -1 0
    outer loop
      vertex 63.0311 -2 18.25
      vertex 76 -2 0
      vertex 63.1974 -2 18.5764
    endloop
  endfacet
  facet normal 0 -1 0
    outer loop
      vertex 62.8316 -2 17.9428
      vertex 76 -2 0
      vertex 63.0311 -2 18.25
    endloop
  endfacet
  facet normal 0 -1 0
    outer loop
      vertex 62.601 -2 17.658
      vertex 76 -2 0
      vertex 62.8316 -2 17.9428
    endloop
  endfacet
  facet normal 0 -1 0
    outer loop
      vertex 62.342 -2 17.399
      vertex 76 -2 0
      vertex 62.601 -2 17.658
    endloop
  endfacet
  facet normal 0 -1 0
    outer loop
      vertex 62.0572 -2 17.1684
      vertex 76 -2 0
      vertex 62.342 -2 17.399
    endloop
  endfacet
  facet normal 0 -1 0
    outer loop
      vertex 61.75 -2 16.9689
      vertex 76 -2 0
      vertex 62.0572 -2 17.1684
    endloop
  endfacet
  facet normal 0 -1 0
    outer loop
      vertex 61.4236 -2 16.8026
      vertex 76 -2 0
      vertex 61.75 -2 16.9689
    endloop
  endfacet
  facet normal 0 -1 0
    outer loop
      vertex 61.0816 -2 16.6713
      vertex 76 -2 0
      vertex 61.4236 -2 16.8026
    endloop
  endfacet
  facet normal 0 -1 0
    outer loop
      vertex 60.7277 -2 16.5765
      vertex 76 -2 0
      vertex 61.0816 -2 16.6713
    endloop
  endfacet
  facet normal 0.890864 0.454269 0
    outer loop
      vertex 77.8271 61.8135 2
      vertex 77.732 62 0
      vertex 77.732 62 2
    endloop
  endfacet
  facet normal 0.890864 0.454269 0
    outer loop
      vertex 77.732 62 0
      vertex 77.8271 61.8135 2
      vertex 77.8271 61.8135 0
    endloop
  endfacet
  facet normal 0.838749 0.544518 0
    outer loop
      vertex 77.732 62 2
      vertex 77.618 62.1756 0
      vertex 77.618 62.1756 2
    endloop
  endfacet
  facet normal 0.838749 0.544518 0
    outer loop
      vertex 77.618 62.1756 0
      vertex 77.732 62 2
      vertex 77.732 62 0
    endloop
  endfacet
  facet normal 0.707107 0.707107 -0
    outer loop
      vertex 77.4863 62.3383 0
      vertex 77.3383 62.4863 2
      vertex 77.4863 62.3383 2
    endloop
  endfacet
  facet normal 0.707107 0.707107 0
    outer loop
      vertex 77.3383 62.4863 2
      vertex 77.4863 62.3383 0
      vertex 77.3383 62.4863 0
    endloop
  endfacet
  facet normal 0.777267 0.629171 0
    outer loop
      vertex 77.618 62.1756 2
      vertex 77.4863 62.3383 0
      vertex 77.4863 62.3383 2
    endloop
  endfacet
  facet normal 0.777267 0.629171 0
    outer loop
      vertex 77.4863 62.3383 0
      vertex 77.618 62.1756 2
      vertex 77.618 62.1756 0
    endloop
  endfacet
  facet normal -0.258899 0.965904 0
    outer loop
      vertex -0.415823 62.9563 0
      vertex -0.618033 62.9021 70
      vertex -0.415823 62.9563 70
    endloop
  endfacet
  facet normal -0.258899 0.965904 0
    outer loop
      vertex -0.618033 62.9021 70
      vertex -0.415823 62.9563 0
      vertex -0.618033 62.9021 0
    endloop
  endfacet
  facet normal -0.987687 0.156443 0
    outer loop
      vertex -1.98904 61.2091 0
      vertex -1.9563 61.4158 70
      vertex -1.9563 61.4158 0
    endloop
  endfacet
  facet normal -0.987687 0.156443 0
    outer loop
      vertex -1.9563 61.4158 70
      vertex -1.98904 61.2091 0
      vertex -1.98904 61.2091 70
    endloop
  endfacet
  facet normal -0.933584 -0.358358 0
    outer loop
      vertex -1.82709 -0.813473 0
      vertex -1.90211 -0.618033 70
      vertex -1.90211 -0.618033 0
    endloop
  endfacet
  facet normal -0.933584 -0.358358 0
    outer loop
      vertex -1.90211 -0.618033 70
      vertex -1.82709 -0.813473 0
      vertex -1.82709 -0.813473 70
    endloop
  endfacet
  facet normal -0.891007 -0.45399 0
    outer loop
      vertex -1.73205 -1 0
      vertex -1.82709 -0.813473 70
      vertex -1.82709 -0.813473 0
    endloop
  endfacet
  facet normal -0.891007 -0.45399 0
    outer loop
      vertex -1.82709 -0.813473 70
      vertex -1.73205 -1 0
      vertex -1.73205 -1 70
    endloop
  endfacet
  facet normal -0.777155 -0.62931 0
    outer loop
      vertex -1.48629 -1.33826 0
      vertex -1.61803 -1.17557 70
      vertex -1.61803 -1.17557 0
    endloop
  endfacet
  facet normal -0.777155 -0.62931 0
    outer loop
      vertex -1.61803 -1.17557 70
      vertex -1.48629 -1.33826 0
      vertex -1.48629 -1.33826 70
    endloop
  endfacet
  facet normal -0.62931 -0.777155 0
    outer loop
      vertex -1.33826 -1.48629 0
      vertex -1.17557 -1.61803 70
      vertex -1.33826 -1.48629 70
    endloop
  endfacet
  facet normal -0.62931 -0.777155 -0
    outer loop
      vertex -1.17557 -1.61803 70
      vertex -1.33826 -1.48629 0
      vertex -1.17557 -1.61803 0
    endloop
  endfacet
  facet normal 0.629286 -0.777174 0
    outer loop
      vertex 77.1756 -1.61803 0
      vertex 77.3383 -1.48629 70
      vertex 77.1756 -1.61803 70
    endloop
  endfacet
  facet normal 0.629286 -0.777174 0
    outer loop
      vertex 77.3383 -1.48629 70
      vertex 77.1756 -1.61803 0
      vertex 77.3383 -1.48629 0
    endloop
  endfacet
  facet normal -0.258855 -0.965916 0
    outer loop
      vertex -0.618033 -1.90211 0
      vertex -0.415823 -1.9563 70
      vertex -0.618033 -1.90211 70
    endloop
  endfacet
  facet normal -0.258855 -0.965916 -0
    outer loop
      vertex -0.415823 -1.9563 70
      vertex -0.618033 -1.90211 0
      vertex -0.415823 -1.9563 0
    endloop
  endfacet
  facet normal 0.258867 -0.965913 0
    outer loop
      vertex 76.4158 -1.9563 0
      vertex 76.618 -1.90211 70
      vertex 76.4158 -1.9563 70
    endloop
  endfacet
  facet normal 0.258867 -0.965913 0
    outer loop
      vertex 76.618 -1.90211 70
      vertex 76.4158 -1.9563 0
      vertex 76.618 -1.90211 0
    endloop
  endfacet
  facet normal 0.0523433 -0.998629 0
    outer loop
      vertex 76 -2 0
      vertex 76.2091 -1.98904 70
      vertex 76 -2 70
    endloop
  endfacet
  facet normal 0.0523433 -0.998629 0
    outer loop
      vertex 76.2091 -1.98904 70
      vertex 76 -2 0
      vertex 76.2091 -1.98904 0
    endloop
  endfacet
  facet normal -0.052354 -0.998629 0
    outer loop
      vertex -0.209057 -1.98904 0
      vertex 0 -2 70
      vertex -0.209057 -1.98904 70
    endloop
  endfacet
  facet normal -0.052354 -0.998629 -0
    outer loop
      vertex 0 -2 70
      vertex -0.209057 -1.98904 0
      vertex 0 -2 0
    endloop
  endfacet
  facet normal 0.965901 0.258911 0
    outer loop
      vertex 77.9563 61.4158 2
      vertex 77.9021 61.618 0
      vertex 77.9021 61.618 2
    endloop
  endfacet
  facet normal 0.965901 0.258911 0
    outer loop
      vertex 77.9021 61.618 0
      vertex 77.9563 61.4158 2
      vertex 77.9563 61.4158 0
    endloop
  endfacet
  facet normal 0.933653 0.358179 0
    outer loop
      vertex 77.9021 61.618 2
      vertex 77.8271 61.8135 0
      vertex 77.8271 61.8135 2
    endloop
  endfacet
  facet normal 0.933653 0.358179 0
    outer loop
      vertex 77.8271 61.8135 0
      vertex 77.9021 61.618 2
      vertex 77.9021 61.618 0
    endloop
  endfacet
  facet normal 0.258911 0.965901 -0
    outer loop
      vertex 76.618 62.9021 0
      vertex 76.4158 62.9563 2
      vertex 76.618 62.9021 2
    endloop
  endfacet
  facet normal 0.258911 0.965901 0
    outer loop
      vertex 76.4158 62.9563 2
      vertex 76.618 62.9021 0
      vertex 76.4158 62.9563 0
    endloop
  endfacet
  facet normal 0.0525338 0.998619 -0
    outer loop
      vertex 76.2091 62.989 0
      vertex 76 63 2
      vertex 76.2091 62.989 2
    endloop
  endfacet
  facet normal 0.0525338 0.998619 0
    outer loop
      vertex 76 63 2
      vertex 76.2091 62.989 0
      vertex 76 63 0
    endloop
  endfacet
  facet normal 0.544518 0.838749 -0
    outer loop
      vertex 77.1756 62.618 0
      vertex 77 62.732 2
      vertex 77.1756 62.618 2
    endloop
  endfacet
  facet normal 0.544518 0.838749 0
    outer loop
      vertex 77 62.732 2
      vertex 77.1756 62.618 0
      vertex 77 62.732 0
    endloop
  endfacet
  facet normal 0.358179 0.933653 -0
    outer loop
      vertex 76.8135 62.8271 0
      vertex 76.618 62.9021 2
      vertex 76.8135 62.8271 2
    endloop
  endfacet
  facet normal 0.358179 0.933653 0
    outer loop
      vertex 76.618 62.9021 2
      vertex 76.8135 62.8271 0
      vertex 76.618 62.9021 0
    endloop
  endfacet
  facet normal 0.629171 0.777267 -0
    outer loop
      vertex 77.3383 62.4863 0
      vertex 77.1756 62.618 2
      vertex 77.3383 62.4863 2
    endloop
  endfacet
  facet normal 0.629171 0.777267 0
    outer loop
      vertex 77.1756 62.618 2
      vertex 77.3383 62.4863 0
      vertex 77.1756 62.618 0
    endloop
  endfacet
  facet normal -0.358275 0.933616 0
    outer loop
      vertex -0.618033 62.9021 0
      vertex -0.813473 62.8271 70
      vertex -0.618033 62.9021 70
    endloop
  endfacet
  facet normal -0.358275 0.933616 0
    outer loop
      vertex -0.813473 62.8271 70
      vertex -0.618033 62.9021 0
      vertex -0.813473 62.8271 0
    endloop
  endfacet
  facet normal -0.838705 0.544585 0
    outer loop
      vertex -1.73205 62 0
      vertex -1.61803 62.1756 70
      vertex -1.61803 62.1756 0
    endloop
  endfacet
  facet normal -0.838705 0.544585 0
    outer loop
      vertex -1.61803 62.1756 70
      vertex -1.73205 62 0
      vertex -1.73205 62 70
    endloop
  endfacet
  facet normal -0.965916 -0.258855 0
    outer loop
      vertex -1.90211 -0.618033 0
      vertex -1.9563 -0.415823 70
      vertex -1.9563 -0.415823 0
    endloop
  endfacet
  facet normal -0.965916 -0.258855 0
    outer loop
      vertex -1.9563 -0.415823 70
      vertex -1.90211 -0.618033 0
      vertex -1.90211 -0.618033 70
    endloop
  endfacet
  facet normal 0 0 -1
    outer loop
      vertex 76 -2 0
      vertex 78 0 0
      vertex 77.989 -0.209057 0
    endloop
  endfacet
  facet normal -0 0 -1
    outer loop
      vertex 78 0 0
      vertex 76 -2 0
      vertex 78 61 0
    endloop
  endfacet
  facet normal 0 0 -1
    outer loop
      vertex 76 -2 0
      vertex 77.989 -0.209057 0
      vertex 77.9563 -0.415823 0
    endloop
  endfacet
  facet normal 0 0 -1
    outer loop
      vertex 76 63 0
      vertex 78 61 0
      vertex 76 -2 0
    endloop
  endfacet
  facet normal 0 0 -1
    outer loop
      vertex 76 -2 0
      vertex 77.9563 -0.415823 0
      vertex 77.9021 -0.618033 0
    endloop
  endfacet
  facet normal 0 0 -1
    outer loop
      vertex 78 61 0
      vertex 76 63 0
      vertex 77.989 61.2091 0
    endloop
  endfacet
  facet normal 0 0 -1
    outer loop
      vertex 76 -2 0
      vertex 77.9021 -0.618033 0
      vertex 77.8271 -0.813473 0
    endloop
  endfacet
  facet normal 0 0 -1
    outer loop
      vertex 77.989 61.2091 0
      vertex 76 63 0
      vertex 77.9563 61.4158 0
    endloop
  endfacet
  facet normal 0 0 -1
    outer loop
      vertex 76 -2 0
      vertex 77.8271 -0.813473 0
      vertex 77.732 -1 0
    endloop
  endfacet
  facet normal 0 0 -1
    outer loop
      vertex 77.9563 61.4158 0
      vertex 76 63 0
      vertex 77.9021 61.618 0
    endloop
  endfacet
  facet normal 0 0 -1
    outer loop
      vertex 76 -2 0
      vertex 77.732 -1 0
      vertex 77.618 -1.17557 0
    endloop
  endfacet
  facet normal 0 0 -1
    outer loop
      vertex 77.9021 61.618 0
      vertex 76 63 0
      vertex 77.8271 61.8135 0
    endloop
  endfacet
  facet normal 0 0 -1
    outer loop
      vertex 76 -2 0
      vertex 77.618 -1.17557 0
      vertex 77.4863 -1.33826 0
    endloop
  endfacet
  facet normal 0 0 -1
    outer loop
      vertex 77.8271 61.8135 0
      vertex 76 63 0
      vertex 77.732 62 0
    endloop
  endfacet
  facet normal 0 0 -1
    outer loop
      vertex 76 -2 0
      vertex 77.4863 -1.33826 0
      vertex 77.3383 -1.48629 0
    endloop
  endfacet
  facet normal 0 0 -1
    outer loop
      vertex 77.732 62 0
      vertex 76 63 0
      vertex 77.618 62.1756 0
    endloop
  endfacet
  facet normal 0 0 -1
    outer loop
      vertex 76 -2 0
      vertex 77.3383 -1.48629 0
      vertex 77.1756 -1.61803 0
    endloop
  endfacet
  facet normal 0 0 -1
    outer loop
      vertex 77.618 62.1756 0
      vertex 76 63 0
      vertex 77.4863 62.3383 0
    endloop
  endfacet
  facet normal 0 0 -1
    outer loop
      vertex 76 -2 0
      vertex 77.1756 -1.61803 0
      vertex 77 -1.73205 0
    endloop
  endfacet
  facet normal 0 0 -1
    outer loop
      vertex 77.4863 62.3383 0
      vertex 76 63 0
      vertex 77.3383 62.4863 0
    endloop
  endfacet
  facet normal 0 0 -1
    outer loop
      vertex 76 -2 0
      vertex 77 -1.73205 0
      vertex 76.8135 -1.82709 0
    endloop
  endfacet
  facet normal 0 0 -1
    outer loop
      vertex 77.3383 62.4863 0
      vertex 76 63 0
      vertex 77.1756 62.618 0
    endloop
  endfacet
  facet normal 0 0 -1
    outer loop
      vertex 76 -2 0
      vertex 76.8135 -1.82709 0
      vertex 76.618 -1.90211 0
    endloop
  endfacet
  facet normal 0 0 -1
    outer loop
      vertex 77.1756 62.618 0
      vertex 76 63 0
      vertex 77 62.732 0
    endloop
  endfacet
  facet normal 0 0 -1
    outer loop
      vertex 76 -2 0
      vertex 76.618 -1.90211 0
      vertex 76.4158 -1.9563 0
    endloop
  endfacet
  facet normal 0 0 -1
    outer loop
      vertex 77 62.732 0
      vertex 76 63 0
      vertex 76.8135 62.8271 0
    endloop
  endfacet
  facet normal 0 0 -1
    outer loop
      vertex 76 -2 0
      vertex 76.4158 -1.9563 0
      vertex 76.2091 -1.98904 0
    endloop
  endfacet
  facet normal 0 0 -1
    outer loop
      vertex 76.8135 62.8271 0
      vertex 76 63 0
      vertex 76.618 62.9021 0
    endloop
  endfacet
  facet normal 0 0 -1
    outer loop
      vertex 76.618 62.9021 0
      vertex 76 63 0
      vertex 76.4158 62.9563 0
    endloop
  endfacet
  facet normal 0 0 -1
    outer loop
      vertex 76.4158 62.9563 0
      vertex 76 63 0
      vertex 76.2091 62.989 0
    endloop
  endfacet
  facet normal 0 0 -1
    outer loop
      vertex 0 -2 0
      vertex 76 63 0
      vertex 76 -2 0
    endloop
  endfacet
  facet normal 0 0 -1
    outer loop
      vertex 0 -2 0
      vertex 0 63 0
      vertex 76 63 0
    endloop
  endfacet
  facet normal 0 0 -1
    outer loop
      vertex -2 0 0
      vertex 0 -2 0
      vertex -0.209057 -1.98904 0
    endloop
  endfacet
  facet normal 0 0 -1
    outer loop
      vertex 0 -2 0
      vertex -2 0 0
      vertex 0 63 0
    endloop
  endfacet
  facet normal 0 0 -1
    outer loop
      vertex -2 0 0
      vertex -0.209057 -1.98904 0
      vertex -0.415823 -1.9563 0
    endloop
  endfacet
  facet normal 0 0 -1
    outer loop
      vertex -2 61 0
      vertex 0 63 0
      vertex -2 0 0
    endloop
  endfacet
  facet normal 0 0 -1
    outer loop
      vertex -2 0 0
      vertex -0.415823 -1.9563 0
      vertex -0.618033 -1.90211 0
    endloop
  endfacet
  facet normal 0 0 -1
    outer loop
      vertex 0 63 0
      vertex -2 61 0
      vertex -0.209057 62.989 0
    endloop
  endfacet
  facet normal 0 0 -1
    outer loop
      vertex -2 0 0
      vertex -0.618033 -1.90211 0
      vertex -0.813473 -1.82709 0
    endloop
  endfacet
  facet normal 0 0 -1
    outer loop
      vertex -0.209057 62.989 0
      vertex -2 61 0
      vertex -0.415823 62.9563 0
    endloop
  endfacet
  facet normal 0 0 -1
    outer loop
      vertex -2 0 0
      vertex -0.813473 -1.82709 0
      vertex -1 -1.73205 0
    endloop
  endfacet
  facet normal 0 0 -1
    outer loop
      vertex -0.415823 62.9563 0
      vertex -2 61 0
      vertex -0.618033 62.9021 0
    endloop
  endfacet
  facet normal 0 0 -1
    outer loop
      vertex -2 0 0
      vertex -1 -1.73205 0
      vertex -1.17557 -1.61803 0
    endloop
  endfacet
  facet normal 0 0 -1
    outer loop
      vertex -0.618033 62.9021 0
      vertex -2 61 0
      vertex -0.813473 62.8271 0
    endloop
  endfacet
  facet normal 0 0 -1
    outer loop
      vertex -2 0 0
      vertex -1.17557 -1.61803 0
      vertex -1.33826 -1.48629 0
    endloop
  endfacet
  facet normal 0 0 -1
    outer loop
      vertex -0.813473 62.8271 0
      vertex -2 61 0
      vertex -1 62.732 0
    endloop
  endfacet
  facet normal 0 0 -1
    outer loop
      vertex -2 0 0
      vertex -1.33826 -1.48629 0
      vertex -1.48629 -1.33826 0
    endloop
  endfacet
  facet normal 0 0 -1
    outer loop
      vertex -1 62.732 0
      vertex -2 61 0
      vertex -1.17557 62.618 0
    endloop
  endfacet
  facet normal 0 0 -1
    outer loop
      vertex -2 0 0
      vertex -1.48629 -1.33826 0
      vertex -1.61803 -1.17557 0
    endloop
  endfacet
  facet normal 0 0 -1
    outer loop
      vertex -1.17557 62.618 0
      vertex -2 61 0
      vertex -1.33826 62.4863 0
    endloop
  endfacet
  facet normal 0 0 -1
    outer loop
      vertex -2 0 0
      vertex -1.61803 -1.17557 0
      vertex -1.73205 -1 0
    endloop
  endfacet
  facet normal 0 0 -1
    outer loop
      vertex -1.33826 62.4863 0
      vertex -2 61 0
      vertex -1.48629 62.3383 0
    endloop
  endfacet
  facet normal 0 0 -1
    outer loop
      vertex -2 0 0
      vertex -1.73205 -1 0
      vertex -1.82709 -0.813473 0
    endloop
  endfacet
  facet normal 0 0 -1
    outer loop
      vertex -1.48629 62.3383 0
      vertex -2 61 0
      vertex -1.61803 62.1756 0
    endloop
  endfacet
  facet normal 0 0 -1
    outer loop
      vertex -2 0 0
      vertex -1.82709 -0.813473 0
      vertex -1.90211 -0.618033 0
    endloop
  endfacet
  facet normal 0 0 -1
    outer loop
      vertex -1.61803 62.1756 0
      vertex -2 61 0
      vertex -1.73205 62 0
    endloop
  endfacet
  facet normal 0 0 -1
    outer loop
      vertex -2 0 0
      vertex -1.90211 -0.618033 0
      vertex -1.9563 -0.415823 0
    endloop
  endfacet
  facet normal 0 0 -1
    outer loop
      vertex -1.73205 62 0
      vertex -2 61 0
      vertex -1.82709 61.8135 0
    endloop
  endfacet
  facet normal 0 0 -1
    outer loop
      vertex -2 0 0
      vertex -1.9563 -0.415823 0
      vertex -1.98904 -0.209057 0
    endloop
  endfacet
  facet normal 0 0 -1
    outer loop
      vertex -1.82709 61.8135 0
      vertex -2 61 0
      vertex -1.90211 61.618 0
    endloop
  endfacet
  facet normal 0 0 -1
    outer loop
      vertex -1.90211 61.618 0
      vertex -2 61 0
      vertex -1.9563 61.4158 0
    endloop
  endfacet
  facet normal 0 0 -1
    outer loop
      vertex -1.9563 61.4158 0
      vertex -2 61 0
      vertex -1.98904 61.2091 0
    endloop
  endfacet
  facet normal 0.987724 -0.156208 0
    outer loop
      vertex 77.9563 -0.415823 70
      vertex 77.989 -0.209057 0
      vertex 77.989 -0.209057 70
    endloop
  endfacet
  facet normal 0.987724 -0.156208 0
    outer loop
      vertex 77.989 -0.209057 0
      vertex 77.9563 -0.415823 70
      vertex 77.9563 -0.415823 0
    endloop
  endfacet
  facet normal 0.838707 -0.544584 0
    outer loop
      vertex 77.618 -1.17557 70
      vertex 77.732 -1 0
      vertex 77.732 -1 70
    endloop
  endfacet
  facet normal 0.838707 -0.544584 0
    outer loop
      vertex 77.732 -1 0
      vertex 77.618 -1.17557 70
      vertex 77.618 -1.17557 0
    endloop
  endfacet
  facet normal 0.777248 -0.629194 0
    outer loop
      vertex 77.4863 -1.33826 70
      vertex 77.618 -1.17557 0
      vertex 77.618 -1.17557 70
    endloop
  endfacet
  facet normal 0.777248 -0.629194 0
    outer loop
      vertex 77.618 -1.17557 0
      vertex 77.4863 -1.33826 70
      vertex 77.4863 -1.33826 0
    endloop
  endfacet
  facet normal -0.156395 -0.987695 0
    outer loop
      vertex -0.415823 -1.9563 0
      vertex -0.209057 -1.98904 70
      vertex -0.415823 -1.9563 70
    endloop
  endfacet
  facet normal -0.156395 -0.987695 -0
    outer loop
      vertex -0.209057 -1.98904 70
      vertex -0.415823 -1.9563 0
      vertex -0.209057 -1.98904 0
    endloop
  endfacet
  facet normal -0.358358 -0.933584 0
    outer loop
      vertex -0.813473 -1.82709 0
      vertex -0.618033 -1.90211 70
      vertex -0.813473 -1.82709 70
    endloop
  endfacet
  facet normal -0.358358 -0.933584 -0
    outer loop
      vertex -0.618033 -1.90211 70
      vertex -0.813473 -1.82709 0
      vertex -0.618033 -1.90211 0
    endloop
  endfacet
  facet normal -0.45399 -0.891007 0
    outer loop
      vertex -1 -1.73205 0
      vertex -0.813473 -1.82709 70
      vertex -1 -1.73205 70
    endloop
  endfacet
  facet normal -0.45399 -0.891007 -0
    outer loop
      vertex -0.813473 -1.82709 70
      vertex -1 -1.73205 0
      vertex -0.813473 -1.82709 0
    endloop
  endfacet
  facet normal 0.156257 0.987716 -0
    outer loop
      vertex 76.4158 62.9563 0
      vertex 76.2091 62.989 2
      vertex 76.4158 62.9563 2
    endloop
  endfacet
  facet normal 0.156257 0.987716 0
    outer loop
      vertex 76.2091 62.989 2
      vertex 76.4158 62.9563 0
      vertex 76.2091 62.989 0
    endloop
  endfacet
  facet normal 0.454269 0.890864 -0
    outer loop
      vertex 77 62.732 0
      vertex 76.8135 62.8271 2
      vertex 77 62.732 2
    endloop
  endfacet
  facet normal 0.454269 0.890864 0
    outer loop
      vertex 76.8135 62.8271 2
      vertex 77 62.732 0
      vertex 76.8135 62.8271 0
    endloop
  endfacet
  facet normal -0.629194 0.777248 0
    outer loop
      vertex -1.17557 62.618 0
      vertex -1.33826 62.4863 70
      vertex -1.17557 62.618 70
    endloop
  endfacet
  facet normal -0.629194 0.777248 0
    outer loop
      vertex -1.33826 62.4863 70
      vertex -1.17557 62.618 0
      vertex -1.33826 62.4863 0
    endloop
  endfacet
  facet normal -0.454217 0.890891 0
    outer loop
      vertex -0.813473 62.8271 0
      vertex -1 62.732 70
      vertex -0.813473 62.8271 70
    endloop
  endfacet
  facet normal -0.454217 0.890891 0
    outer loop
      vertex -1 62.732 70
      vertex -0.813473 62.8271 0
      vertex -1 62.732 0
    endloop
  endfacet
  facet normal -0.156208 0.987724 0
    outer loop
      vertex -0.209057 62.989 0
      vertex -0.415823 62.9563 70
      vertex -0.209057 62.989 70
    endloop
  endfacet
  facet normal -0.156208 0.987724 0
    outer loop
      vertex -0.415823 62.9563 70
      vertex -0.209057 62.989 0
      vertex -0.415823 62.9563 0
    endloop
  endfacet
  facet normal -0.0525445 0.998619 0
    outer loop
      vertex 0 63 0
      vertex -0.209057 62.989 70
      vertex 0 63 70
    endloop
  endfacet
  facet normal -0.0525445 0.998619 0
    outer loop
      vertex -0.209057 62.989 70
      vertex 0 63 0
      vertex -0.209057 62.989 0
    endloop
  endfacet
  facet normal -0.777174 0.629286 0
    outer loop
      vertex -1.61803 62.1756 0
      vertex -1.48629 62.3383 70
      vertex -1.48629 62.3383 0
    endloop
  endfacet
  facet normal -0.777174 0.629286 0
    outer loop
      vertex -1.48629 62.3383 70
      vertex -1.61803 62.1756 0
      vertex -1.61803 62.1756 70
    endloop
  endfacet
  facet normal -0.933621 0.358262 0
    outer loop
      vertex -1.90211 61.618 0
      vertex -1.82709 61.8135 70
      vertex -1.82709 61.8135 0
    endloop
  endfacet
  facet normal -0.933621 0.358262 0
    outer loop
      vertex -1.82709 61.8135 70
      vertex -1.90211 61.618 0
      vertex -1.90211 61.618 70
    endloop
  endfacet
  facet normal -0.89098 0.454042 0
    outer loop
      vertex -1.82709 61.8135 0
      vertex -1.73205 62 70
      vertex -1.73205 62 0
    endloop
  endfacet
  facet normal -0.89098 0.454042 0
    outer loop
      vertex -1.73205 62 70
      vertex -1.82709 61.8135 0
      vertex -1.82709 61.8135 70
    endloop
  endfacet
  facet normal -0.965913 0.258867 0
    outer loop
      vertex -1.9563 61.4158 0
      vertex -1.90211 61.618 70
      vertex -1.90211 61.618 0
    endloop
  endfacet
  facet normal -0.965913 0.258867 0
    outer loop
      vertex -1.90211 61.618 70
      vertex -1.9563 61.4158 0
      vertex -1.9563 61.4158 70
    endloop
  endfacet
  facet normal -0.987695 -0.156395 0
    outer loop
      vertex -1.9563 -0.415823 0
      vertex -1.98904 -0.209057 70
      vertex -1.98904 -0.209057 0
    endloop
  endfacet
  facet normal -0.987695 -0.156395 0
    outer loop
      vertex -1.98904 -0.209057 70
      vertex -1.9563 -0.415823 0
      vertex -1.9563 -0.415823 70
    endloop
  endfacet
  facet normal 0.890891 -0.454217 0
    outer loop
      vertex 77.732 -1 70
      vertex 77.8271 -0.813473 0
      vertex 77.8271 -0.813473 70
    endloop
  endfacet
  facet normal 0.890891 -0.454217 0
    outer loop
      vertex 77.8271 -0.813473 0
      vertex 77.732 -1 70
      vertex 77.732 -1 0
    endloop
  endfacet
  facet normal 0.933616 -0.358275 0
    outer loop
      vertex 77.8271 -0.813473 70
      vertex 77.9021 -0.618033 0
      vertex 77.9021 -0.618033 70
    endloop
  endfacet
  facet normal 0.933616 -0.358275 0
    outer loop
      vertex 77.9021 -0.618033 0
      vertex 77.8271 -0.813473 70
      vertex 77.8271 -0.813473 0
    endloop
  endfacet
  facet normal 0.707178 -0.707035 0
    outer loop
      vertex 77.3383 -1.48629 0
      vertex 77.4863 -1.33826 70
      vertex 77.3383 -1.48629 70
    endloop
  endfacet
  facet normal 0.707178 -0.707035 0
    outer loop
      vertex 77.4863 -1.33826 70
      vertex 77.3383 -1.48629 0
      vertex 77.4863 -1.33826 0
    endloop
  endfacet
  facet normal 0.454042 -0.89098 0
    outer loop
      vertex 76.8135 -1.82709 0
      vertex 77 -1.73205 70
      vertex 76.8135 -1.82709 70
    endloop
  endfacet
  facet normal 0.454042 -0.89098 0
    outer loop
      vertex 77 -1.73205 70
      vertex 76.8135 -1.82709 0
      vertex 77 -1.73205 0
    endloop
  endfacet
  facet normal 0.358262 -0.933621 0
    outer loop
      vertex 76.618 -1.90211 0
      vertex 76.8135 -1.82709 70
      vertex 76.618 -1.90211 70
    endloop
  endfacet
  facet normal 0.358262 -0.933621 0
    outer loop
      vertex 76.8135 -1.82709 70
      vertex 76.618 -1.90211 0
      vertex 76.8135 -1.82709 0
    endloop
  endfacet
  facet normal 0.156443 -0.987687 0
    outer loop
      vertex 76.2091 -1.98904 0
      vertex 76.4158 -1.9563 70
      vertex 76.2091 -1.98904 70
    endloop
  endfacet
  facet normal 0.156443 -0.987687 0
    outer loop
      vertex 76.4158 -1.9563 70
      vertex 76.2091 -1.98904 0
      vertex 76.4158 -1.9563 0
    endloop
  endfacet
  facet normal -0.544584 0.838707 0
    outer loop
      vertex -1 62.732 0
      vertex -1.17557 62.618 70
      vertex -1 62.732 70
    endloop
  endfacet
  facet normal -0.544584 0.838707 0
    outer loop
      vertex -1.17557 62.618 70
      vertex -1 62.732 0
      vertex -1.17557 62.618 0
    endloop
  endfacet
  facet normal 1 -0 0
    outer loop
      vertex 2 2 70
      vertex 2 63 2
      vertex 2 63 70
    endloop
  endfacet
  facet normal 1 0 0
    outer loop
      vertex 2 63 2
      vertex 2 2 70
      vertex 2 2 2
    endloop
  endfacet
  facet normal 0 1 -0
    outer loop
      vertex 39.2723 2 23.4235
      vertex 26.5 2 30
      vertex 39.6341 2 23.4808
    endloop
  endfacet
  facet normal 0 1 0
    outer loop
      vertex 26.5 2 30
      vertex 20.3658 2 23.4808
      vertex 20 2 23.5
    endloop
  endfacet
  facet normal 0 1 -0
    outer loop
      vertex 38.9184 2 23.3287
      vertex 26.5 2 30
      vertex 39.2723 2 23.4235
    endloop
  endfacet
  facet normal 0 1 0
    outer loop
      vertex 26.5 2 30
      vertex 20.7277 2 23.4235
      vertex 20.3658 2 23.4808
    endloop
  endfacet
  facet normal 0 1 -0
    outer loop
      vertex 38.5764 2 23.1974
      vertex 26.5 2 30
      vertex 38.9184 2 23.3287
    endloop
  endfacet
  facet normal 0 1 0
    outer loop
      vertex 26.5 2 30
      vertex 21.0816 2 23.3287
      vertex 20.7277 2 23.4235
    endloop
  endfacet
  facet normal 0 1 -0
    outer loop
      vertex 38.25 2 23.0311
      vertex 26.5 2 30
      vertex 38.5764 2 23.1974
    endloop
  endfacet
  facet normal 0 1 0
    outer loop
      vertex 26.5 2 30
      vertex 21.4236 2 23.1974
      vertex 21.0816 2 23.3287
    endloop
  endfacet
  facet normal 0 1 -0
    outer loop
      vertex 37.9427 2 22.8316
      vertex 26.5 2 30
      vertex 38.25 2 23.0311
    endloop
  endfacet
  facet normal 0 1 0
    outer loop
      vertex 26.5 2 30
      vertex 21.75 2 23.0311
      vertex 21.4236 2 23.1974
    endloop
  endfacet
  facet normal 0 1 -0
    outer loop
      vertex 37.658 2 22.601
      vertex 26.5 2 30
      vertex 37.9427 2 22.8316
    endloop
  endfacet
  facet normal 0 1 0
    outer loop
      vertex 26.5 2 30
      vertex 22.0572 2 22.8316
      vertex 21.75 2 23.0311
    endloop
  endfacet
  facet normal 0 1 -0
    outer loop
      vertex 37.399 2 22.342
      vertex 26.5 2 30
      vertex 37.658 2 22.601
    endloop
  endfacet
  facet normal 0 1 0
    outer loop
      vertex 26.5 2 30
      vertex 22.342 2 22.601
      vertex 22.0572 2 22.8316
    endloop
  endfacet
  facet normal 0 1 -0
    outer loop
      vertex 37.1684 2 22.0572
      vertex 26.5 2 30
      vertex 37.399 2 22.342
    endloop
  endfacet
  facet normal 0 1 0
    outer loop
      vertex 26.5 2 30
      vertex 22.601 2 22.342
      vertex 22.342 2 22.601
    endloop
  endfacet
  facet normal 0 1 -0
    outer loop
      vertex 36.9689 2 21.75
      vertex 26.5 2 30
      vertex 37.1684 2 22.0572
    endloop
  endfacet
  facet normal 0 1 0
    outer loop
      vertex 26.5 2 30
      vertex 22.8316 2 22.0572
      vertex 22.601 2 22.342
    endloop
  endfacet
  facet normal 0 1 -0
    outer loop
      vertex 36.8026 2 21.4236
      vertex 26.5 2 30
      vertex 36.9689 2 21.75
    endloop
  endfacet
  facet normal 0 1 0
    outer loop
      vertex 26.5 2 30
      vertex 23.0311 2 21.75
      vertex 22.8316 2 22.0572
    endloop
  endfacet
  facet normal 0 1 -0
    outer loop
      vertex 36.6713 2 21.0816
      vertex 26.5 2 30
      vertex 36.8026 2 21.4236
    endloop
  endfacet
  facet normal 0 1 0
    outer loop
      vertex 26.5 2 30
      vertex 23.1974 2 21.4236
      vertex 23.0311 2 21.75
    endloop
  endfacet
  facet normal 0 1 0
    outer loop
      vertex 23.3287 2 21.0816
      vertex 26.5 2 30
      vertex 36.6713 2 21.0816
    endloop
  endfacet
  facet normal 0 1 0
    outer loop
      vertex 26.5 2 30
      vertex 23.3287 2 21.0816
      vertex 23.1974 2 21.4236
    endloop
  endfacet
  facet normal 0 1 -0
    outer loop
      vertex 36.5765 2 20.7277
      vertex 23.3287 2 21.0816
      vertex 36.6713 2 21.0816
    endloop
  endfacet
  facet normal 0 1 0
    outer loop
      vertex 36.5765 2 20.7277
      vertex 23.4235 2 20.7277
      vertex 23.3287 2 21.0816
    endloop
  endfacet
  facet normal 0 1 -0
    outer loop
      vertex 36.5192 2 20.3658
      vertex 23.4235 2 20.7277
      vertex 36.5765 2 20.7277
    endloop
  endfacet
  facet normal 0 1 0
    outer loop
      vertex 36.5192 2 20.3658
      vertex 23.4808 2 20.3658
      vertex 23.4235 2 20.7277
    endloop
  endfacet
  facet normal 0 1 -0
    outer loop
      vertex 36.5 2 20
      vertex 23.4808 2 20.3658
      vertex 36.5192 2 20.3658
    endloop
  endfacet
  facet normal 0 1 0
    outer loop
      vertex 36.5 2 20
      vertex 23.5 2 20
      vertex 23.4808 2 20.3658
    endloop
  endfacet
  facet normal 0 1 0
    outer loop
      vertex 36.5192 2 19.6341
      vertex 23.5 2 20
      vertex 36.5 2 20
    endloop
  endfacet
  facet normal 0 1 0
    outer loop
      vertex 36.5192 2 19.6341
      vertex 23.4808 2 19.6341
      vertex 23.5 2 20
    endloop
  endfacet
  facet normal 0 1 0
    outer loop
      vertex 36.5765 2 19.2723
      vertex 23.4808 2 19.6341
      vertex 36.5192 2 19.6341
    endloop
  endfacet
  facet normal 0 1 0
    outer loop
      vertex 36.5765 2 19.2723
      vertex 23.4235 2 19.2723
      vertex 23.4808 2 19.6341
    endloop
  endfacet
  facet normal 0 1 0
    outer loop
      vertex 36.6713 2 18.9184
      vertex 23.4235 2 19.2723
      vertex 36.5765 2 19.2723
    endloop
  endfacet
  facet normal 0 1 0
    outer loop
      vertex 36.6713 2 18.9184
      vertex 23.3287 2 18.9184
      vertex 23.4235 2 19.2723
    endloop
  endfacet
  facet normal 0 1 0
    outer loop
      vertex 36.8026 2 18.5764
      vertex 23.3287 2 18.9184
      vertex 36.6713 2 18.9184
    endloop
  endfacet
  facet normal 0 1 0
    outer loop
      vertex 36.8026 2 18.5764
      vertex 23.1974 2 18.5764
      vertex 23.3287 2 18.9184
    endloop
  endfacet
  facet normal 0 1 0
    outer loop
      vertex 36.9689 2 18.25
      vertex 23.1974 2 18.5764
      vertex 36.8026 2 18.5764
    endloop
  endfacet
  facet normal 0 1 0
    outer loop
      vertex 36.9689 2 18.25
      vertex 23.0311 2 18.25
      vertex 23.1974 2 18.5764
    endloop
  endfacet
  facet normal 0 1 0
    outer loop
      vertex 37.1684 2 17.9428
      vertex 23.0311 2 18.25
      vertex 36.9689 2 18.25
    endloop
  endfacet
  facet normal 0 1 0
    outer loop
      vertex 37.1684 2 17.9428
      vertex 22.8316 2 17.9428
      vertex 23.0311 2 18.25
    endloop
  endfacet
  facet normal 0 1 0
    outer loop
      vertex 37.399 2 17.658
      vertex 22.8316 2 17.9428
      vertex 37.1684 2 17.9428
    endloop
  endfacet
  facet normal 0 1 0
    outer loop
      vertex 37.399 2 17.658
      vertex 22.601 2 17.658
      vertex 22.8316 2 17.9428
    endloop
  endfacet
  facet normal 0 1 0
    outer loop
      vertex 37.658 2 17.399
      vertex 22.601 2 17.658
      vertex 37.399 2 17.658
    endloop
  endfacet
  facet normal 0 1 0
    outer loop
      vertex 37.658 2 17.399
      vertex 22.342 2 17.399
      vertex 22.601 2 17.658
    endloop
  endfacet
  facet normal 0 1 0
    outer loop
      vertex 37.9427 2 17.1684
      vertex 22.342 2 17.399
      vertex 37.658 2 17.399
    endloop
  endfacet
  facet normal 0 1 0
    outer loop
      vertex 37.9427 2 17.1684
      vertex 22.0572 2 17.1684
      vertex 22.342 2 17.399
    endloop
  endfacet
  facet normal 0 1 0
    outer loop
      vertex 38.25 2 16.9689
      vertex 22.0572 2 17.1684
      vertex 37.9427 2 17.1684
    endloop
  endfacet
  facet normal 0 1 0
    outer loop
      vertex 38.25 2 16.9689
      vertex 21.75 2 16.9689
      vertex 22.0572 2 17.1684
    endloop
  endfacet
  facet normal 0 1 0
    outer loop
      vertex 38.5764 2 16.8026
      vertex 21.75 2 16.9689
      vertex 38.25 2 16.9689
    endloop
  endfacet
  facet normal 0 1 0
    outer loop
      vertex 38.5764 2 16.8026
      vertex 21.4236 2 16.8026
      vertex 21.75 2 16.9689
    endloop
  endfacet
  facet normal 0 1 0
    outer loop
      vertex 38.9184 2 16.6713
      vertex 21.4236 2 16.8026
      vertex 38.5764 2 16.8026
    endloop
  endfacet
  facet normal 0 1 0
    outer loop
      vertex 38.9184 2 16.6713
      vertex 21.0816 2 16.6713
      vertex 21.4236 2 16.8026
    endloop
  endfacet
  facet normal 0 1 0
    outer loop
      vertex 2 2 2
      vertex 38.9184 2 16.6713
      vertex 39.2723 2 16.5765
    endloop
  endfacet
  facet normal 0 1 0
    outer loop
      vertex 38.9184 2 16.6713
      vertex 2 2 2
      vertex 21.0816 2 16.6713
    endloop
  endfacet
  facet normal 0 1 0
    outer loop
      vertex 2 2 2
      vertex 39.2723 2 16.5765
      vertex 39.6341 2 16.5192
    endloop
  endfacet
  facet normal 0 1 0
    outer loop
      vertex 21.0816 2 16.6713
      vertex 2 2 2
      vertex 20.7277 2 16.5765
    endloop
  endfacet
  facet normal 0 1 0
    outer loop
      vertex 2 2 2
      vertex 39.6341 2 16.5192
      vertex 40 2 16.5
    endloop
  endfacet
  facet normal 0 1 0
    outer loop
      vertex 20.7277 2 16.5765
      vertex 2 2 2
      vertex 20.3658 2 16.5192
    endloop
  endfacet
  facet normal 0 1 -0
    outer loop
      vertex 59.2723 2 23.4235
      vertex 53.5 2 30
      vertex 59.6341 2 23.4808
    endloop
  endfacet
  facet normal 0 1 0
    outer loop
      vertex 53.5 2 30
      vertex 40.3658 2 23.4808
      vertex 40 2 23.5
    endloop
  endfacet
  facet normal 0 1 -0
    outer loop
      vertex 58.9184 2 23.3287
      vertex 53.5 2 30
      vertex 59.2723 2 23.4235
    endloop
  endfacet
  facet normal 0 1 0
    outer loop
      vertex 53.5 2 30
      vertex 40.7277 2 23.4235
      vertex 40.3658 2 23.4808
    endloop
  endfacet
  facet normal 0 1 -0
    outer loop
      vertex 58.5764 2 23.1974
      vertex 53.5 2 30
      vertex 58.9184 2 23.3287
    endloop
  endfacet
  facet normal 0 1 0
    outer loop
      vertex 53.5 2 30
      vertex 41.0816 2 23.3287
      vertex 40.7277 2 23.4235
    endloop
  endfacet
  facet normal 0 1 -0
    outer loop
      vertex 58.25 2 23.0311
      vertex 53.5 2 30
      vertex 58.5764 2 23.1974
    endloop
  endfacet
  facet normal 0 1 0
    outer loop
      vertex 53.5 2 30
      vertex 41.4236 2 23.1974
      vertex 41.0816 2 23.3287
    endloop
  endfacet
  facet normal 0 1 -0
    outer loop
      vertex 57.9427 2 22.8316
      vertex 53.5 2 30
      vertex 58.25 2 23.0311
    endloop
  endfacet
  facet normal 0 1 0
    outer loop
      vertex 53.5 2 30
      vertex 41.75 2 23.0311
      vertex 41.4236 2 23.1974
    endloop
  endfacet
  facet normal 0 1 -0
    outer loop
      vertex 57.658 2 22.601
      vertex 53.5 2 30
      vertex 57.9427 2 22.8316
    endloop
  endfacet
  facet normal 0 1 0
    outer loop
      vertex 53.5 2 30
      vertex 42.0572 2 22.8316
      vertex 41.75 2 23.0311
    endloop
  endfacet
  facet normal 0 1 -0
    outer loop
      vertex 57.399 2 22.342
      vertex 53.5 2 30
      vertex 57.658 2 22.601
    endloop
  endfacet
  facet normal 0 1 0
    outer loop
      vertex 53.5 2 30
      vertex 42.342 2 22.601
      vertex 42.0572 2 22.8316
    endloop
  endfacet
  facet normal 0 1 -0
    outer loop
      vertex 57.1684 2 22.0572
      vertex 53.5 2 30
      vertex 57.399 2 22.342
    endloop
  endfacet
  facet normal 0 1 0
    outer loop
      vertex 53.5 2 30
      vertex 42.601 2 22.342
      vertex 42.342 2 22.601
    endloop
  endfacet
  facet normal 0 1 -0
    outer loop
      vertex 56.9689 2 21.75
      vertex 53.5 2 30
      vertex 57.1684 2 22.0572
    endloop
  endfacet
  facet normal 0 1 0
    outer loop
      vertex 53.5 2 30
      vertex 42.8316 2 22.0572
      vertex 42.601 2 22.342
    endloop
  endfacet
  facet normal 0 1 -0
    outer loop
      vertex 56.8026 2 21.4236
      vertex 53.5 2 30
      vertex 56.9689 2 21.75
    endloop
  endfacet
  facet normal 0 1 0
    outer loop
      vertex 53.5 2 30
      vertex 43.0311 2 21.75
      vertex 42.8316 2 22.0572
    endloop
  endfacet
  facet normal 0 1 -0
    outer loop
      vertex 56.6713 2 21.0816
      vertex 53.5 2 30
      vertex 56.8026 2 21.4236
    endloop
  endfacet
  facet normal 0 1 0
    outer loop
      vertex 53.5 2 30
      vertex 43.1974 2 21.4236
      vertex 43.0311 2 21.75
    endloop
  endfacet
  facet normal 0 1 0
    outer loop
      vertex 43.3287 2 21.0816
      vertex 53.5 2 30
      vertex 56.6713 2 21.0816
    endloop
  endfacet
  facet normal 0 1 0
    outer loop
      vertex 53.5 2 30
      vertex 43.3287 2 21.0816
      vertex 43.1974 2 21.4236
    endloop
  endfacet
  facet normal 0 1 -0
    outer loop
      vertex 56.5765 2 20.7277
      vertex 43.3287 2 21.0816
      vertex 56.6713 2 21.0816
    endloop
  endfacet
  facet normal 0 1 0
    outer loop
      vertex 56.5765 2 20.7277
      vertex 43.4235 2 20.7277
      vertex 43.3287 2 21.0816
    endloop
  endfacet
  facet normal 0 1 -0
    outer loop
      vertex 56.5192 2 20.3658
      vertex 43.4235 2 20.7277
      vertex 56.5765 2 20.7277
    endloop
  endfacet
  facet normal 0 1 0
    outer loop
      vertex 56.5192 2 20.3658
      vertex 43.4808 2 20.3658
      vertex 43.4235 2 20.7277
    endloop
  endfacet
  facet normal 0 1 -0
    outer loop
      vertex 56.5 2 20
      vertex 43.4808 2 20.3658
      vertex 56.5192 2 20.3658
    endloop
  endfacet
  facet normal 0 1 0
    outer loop
      vertex 56.5 2 20
      vertex 43.5 2 20
      vertex 43.4808 2 20.3658
    endloop
  endfacet
  facet normal 0 1 0
    outer loop
      vertex 56.5192 2 19.6341
      vertex 43.5 2 20
      vertex 56.5 2 20
    endloop
  endfacet
  facet normal 0 1 0
    outer loop
      vertex 56.5192 2 19.6341
      vertex 43.4808 2 19.6341
      vertex 43.5 2 20
    endloop
  endfacet
  facet normal 0 1 0
    outer loop
      vertex 56.5765 2 19.2723
      vertex 43.4808 2 19.6341
      vertex 56.5192 2 19.6341
    endloop
  endfacet
  facet normal 0 1 0
    outer loop
      vertex 56.5765 2 19.2723
      vertex 43.4235 2 19.2723
      vertex 43.4808 2 19.6341
    endloop
  endfacet
  facet normal 0 1 0
    outer loop
      vertex 56.6713 2 18.9184
      vertex 43.4235 2 19.2723
      vertex 56.5765 2 19.2723
    endloop
  endfacet
  facet normal 0 1 0
    outer loop
      vertex 56.6713 2 18.9184
      vertex 43.3287 2 18.9184
      vertex 43.4235 2 19.2723
    endloop
  endfacet
  facet normal 0 1 0
    outer loop
      vertex 56.8026 2 18.5764
      vertex 43.3287 2 18.9184
      vertex 56.6713 2 18.9184
    endloop
  endfacet
  facet normal 0 1 0
    outer loop
      vertex 56.8026 2 18.5764
      vertex 43.1974 2 18.5764
      vertex 43.3287 2 18.9184
    endloop
  endfacet
  facet normal 0 1 0
    outer loop
      vertex 56.9689 2 18.25
      vertex 43.1974 2 18.5764
      vertex 56.8026 2 18.5764
    endloop
  endfacet
  facet normal 0 1 0
    outer loop
      vertex 56.9689 2 18.25
      vertex 43.0311 2 18.25
      vertex 43.1974 2 18.5764
    endloop
  endfacet
  facet normal 0 1 0
    outer loop
      vertex 57.1684 2 17.9428
      vertex 43.0311 2 18.25
      vertex 56.9689 2 18.25
    endloop
  endfacet
  facet normal 0 1 0
    outer loop
      vertex 57.1684 2 17.9428
      vertex 42.8316 2 17.9428
      vertex 43.0311 2 18.25
    endloop
  endfacet
  facet normal 0 1 0
    outer loop
      vertex 57.399 2 17.658
      vertex 42.8316 2 17.9428
      vertex 57.1684 2 17.9428
    endloop
  endfacet
  facet normal 0 1 0
    outer loop
      vertex 57.399 2 17.658
      vertex 42.601 2 17.658
      vertex 42.8316 2 17.9428
    endloop
  endfacet
  facet normal 0 1 0
    outer loop
      vertex 57.658 2 17.399
      vertex 42.601 2 17.658
      vertex 57.399 2 17.658
    endloop
  endfacet
  facet normal 0 1 0
    outer loop
      vertex 57.658 2 17.399
      vertex 42.342 2 17.399
      vertex 42.601 2 17.658
    endloop
  endfacet
  facet normal 0 1 0
    outer loop
      vertex 57.9427 2 17.1684
      vertex 42.342 2 17.399
      vertex 57.658 2 17.399
    endloop
  endfacet
  facet normal 0 1 0
    outer loop
      vertex 57.9427 2 17.1684
      vertex 42.0572 2 17.1684
      vertex 42.342 2 17.399
    endloop
  endfacet
  facet normal 0 1 0
    outer loop
      vertex 58.25 2 16.9689
      vertex 42.0572 2 17.1684
      vertex 57.9427 2 17.1684
    endloop
  endfacet
  facet normal 0 1 0
    outer loop
      vertex 58.25 2 16.9689
      vertex 41.75 2 16.9689
      vertex 42.0572 2 17.1684
    endloop
  endfacet
  facet normal 0 1 0
    outer loop
      vertex 58.5764 2 16.8026
      vertex 41.75 2 16.9689
      vertex 58.25 2 16.9689
    endloop
  endfacet
  facet normal 0 1 0
    outer loop
      vertex 58.5764 2 16.8026
      vertex 41.4236 2 16.8026
      vertex 41.75 2 16.9689
    endloop
  endfacet
  facet normal 0 1 0
    outer loop
      vertex 58.9184 2 16.6713
      vertex 41.4236 2 16.8026
      vertex 58.5764 2 16.8026
    endloop
  endfacet
  facet normal 0 1 0
    outer loop
      vertex 58.9184 2 16.6713
      vertex 41.0816 2 16.6713
      vertex 41.4236 2 16.8026
    endloop
  endfacet
  facet normal 0 1 0
    outer loop
      vertex 78 2 2
      vertex 58.9184 2 16.6713
      vertex 59.2723 2 16.5765
    endloop
  endfacet
  facet normal 0 1 0
    outer loop
      vertex 58.9184 2 16.6713
      vertex 78 2 2
      vertex 41.0816 2 16.6713
    endloop
  endfacet
  facet normal 0 1 0
    outer loop
      vertex 78 2 2
      vertex 59.2723 2 16.5765
      vertex 59.6341 2 16.5192
    endloop
  endfacet
  facet normal 0 1 0
    outer loop
      vertex 41.0816 2 16.6713
      vertex 78 2 2
      vertex 40.7277 2 16.5765
    endloop
  endfacet
  facet normal 0 1 0
    outer loop
      vertex 78 2 2
      vertex 59.6341 2 16.5192
      vertex 60 2 16.5
    endloop
  endfacet
  facet normal 0 1 0
    outer loop
      vertex 40.7277 2 16.5765
      vertex 78 2 2
      vertex 40.3658 2 16.5192
    endloop
  endfacet
  facet normal 0 1 0
    outer loop
      vertex 78 2 70
      vertex 53.5 2 45
      vertex 2 2 70
    endloop
  endfacet
  facet normal 0 1 -0
    outer loop
      vertex 62.342 2 22.601
      vertex 53.5 2 45
      vertex 78 2 70
    endloop
  endfacet
  facet normal 0 1 -0
    outer loop
      vertex 59.6341 2 23.4808
      vertex 53.5 2 30
      vertex 60 2 23.5
    endloop
  endfacet
  facet normal -0 1 -0
    outer loop
      vertex 61.4236 2 23.1974
      vertex 53.5 2 45
      vertex 61.75 2 23.0311
    endloop
  endfacet
  facet normal 0 1 0
    outer loop
      vertex 53.5 2 30
      vertex 60.3658 2 23.4808
      vertex 60 2 23.5
    endloop
  endfacet
  facet normal 0 1 0
    outer loop
      vertex 53.5 2 30
      vertex 60.7277 2 23.4235
      vertex 60.3658 2 23.4808
    endloop
  endfacet
  facet normal 0 1 0
    outer loop
      vertex 53.5 2 30
      vertex 61.0816 2 23.3287
      vertex 60.7277 2 23.4235
    endloop
  endfacet
  facet normal 0 1 0
    outer loop
      vertex 53.5 2 30
      vertex 61.4236 2 23.1974
      vertex 61.0816 2 23.3287
    endloop
  endfacet
  facet normal 0 1 0
    outer loop
      vertex 53.5 2 45
      vertex 61.4236 2 23.1974
      vertex 53.5 2 30
    endloop
  endfacet
  facet normal 0 1 0
    outer loop
      vertex 53.5 2 45
      vertex 62.0572 2 22.8316
      vertex 61.75 2 23.0311
    endloop
  endfacet
  facet normal 0 1 0
    outer loop
      vertex 53.5 2 45
      vertex 62.342 2 22.601
      vertex 62.0572 2 22.8316
    endloop
  endfacet
  facet normal 0 1 0
    outer loop
      vertex 78 2 70
      vertex 62.601 2 22.342
      vertex 62.342 2 22.601
    endloop
  endfacet
  facet normal 0 1 0
    outer loop
      vertex 78 2 70
      vertex 62.8316 2 22.0572
      vertex 62.601 2 22.342
    endloop
  endfacet
  facet normal 0 1 0
    outer loop
      vertex 78 2 70
      vertex 63.0311 2 21.75
      vertex 62.8316 2 22.0572
    endloop
  endfacet
  facet normal 0 1 0
    outer loop
      vertex 78 2 70
      vertex 63.1974 2 21.4236
      vertex 63.0311 2 21.75
    endloop
  endfacet
  facet normal 0 1 0
    outer loop
      vertex 78 2 70
      vertex 63.3287 2 21.0816
      vertex 63.1974 2 21.4236
    endloop
  endfacet
  facet normal 0 1 -0
    outer loop
      vertex 78 2 2
      vertex 63.3287 2 21.0816
      vertex 78 2 70
    endloop
  endfacet
  facet normal 0 1 0
    outer loop
      vertex 63.3287 2 21.0816
      vertex 78 2 2
      vertex 63.4235 2 20.7277
    endloop
  endfacet
  facet normal 0 1 0
    outer loop
      vertex 63.4235 2 20.7277
      vertex 78 2 2
      vertex 63.4808 2 20.3658
    endloop
  endfacet
  facet normal 0 1 0
    outer loop
      vertex 63.4808 2 20.3658
      vertex 78 2 2
      vertex 63.5 2 20
    endloop
  endfacet
  facet normal 0 1 0
    outer loop
      vertex 63.5 2 20
      vertex 78 2 2
      vertex 63.4808 2 19.6341
    endloop
  endfacet
  facet normal 0 1 0
    outer loop
      vertex 63.4808 2 19.6341
      vertex 78 2 2
      vertex 63.4235 2 19.2723
    endloop
  endfacet
  facet normal 0 1 0
    outer loop
      vertex 40.3658 2 16.5192
      vertex 78 2 2
      vertex 40 2 16.5
    endloop
  endfacet
  facet normal 0 1 0
    outer loop
      vertex 2 2 2
      vertex 40 2 16.5
      vertex 78 2 2
    endloop
  endfacet
  facet normal 0 1 0
    outer loop
      vertex 60.3658 2 16.5192
      vertex 78 2 2
      vertex 60 2 16.5
    endloop
  endfacet
  facet normal 0 1 0
    outer loop
      vertex 60.7277 2 16.5765
      vertex 78 2 2
      vertex 60.3658 2 16.5192
    endloop
  endfacet
  facet normal 0 1 0
    outer loop
      vertex 61.0816 2 16.6713
      vertex 78 2 2
      vertex 60.7277 2 16.5765
    endloop
  endfacet
  facet normal 0 1 0
    outer loop
      vertex 61.4236 2 16.8026
      vertex 78 2 2
      vertex 61.0816 2 16.6713
    endloop
  endfacet
  facet normal 0 1 0
    outer loop
      vertex 61.75 2 16.9689
      vertex 78 2 2
      vertex 61.4236 2 16.8026
    endloop
  endfacet
  facet normal 0 1 0
    outer loop
      vertex 62.0572 2 17.1684
      vertex 78 2 2
      vertex 61.75 2 16.9689
    endloop
  endfacet
  facet normal 0 1 0
    outer loop
      vertex 62.342 2 17.399
      vertex 78 2 2
      vertex 62.0572 2 17.1684
    endloop
  endfacet
  facet normal 0 1 0
    outer loop
      vertex 62.601 2 17.658
      vertex 78 2 2
      vertex 62.342 2 17.399
    endloop
  endfacet
  facet normal 0 1 0
    outer loop
      vertex 62.8316 2 17.9428
      vertex 78 2 2
      vertex 62.601 2 17.658
    endloop
  endfacet
  facet normal 0 1 0
    outer loop
      vertex 63.0311 2 18.25
      vertex 78 2 2
      vertex 62.8316 2 17.9428
    endloop
  endfacet
  facet normal 0 1 0
    outer loop
      vertex 63.1974 2 18.5764
      vertex 78 2 2
      vertex 63.0311 2 18.25
    endloop
  endfacet
  facet normal 0 1 0
    outer loop
      vertex 63.3287 2 18.9184
      vertex 78 2 2
      vertex 63.1974 2 18.5764
    endloop
  endfacet
  facet normal 0 1 0
    outer loop
      vertex 63.4235 2 19.2723
      vertex 78 2 2
      vertex 63.3287 2 18.9184
    endloop
  endfacet
  facet normal 0 1 -0
    outer loop
      vertex 26.5 2 45
      vertex 2 2 70
      vertex 53.5 2 45
    endloop
  endfacet
  facet normal 0 1 0
    outer loop
      vertex 18.5764 2 23.1974
      vertex 26.5 2 45
      vertex 26.5 2 30
    endloop
  endfacet
  facet normal 0 1 0
    outer loop
      vertex 53.5 2 30
      vertex 40 2 23.5
      vertex 26.5 2 30
    endloop
  endfacet
  facet normal 0 1 -0
    outer loop
      vertex 39.6341 2 23.4808
      vertex 26.5 2 30
      vertex 40 2 23.5
    endloop
  endfacet
  facet normal 0 1 0
    outer loop
      vertex 19.6341 2 23.4808
      vertex 26.5 2 30
      vertex 20 2 23.5
    endloop
  endfacet
  facet normal 0 1 0
    outer loop
      vertex 19.2723 2 23.4235
      vertex 26.5 2 30
      vertex 19.6341 2 23.4808
    endloop
  endfacet
  facet normal 0 1 0
    outer loop
      vertex 18.9184 2 23.3287
      vertex 26.5 2 30
      vertex 19.2723 2 23.4235
    endloop
  endfacet
  facet normal 0 1 0
    outer loop
      vertex 18.5764 2 23.1974
      vertex 26.5 2 30
      vertex 18.9184 2 23.3287
    endloop
  endfacet
  facet normal 0 1 0
    outer loop
      vertex 26.5 2 45
      vertex 18.5764 2 23.1974
      vertex 18.25 2 23.0311
    endloop
  endfacet
  facet normal 0 1 0
    outer loop
      vertex 17.9428 2 22.8316
      vertex 26.5 2 45
      vertex 18.25 2 23.0311
    endloop
  endfacet
  facet normal 0 1 0
    outer loop
      vertex 17.658 2 22.601
      vertex 26.5 2 45
      vertex 17.9428 2 22.8316
    endloop
  endfacet
  facet normal 0 1 0
    outer loop
      vertex 26.5 2 45
      vertex 17.658 2 22.601
      vertex 2 2 70
    endloop
  endfacet
  facet normal 0 1 -0
    outer loop
      vertex 17.399 2 22.342
      vertex 2 2 70
      vertex 17.658 2 22.601
    endloop
  endfacet
  facet normal 0 1 -0
    outer loop
      vertex 17.1684 2 22.0572
      vertex 2 2 70
      vertex 17.399 2 22.342
    endloop
  endfacet
  facet normal 0 1 -0
    outer loop
      vertex 16.9689 2 21.75
      vertex 2 2 70
      vertex 17.1684 2 22.0572
    endloop
  endfacet
  facet normal 0 1 -0
    outer loop
      vertex 16.8026 2 21.4236
      vertex 2 2 70
      vertex 16.9689 2 21.75
    endloop
  endfacet
  facet normal 0 1 -0
    outer loop
      vertex 16.6713 2 21.0816
      vertex 2 2 70
      vertex 16.8026 2 21.4236
    endloop
  endfacet
  facet normal 0 1 0
    outer loop
      vertex 2 2 2
      vertex 16.6713 2 21.0816
      vertex 16.5765 2 20.7277
    endloop
  endfacet
  facet normal 0 1 0
    outer loop
      vertex 2 2 2
      vertex 16.5765 2 20.7277
      vertex 16.5192 2 20.3658
    endloop
  endfacet
  facet normal 0 1 0
    outer loop
      vertex 2 2 2
      vertex 16.5192 2 20.3658
      vertex 16.5 2 20
    endloop
  endfacet
  facet normal 0 1 0
    outer loop
      vertex 2 2 2
      vertex 16.5 2 20
      vertex 16.5192 2 19.6341
    endloop
  endfacet
  facet normal 0 1 0
    outer loop
      vertex 2 2 2
      vertex 16.5192 2 19.6341
      vertex 16.5765 2 19.2723
    endloop
  endfacet
  facet normal 0 1 0
    outer loop
      vertex 2 2 2
      vertex 16.5765 2 19.2723
      vertex 16.6713 2 18.9184
    endloop
  endfacet
  facet normal 0 1 0
    outer loop
      vertex 20.3658 2 16.5192
      vertex 2 2 2
      vertex 20 2 16.5
    endloop
  endfacet
  facet normal 0 1 0
    outer loop
      vertex 20 2 16.5
      vertex 2 2 2
      vertex 19.6341 2 16.5192
    endloop
  endfacet
  facet normal 0 1 0
    outer loop
      vertex 16.6713 2 21.0816
      vertex 2 2 2
      vertex 2 2 70
    endloop
  endfacet
  facet normal 0 1 0
    outer loop
      vertex 16.8026 2 18.5764
      vertex 2 2 2
      vertex 16.6713 2 18.9184
    endloop
  endfacet
  facet normal 0 1 0
    outer loop
      vertex 16.9689 2 18.25
      vertex 2 2 2
      vertex 16.8026 2 18.5764
    endloop
  endfacet
  facet normal 0 1 0
    outer loop
      vertex 17.1684 2 17.9428
      vertex 2 2 2
      vertex 16.9689 2 18.25
    endloop
  endfacet
  facet normal 0 1 0
    outer loop
      vertex 17.399 2 17.658
      vertex 2 2 2
      vertex 17.1684 2 17.9428
    endloop
  endfacet
  facet normal 0 1 0
    outer loop
      vertex 17.658 2 17.399
      vertex 2 2 2
      vertex 17.399 2 17.658
    endloop
  endfacet
  facet normal 0 1 0
    outer loop
      vertex 17.9428 2 17.1684
      vertex 2 2 2
      vertex 17.658 2 17.399
    endloop
  endfacet
  facet normal 0 1 0
    outer loop
      vertex 18.25 2 16.9689
      vertex 2 2 2
      vertex 17.9428 2 17.1684
    endloop
  endfacet
  facet normal 0 1 0
    outer loop
      vertex 18.5764 2 16.8026
      vertex 2 2 2
      vertex 18.25 2 16.9689
    endloop
  endfacet
  facet normal 0 1 0
    outer loop
      vertex 18.9184 2 16.6713
      vertex 2 2 2
      vertex 18.5764 2 16.8026
    endloop
  endfacet
  facet normal 0 1 0
    outer loop
      vertex 19.2723 2 16.5765
      vertex 2 2 2
      vertex 18.9184 2 16.6713
    endloop
  endfacet
  facet normal 0 1 0
    outer loop
      vertex 19.6341 2 16.5192
      vertex 2 2 2
      vertex 19.2723 2 16.5765
    endloop
  endfacet
  facet normal 0 0 1
    outer loop
      vertex 60.3224 59.2275 2
      vertex 19.6776 59.2275 2
      vertex 60.4161 58.9832 2
    endloop
  endfacet
  facet normal 0 0 1
    outer loop
      vertex 60.4161 38.2168 2
      vertex 19.7863 37.4613 2
      vertex 19.8 37.2 2
    endloop
  endfacet
  facet normal 0 0 1
    outer loop
      vertex 19.5839 58.9832 2
      vertex 60.4161 58.9832 2
      vertex 19.6776 59.2275 2
    endloop
  endfacet
  facet normal 0 0 1
    outer loop
      vertex 60.4161 38.2168 2
      vertex 19.7454 37.7198 2
      vertex 19.7863 37.4613 2
    endloop
  endfacet
  facet normal 0 0 1
    outer loop
      vertex 60.4161 58.9832 2
      vertex 19.5839 58.9832 2
      vertex 60.4161 38.2168 2
    endloop
  endfacet
  facet normal 0 0 1
    outer loop
      vertex 60.4161 38.2168 2
      vertex 19.6776 37.9725 2
      vertex 19.7454 37.7198 2
    endloop
  endfacet
  facet normal 0 0 1
    outer loop
      vertex 19.5839 38.2168 2
      vertex 60.4161 38.2168 2
      vertex 19.5839 58.9832 2
    endloop
  endfacet
  facet normal 0 0 1
    outer loop
      vertex 60.4161 38.2168 2
      vertex 19.5839 38.2168 2
      vertex 19.6776 37.9725 2
    endloop
  endfacet
  facet normal -0 0 1
    outer loop
      vertex 19.4651 58.75 2
      vertex 19.5839 38.2168 2
      vertex 19.5839 58.9832 2
    endloop
  endfacet
  facet normal 0 0 1
    outer loop
      vertex 19.4651 58.75 2
      vertex 19.4651 38.45 2
      vertex 19.5839 38.2168 2
    endloop
  endfacet
  facet normal -0 0 1
    outer loop
      vertex 19.3225 58.5305 2
      vertex 19.4651 38.45 2
      vertex 19.4651 58.75 2
    endloop
  endfacet
  facet normal 0 0 1
    outer loop
      vertex 19.3225 58.5305 2
      vertex 19.3225 38.6695 2
      vertex 19.4651 38.45 2
    endloop
  endfacet
  facet normal -0 0 1
    outer loop
      vertex 19.1579 58.3272 2
      vertex 19.3225 38.6695 2
      vertex 19.3225 58.5305 2
    endloop
  endfacet
  facet normal 0 0 1
    outer loop
      vertex 19.1579 58.3272 2
      vertex 19.1579 38.8728 2
      vertex 19.3225 38.6695 2
    endloop
  endfacet
  facet normal -0 0 1
    outer loop
      vertex 18.9728 58.1421 2
      vertex 19.1579 38.8728 2
      vertex 19.1579 58.3272 2
    endloop
  endfacet
  facet normal 0 0 1
    outer loop
      vertex 18.9728 58.1421 2
      vertex 18.9728 39.0579 2
      vertex 19.1579 38.8728 2
    endloop
  endfacet
  facet normal -0 0 1
    outer loop
      vertex 18.7695 57.9775 2
      vertex 18.9728 39.0579 2
      vertex 18.9728 58.1421 2
    endloop
  endfacet
  facet normal 0 0 1
    outer loop
      vertex 18.7695 57.9775 2
      vertex 18.7695 39.2225 2
      vertex 18.9728 39.0579 2
    endloop
  endfacet
  facet normal -0 0 1
    outer loop
      vertex 18.55 57.8349 2
      vertex 18.7695 39.2225 2
      vertex 18.7695 57.9775 2
    endloop
  endfacet
  facet normal 0 0 1
    outer loop
      vertex 18.55 57.8349 2
      vertex 18.55 39.3651 2
      vertex 18.7695 39.2225 2
    endloop
  endfacet
  facet normal -0 0 1
    outer loop
      vertex 18.3168 57.7161 2
      vertex 18.55 39.3651 2
      vertex 18.55 57.8349 2
    endloop
  endfacet
  facet normal 0 0 1
    outer loop
      vertex 18.3168 57.7161 2
      vertex 18.3168 39.4839 2
      vertex 18.55 39.3651 2
    endloop
  endfacet
  facet normal -0 0 1
    outer loop
      vertex 18.0725 57.6224 2
      vertex 18.3168 39.4839 2
      vertex 18.3168 57.7161 2
    endloop
  endfacet
  facet normal 0 0 1
    outer loop
      vertex 18.0725 57.6224 2
      vertex 18.0725 39.5776 2
      vertex 18.3168 39.4839 2
    endloop
  endfacet
  facet normal -0 0 1
    outer loop
      vertex 17.8198 57.5546 2
      vertex 18.0725 39.5776 2
      vertex 18.0725 57.6224 2
    endloop
  endfacet
  facet normal 0 0 1
    outer loop
      vertex 17.8198 57.5546 2
      vertex 17.8198 39.6454 2
      vertex 18.0725 39.5776 2
    endloop
  endfacet
  facet normal -0 0 1
    outer loop
      vertex 17.5613 57.5137 2
      vertex 17.8198 39.6454 2
      vertex 17.8198 57.5546 2
    endloop
  endfacet
  facet normal 0 0 1
    outer loop
      vertex 17.5613 57.5137 2
      vertex 17.5613 39.6863 2
      vertex 17.8198 39.6454 2
    endloop
  endfacet
  facet normal -0 0 1
    outer loop
      vertex 17.3 57.5 2
      vertex 17.5613 39.6863 2
      vertex 17.5613 57.5137 2
    endloop
  endfacet
  facet normal 0 0 1
    outer loop
      vertex 17.3 57.5 2
      vertex 17.3 39.7 2
      vertex 17.5613 39.6863 2
    endloop
  endfacet
  facet normal 0 0 1
    outer loop
      vertex 17.0387 57.5137 2
      vertex 17.3 39.7 2
      vertex 17.3 57.5 2
    endloop
  endfacet
  facet normal 0 0 1
    outer loop
      vertex 17.0387 57.5137 2
      vertex 17.0387 39.6863 2
      vertex 17.3 39.7 2
    endloop
  endfacet
  facet normal 0 0 1
    outer loop
      vertex 16.7802 57.5546 2
      vertex 17.0387 39.6863 2
      vertex 17.0387 57.5137 2
    endloop
  endfacet
  facet normal 0 0 1
    outer loop
      vertex 16.7802 57.5546 2
      vertex 16.7802 39.6454 2
      vertex 17.0387 39.6863 2
    endloop
  endfacet
  facet normal 0 0 1
    outer loop
      vertex 16.5275 57.6224 2
      vertex 16.7802 39.6454 2
      vertex 16.7802 57.5546 2
    endloop
  endfacet
  facet normal 0 0 1
    outer loop
      vertex 16.5275 57.6224 2
      vertex 16.5275 39.5776 2
      vertex 16.7802 39.6454 2
    endloop
  endfacet
  facet normal 0 0 1
    outer loop
      vertex 16.2832 57.7161 2
      vertex 16.5275 39.5776 2
      vertex 16.5275 57.6224 2
    endloop
  endfacet
  facet normal 0 0 1
    outer loop
      vertex 16.2832 57.7161 2
      vertex 16.2832 39.4839 2
      vertex 16.5275 39.5776 2
    endloop
  endfacet
  facet normal 0 0 1
    outer loop
      vertex 16.05 57.8349 2
      vertex 16.2832 39.4839 2
      vertex 16.2832 57.7161 2
    endloop
  endfacet
  facet normal 0 0 1
    outer loop
      vertex 16.05 57.8349 2
      vertex 16.05 39.3651 2
      vertex 16.2832 39.4839 2
    endloop
  endfacet
  facet normal 0 0 1
    outer loop
      vertex 15.8305 57.9775 2
      vertex 16.05 39.3651 2
      vertex 16.05 57.8349 2
    endloop
  endfacet
  facet normal 0 0 1
    outer loop
      vertex 15.8305 57.9775 2
      vertex 15.8305 39.2225 2
      vertex 16.05 39.3651 2
    endloop
  endfacet
  facet normal 0 0 1
    outer loop
      vertex 15.6272 58.1421 2
      vertex 15.8305 39.2225 2
      vertex 15.8305 57.9775 2
    endloop
  endfacet
  facet normal 0 0 1
    outer loop
      vertex 15.6272 58.1421 2
      vertex 15.6272 39.0579 2
      vertex 15.8305 39.2225 2
    endloop
  endfacet
  facet normal 0 0 1
    outer loop
      vertex 15.4421 58.3272 2
      vertex 15.6272 39.0579 2
      vertex 15.6272 58.1421 2
    endloop
  endfacet
  facet normal 0 0 1
    outer loop
      vertex 15.4421 58.3272 2
      vertex 15.4421 38.8728 2
      vertex 15.6272 39.0579 2
    endloop
  endfacet
  facet normal 0 0 1
    outer loop
      vertex 2 63 2
      vertex 15.4421 58.3272 2
      vertex 15.2775 58.5305 2
    endloop
  endfacet
  facet normal 0 0 1
    outer loop
      vertex 15.4421 58.3272 2
      vertex 2 63 2
      vertex 15.4421 38.8728 2
    endloop
  endfacet
  facet normal 0 0 1
    outer loop
      vertex 2 63 2
      vertex 15.2775 58.5305 2
      vertex 15.1349 58.75 2
    endloop
  endfacet
  facet normal 0 0 1
    outer loop
      vertex 15.4421 38.8728 2
      vertex 2 63 2
      vertex 15.2775 38.6695 2
    endloop
  endfacet
  facet normal 0 0 1
    outer loop
      vertex 2 63 2
      vertex 15.1349 58.75 2
      vertex 15.0161 58.9832 2
    endloop
  endfacet
  facet normal 0 0 1
    outer loop
      vertex 15.2775 38.6695 2
      vertex 2 63 2
      vertex 15.1349 38.45 2
    endloop
  endfacet
  facet normal 0 0 1
    outer loop
      vertex 2 63 2
      vertex 15.0161 58.9832 2
      vertex 14.9224 59.2275 2
    endloop
  endfacet
  facet normal 0 0 1
    outer loop
      vertex 15.1349 38.45 2
      vertex 2 63 2
      vertex 15.0161 38.2168 2
    endloop
  endfacet
  facet normal 0 0 1
    outer loop
      vertex 2 63 2
      vertex 14.9224 59.2275 2
      vertex 14.8546 59.4802 2
    endloop
  endfacet
  facet normal 0 0 1
    outer loop
      vertex 15.0161 38.2168 2
      vertex 2 63 2
      vertex 14.9224 37.9725 2
    endloop
  endfacet
  facet normal 0 0 1
    outer loop
      vertex 2 63 2
      vertex 14.8546 59.4802 2
      vertex 14.8137 59.7387 2
    endloop
  endfacet
  facet normal 0 0 1
    outer loop
      vertex 14.9224 37.9725 2
      vertex 2 63 2
      vertex 14.8546 37.7198 2
    endloop
  endfacet
  facet normal 0 0 1
    outer loop
      vertex 2 63 2
      vertex 14.8137 59.7387 2
      vertex 14.8 60 2
    endloop
  endfacet
  facet normal 0 0 1
    outer loop
      vertex 14.8546 37.7198 2
      vertex 2 63 2
      vertex 14.8137 37.4613 2
    endloop
  endfacet
  facet normal 0 0 1
    outer loop
      vertex 65.0776 59.2275 2
      vertex 76 63 2
      vertex 65.1454 59.4802 2
    endloop
  endfacet
  facet normal 0 0 1
    outer loop
      vertex 78 61 2
      vertex 65.1863 37.4613 2
      vertex 65.2 37.2 2
    endloop
  endfacet
  facet normal 0 0 1
    outer loop
      vertex 76 63 2
      vertex 65.0776 59.2275 2
      vertex 78 61 2
    endloop
  endfacet
  facet normal 0 0 1
    outer loop
      vertex 78 61 2
      vertex 65.1454 37.7198 2
      vertex 65.1863 37.4613 2
    endloop
  endfacet
  facet normal 0 0 1
    outer loop
      vertex 64.9839 58.9832 2
      vertex 78 61 2
      vertex 65.0776 59.2275 2
    endloop
  endfacet
  facet normal 0 0 1
    outer loop
      vertex 78 61 2
      vertex 65.0776 37.9725 2
      vertex 65.1454 37.7198 2
    endloop
  endfacet
  facet normal 0 0 1
    outer loop
      vertex 64.8651 58.75 2
      vertex 78 61 2
      vertex 64.9839 58.9832 2
    endloop
  endfacet
  facet normal 0 0 1
    outer loop
      vertex 78 61 2
      vertex 64.9839 38.2168 2
      vertex 65.0776 37.9725 2
    endloop
  endfacet
  facet normal 0 0 1
    outer loop
      vertex 64.7225 58.5305 2
      vertex 78 61 2
      vertex 64.8651 58.75 2
    endloop
  endfacet
  facet normal 0 0 1
    outer loop
      vertex 78 61 2
      vertex 64.8651 38.45 2
      vertex 64.9839 38.2168 2
    endloop
  endfacet
  facet normal 0 0 1
    outer loop
      vertex 64.5579 58.3272 2
      vertex 78 61 2
      vertex 64.7225 58.5305 2
    endloop
  endfacet
  facet normal 0 0 1
    outer loop
      vertex 78 61 2
      vertex 64.7225 38.6695 2
      vertex 64.8651 38.45 2
    endloop
  endfacet
  facet normal 0 0 1
    outer loop
      vertex 64.3728 58.1421 2
      vertex 78 61 2
      vertex 64.5579 58.3272 2
    endloop
  endfacet
  facet normal 0 0 1
    outer loop
      vertex 78 61 2
      vertex 64.5579 38.8728 2
      vertex 64.7225 38.6695 2
    endloop
  endfacet
  facet normal 0 0 1
    outer loop
      vertex 64.3728 39.0579 2
      vertex 78 61 2
      vertex 64.3728 58.1421 2
    endloop
  endfacet
  facet normal 0 0 1
    outer loop
      vertex 78 61 2
      vertex 64.3728 39.0579 2
      vertex 64.5579 38.8728 2
    endloop
  endfacet
  facet normal -0 0 1
    outer loop
      vertex 64.1695 57.9775 2
      vertex 64.3728 39.0579 2
      vertex 64.3728 58.1421 2
    endloop
  endfacet
  facet normal 0 0 1
    outer loop
      vertex 64.1695 57.9775 2
      vertex 64.1695 39.2225 2
      vertex 64.3728 39.0579 2
    endloop
  endfacet
  facet normal -0 0 1
    outer loop
      vertex 63.95 57.8349 2
      vertex 64.1695 39.2225 2
      vertex 64.1695 57.9775 2
    endloop
  endfacet
  facet normal 0 0 1
    outer loop
      vertex 63.95 57.8349 2
      vertex 63.95 39.3651 2
      vertex 64.1695 39.2225 2
    endloop
  endfacet
  facet normal -0 0 1
    outer loop
      vertex 63.7168 57.7161 2
      vertex 63.95 39.3651 2
      vertex 63.95 57.8349 2
    endloop
  endfacet
  facet normal 0 0 1
    outer loop
      vertex 63.7168 57.7161 2
      vertex 63.7168 39.4839 2
      vertex 63.95 39.3651 2
    endloop
  endfacet
  facet normal -0 0 1
    outer loop
      vertex 63.4725 57.6224 2
      vertex 63.7168 39.4839 2
      vertex 63.7168 57.7161 2
    endloop
  endfacet
  facet normal 0 0 1
    outer loop
      vertex 63.4725 57.6224 2
      vertex 63.4725 39.5776 2
      vertex 63.7168 39.4839 2
    endloop
  endfacet
  facet normal -0 0 1
    outer loop
      vertex 63.2198 57.5546 2
      vertex 63.4725 39.5776 2
      vertex 63.4725 57.6224 2
    endloop
  endfacet
  facet normal 0 0 1
    outer loop
      vertex 63.2198 57.5546 2
      vertex 63.2198 39.6454 2
      vertex 63.4725 39.5776 2
    endloop
  endfacet
  facet normal -0 0 1
    outer loop
      vertex 62.9613 57.5137 2
      vertex 63.2198 39.6454 2
      vertex 63.2198 57.5546 2
    endloop
  endfacet
  facet normal 0 0 1
    outer loop
      vertex 62.9613 57.5137 2
      vertex 62.9613 39.6863 2
      vertex 63.2198 39.6454 2
    endloop
  endfacet
  facet normal -0 0 1
    outer loop
      vertex 62.7 57.5 2
      vertex 62.9613 39.6863 2
      vertex 62.9613 57.5137 2
    endloop
  endfacet
  facet normal 0 0 1
    outer loop
      vertex 62.7 57.5 2
      vertex 62.7 39.7 2
      vertex 62.9613 39.6863 2
    endloop
  endfacet
  facet normal 0 0 1
    outer loop
      vertex 62.4387 57.5137 2
      vertex 62.7 39.7 2
      vertex 62.7 57.5 2
    endloop
  endfacet
  facet normal 0 0 1
    outer loop
      vertex 62.4387 57.5137 2
      vertex 62.4387 39.6863 2
      vertex 62.7 39.7 2
    endloop
  endfacet
  facet normal 0 0 1
    outer loop
      vertex 62.1802 57.5546 2
      vertex 62.4387 39.6863 2
      vertex 62.4387 57.5137 2
    endloop
  endfacet
  facet normal 0 0 1
    outer loop
      vertex 62.1802 57.5546 2
      vertex 62.1802 39.6454 2
      vertex 62.4387 39.6863 2
    endloop
  endfacet
  facet normal 0 0 1
    outer loop
      vertex 61.9275 57.6224 2
      vertex 62.1802 39.6454 2
      vertex 62.1802 57.5546 2
    endloop
  endfacet
  facet normal 0 0 1
    outer loop
      vertex 61.9275 57.6224 2
      vertex 61.9275 39.5776 2
      vertex 62.1802 39.6454 2
    endloop
  endfacet
  facet normal 0 0 1
    outer loop
      vertex 61.6832 57.7161 2
      vertex 61.9275 39.5776 2
      vertex 61.9275 57.6224 2
    endloop
  endfacet
  facet normal 0 0 1
    outer loop
      vertex 61.6832 57.7161 2
      vertex 61.6832 39.4839 2
      vertex 61.9275 39.5776 2
    endloop
  endfacet
  facet normal 0 0 1
    outer loop
      vertex 61.45 57.8349 2
      vertex 61.6832 39.4839 2
      vertex 61.6832 57.7161 2
    endloop
  endfacet
  facet normal 0 0 1
    outer loop
      vertex 61.45 57.8349 2
      vertex 61.45 39.3651 2
      vertex 61.6832 39.4839 2
    endloop
  endfacet
  facet normal 0 0 1
    outer loop
      vertex 61.2305 57.9775 2
      vertex 61.45 39.3651 2
      vertex 61.45 57.8349 2
    endloop
  endfacet
  facet normal 0 0 1
    outer loop
      vertex 61.2305 57.9775 2
      vertex 61.2305 39.2225 2
      vertex 61.45 39.3651 2
    endloop
  endfacet
  facet normal 0 0 1
    outer loop
      vertex 61.0272 58.1421 2
      vertex 61.2305 39.2225 2
      vertex 61.2305 57.9775 2
    endloop
  endfacet
  facet normal 0 0 1
    outer loop
      vertex 61.0272 58.1421 2
      vertex 61.0272 39.0579 2
      vertex 61.2305 39.2225 2
    endloop
  endfacet
  facet normal 0 0 1
    outer loop
      vertex 60.8421 58.3272 2
      vertex 61.0272 39.0579 2
      vertex 61.0272 58.1421 2
    endloop
  endfacet
  facet normal 0 0 1
    outer loop
      vertex 60.8421 58.3272 2
      vertex 60.8421 38.8728 2
      vertex 61.0272 39.0579 2
    endloop
  endfacet
  facet normal 0 0 1
    outer loop
      vertex 60.6775 58.5305 2
      vertex 60.8421 38.8728 2
      vertex 60.8421 58.3272 2
    endloop
  endfacet
  facet normal 0 0 1
    outer loop
      vertex 60.6775 58.5305 2
      vertex 60.6775 38.6695 2
      vertex 60.8421 38.8728 2
    endloop
  endfacet
  facet normal 0 0 1
    outer loop
      vertex 60.5349 58.75 2
      vertex 60.6775 38.6695 2
      vertex 60.6775 58.5305 2
    endloop
  endfacet
  facet normal 0 0 1
    outer loop
      vertex 60.5349 58.75 2
      vertex 60.5349 38.45 2
      vertex 60.6775 38.6695 2
    endloop
  endfacet
  facet normal 0 0 1
    outer loop
      vertex 60.4161 58.9832 2
      vertex 60.5349 38.45 2
      vertex 60.5349 58.75 2
    endloop
  endfacet
  facet normal 0 0 1
    outer loop
      vertex 60.4161 58.9832 2
      vertex 60.4161 38.2168 2
      vertex 60.5349 38.45 2
    endloop
  endfacet
  facet normal 0 0 1
    outer loop
      vertex 19.7454 59.4802 2
      vertex 60.2546 59.4802 2
      vertex 19.7863 59.7387 2
    endloop
  endfacet
  facet normal 0 0 1
    outer loop
      vertex 60.2546 59.4802 2
      vertex 19.7454 59.4802 2
      vertex 60.3224 59.2275 2
    endloop
  endfacet
  facet normal 0 0 1
    outer loop
      vertex 60.2137 59.7387 2
      vertex 19.7863 59.7387 2
      vertex 60.2546 59.4802 2
    endloop
  endfacet
  facet normal 0 0 1
    outer loop
      vertex 19.6776 59.2275 2
      vertex 60.3224 59.2275 2
      vertex 19.7454 59.4802 2
    endloop
  endfacet
  facet normal 0 0 1
    outer loop
      vertex 19.7863 59.7387 2
      vertex 60.2137 59.7387 2
      vertex 19.8 60 2
    endloop
  endfacet
  facet normal 0 0 1
    outer loop
      vertex 60.4161 38.2168 2
      vertex 19.8 37.2 2
      vertex 60.3224 37.9725 2
    endloop
  endfacet
  facet normal -0 0 1
    outer loop
      vertex 19.8 60 2
      vertex 60.2137 59.7387 2
      vertex 60.2 60 2
    endloop
  endfacet
  facet normal 0 0 1
    outer loop
      vertex 60.3224 37.9725 2
      vertex 19.8 37.2 2
      vertex 60.2546 37.7198 2
    endloop
  endfacet
  facet normal 0 0 1
    outer loop
      vertex 76 63 2
      vertex 65.1863 60.2613 2
      vertex 65.2 60 2
    endloop
  endfacet
  facet normal 0 0 1
    outer loop
      vertex 76 63 2
      vertex 65.1454 60.5198 2
      vertex 65.1863 60.2613 2
    endloop
  endfacet
  facet normal 0 0 1
    outer loop
      vertex 76 63 2
      vertex 65.0776 60.7725 2
      vertex 65.1454 60.5198 2
    endloop
  endfacet
  facet normal 0 0 1
    outer loop
      vertex 76 63 2
      vertex 64.9839 61.0168 2
      vertex 65.0776 60.7725 2
    endloop
  endfacet
  facet normal 0 0 1
    outer loop
      vertex 76 63 2
      vertex 64.8651 61.25 2
      vertex 64.9839 61.0168 2
    endloop
  endfacet
  facet normal 0 0 1
    outer loop
      vertex 76 63 2
      vertex 64.7225 61.4695 2
      vertex 64.8651 61.25 2
    endloop
  endfacet
  facet normal 0 0 1
    outer loop
      vertex 76 63 2
      vertex 64.5579 61.6728 2
      vertex 64.7225 61.4695 2
    endloop
  endfacet
  facet normal 0 0 1
    outer loop
      vertex 76 63 2
      vertex 64.3728 61.8579 2
      vertex 64.5579 61.6728 2
    endloop
  endfacet
  facet normal 0 0 1
    outer loop
      vertex 76 63 2
      vertex 64.1695 62.0225 2
      vertex 64.3728 61.8579 2
    endloop
  endfacet
  facet normal 0 0 1
    outer loop
      vertex 76 63 2
      vertex 63.95 62.1651 2
      vertex 64.1695 62.0225 2
    endloop
  endfacet
  facet normal 0 0 1
    outer loop
      vertex 76 63 2
      vertex 63.7168 62.2839 2
      vertex 63.95 62.1651 2
    endloop
  endfacet
  facet normal 0 0 1
    outer loop
      vertex 76 63 2
      vertex 63.4725 62.3776 2
      vertex 63.7168 62.2839 2
    endloop
  endfacet
  facet normal 0 0 1
    outer loop
      vertex 76 63 2
      vertex 63.2198 62.4454 2
      vertex 63.4725 62.3776 2
    endloop
  endfacet
  facet normal 0 0 1
    outer loop
      vertex 76 63 2
      vertex 62.9613 62.4863 2
      vertex 63.2198 62.4454 2
    endloop
  endfacet
  facet normal 0 0 1
    outer loop
      vertex 76 63 2
      vertex 62.7 62.5 2
      vertex 62.9613 62.4863 2
    endloop
  endfacet
  facet normal 0 0 1
    outer loop
      vertex 60.2546 37.7198 2
      vertex 19.8 37.2 2
      vertex 60.2137 37.4613 2
    endloop
  endfacet
  facet normal 0 0 1
    outer loop
      vertex 60.2137 60.2613 2
      vertex 19.8 60 2
      vertex 60.2 60 2
    endloop
  endfacet
  facet normal 0 0 1
    outer loop
      vertex 19.7863 60.2613 2
      vertex 60.2137 60.2613 2
      vertex 60.2546 60.5198 2
    endloop
  endfacet
  facet normal 0 0 1
    outer loop
      vertex 19.7454 60.5198 2
      vertex 60.2546 60.5198 2
      vertex 60.3224 60.7725 2
    endloop
  endfacet
  facet normal 0 0 1
    outer loop
      vertex 19.6776 60.7725 2
      vertex 60.3224 60.7725 2
      vertex 60.4161 61.0168 2
    endloop
  endfacet
  facet normal 0 0 1
    outer loop
      vertex 19.5839 61.0168 2
      vertex 60.4161 61.0168 2
      vertex 60.5349 61.25 2
    endloop
  endfacet
  facet normal 0 0 1
    outer loop
      vertex 19.4651 61.25 2
      vertex 60.5349 61.25 2
      vertex 60.6775 61.4695 2
    endloop
  endfacet
  facet normal 0 0 1
    outer loop
      vertex 19.3225 61.4695 2
      vertex 60.6775 61.4695 2
      vertex 60.8421 61.6728 2
    endloop
  endfacet
  facet normal 0 0 1
    outer loop
      vertex 19.1579 61.6728 2
      vertex 60.8421 61.6728 2
      vertex 61.0272 61.8579 2
    endloop
  endfacet
  facet normal 0 0 1
    outer loop
      vertex 18.9728 61.8579 2
      vertex 61.0272 61.8579 2
      vertex 61.2305 62.0225 2
    endloop
  endfacet
  facet normal 0 0 1
    outer loop
      vertex 18.7695 62.0225 2
      vertex 61.2305 62.0225 2
      vertex 61.45 62.1651 2
    endloop
  endfacet
  facet normal 0 0 1
    outer loop
      vertex 18.55 62.1651 2
      vertex 61.45 62.1651 2
      vertex 61.6832 62.2839 2
    endloop
  endfacet
  facet normal 0 0 1
    outer loop
      vertex 18.3168 62.2839 2
      vertex 61.6832 62.2839 2
      vertex 61.9275 62.3776 2
    endloop
  endfacet
  facet normal 0 0 1
    outer loop
      vertex 18.0725 62.3776 2
      vertex 61.9275 62.3776 2
      vertex 62.1802 62.4454 2
    endloop
  endfacet
  facet normal 0 0 1
    outer loop
      vertex 17.8198 62.4454 2
      vertex 62.1802 62.4454 2
      vertex 62.4387 62.4863 2
    endloop
  endfacet
  facet normal 0 0 1
    outer loop
      vertex 60.2137 60.2613 2
      vertex 19.7863 60.2613 2
      vertex 19.8 60 2
    endloop
  endfacet
  facet normal 0 0 1
    outer loop
      vertex 17.5613 62.4863 2
      vertex 62.4387 62.4863 2
      vertex 62.7 62.5 2
    endloop
  endfacet
  facet normal 0 0 1
    outer loop
      vertex 60.2546 60.5198 2
      vertex 19.7454 60.5198 2
      vertex 19.7863 60.2613 2
    endloop
  endfacet
  facet normal 0 0 1
    outer loop
      vertex 60.3224 60.7725 2
      vertex 19.6776 60.7725 2
      vertex 19.7454 60.5198 2
    endloop
  endfacet
  facet normal 0 0 1
    outer loop
      vertex 60.4161 61.0168 2
      vertex 19.5839 61.0168 2
      vertex 19.6776 60.7725 2
    endloop
  endfacet
  facet normal 0 0 1
    outer loop
      vertex 17.3 62.5 2
      vertex 62.7 62.5 2
      vertex 76 63 2
    endloop
  endfacet
  facet normal 0 0 1
    outer loop
      vertex 60.5349 61.25 2
      vertex 19.4651 61.25 2
      vertex 19.5839 61.0168 2
    endloop
  endfacet
  facet normal 0 0 1
    outer loop
      vertex 60.6775 61.4695 2
      vertex 19.3225 61.4695 2
      vertex 19.4651 61.25 2
    endloop
  endfacet
  facet normal 0 0 1
    outer loop
      vertex 60.8421 61.6728 2
      vertex 19.1579 61.6728 2
      vertex 19.3225 61.4695 2
    endloop
  endfacet
  facet normal 0 0 1
    outer loop
      vertex 61.0272 61.8579 2
      vertex 18.9728 61.8579 2
      vertex 19.1579 61.6728 2
    endloop
  endfacet
  facet normal 0 0 1
    outer loop
      vertex 61.2305 62.0225 2
      vertex 18.7695 62.0225 2
      vertex 18.9728 61.8579 2
    endloop
  endfacet
  facet normal 0 0 1
    outer loop
      vertex 61.45 62.1651 2
      vertex 18.55 62.1651 2
      vertex 18.7695 62.0225 2
    endloop
  endfacet
  facet normal 0 0 1
    outer loop
      vertex 61.6832 62.2839 2
      vertex 18.3168 62.2839 2
      vertex 18.55 62.1651 2
    endloop
  endfacet
  facet normal 0 0 1
    outer loop
      vertex 61.9275 62.3776 2
      vertex 18.0725 62.3776 2
      vertex 18.3168 62.2839 2
    endloop
  endfacet
  facet normal 0 0 1
    outer loop
      vertex 62.1802 62.4454 2
      vertex 17.8198 62.4454 2
      vertex 18.0725 62.3776 2
    endloop
  endfacet
  facet normal 0 0 1
    outer loop
      vertex 62.4387 62.4863 2
      vertex 17.5613 62.4863 2
      vertex 17.8198 62.4454 2
    endloop
  endfacet
  facet normal 0 0 1
    outer loop
      vertex 62.7 62.5 2
      vertex 17.3 62.5 2
      vertex 17.5613 62.4863 2
    endloop
  endfacet
  facet normal 0 0 1
    outer loop
      vertex 14.8137 37.4613 2
      vertex 2 63 2
      vertex 14.8 37.2 2
    endloop
  endfacet
  facet normal 0 0 1
    outer loop
      vertex 14.8137 60.2613 2
      vertex 2 63 2
      vertex 14.8 60 2
    endloop
  endfacet
  facet normal 0 0 1
    outer loop
      vertex 14.8546 60.5198 2
      vertex 2 63 2
      vertex 14.8137 60.2613 2
    endloop
  endfacet
  facet normal 0 0 1
    outer loop
      vertex 14.9224 60.7725 2
      vertex 2 63 2
      vertex 14.8546 60.5198 2
    endloop
  endfacet
  facet normal 0 0 1
    outer loop
      vertex 15.0161 61.0168 2
      vertex 2 63 2
      vertex 14.9224 60.7725 2
    endloop
  endfacet
  facet normal 0 0 1
    outer loop
      vertex 15.1349 61.25 2
      vertex 2 63 2
      vertex 15.0161 61.0168 2
    endloop
  endfacet
  facet normal 0 0 1
    outer loop
      vertex 15.2775 61.4695 2
      vertex 2 63 2
      vertex 15.1349 61.25 2
    endloop
  endfacet
  facet normal 0 0 1
    outer loop
      vertex 15.4421 61.6728 2
      vertex 2 63 2
      vertex 15.2775 61.4695 2
    endloop
  endfacet
  facet normal 0 0 1
    outer loop
      vertex 15.6272 61.8579 2
      vertex 2 63 2
      vertex 15.4421 61.6728 2
    endloop
  endfacet
  facet normal 0 0 1
    outer loop
      vertex 15.8305 62.0225 2
      vertex 2 63 2
      vertex 15.6272 61.8579 2
    endloop
  endfacet
  facet normal 0 0 1
    outer loop
      vertex 16.05 62.1651 2
      vertex 2 63 2
      vertex 15.8305 62.0225 2
    endloop
  endfacet
  facet normal 0 0 1
    outer loop
      vertex 16.2832 62.2839 2
      vertex 2 63 2
      vertex 16.05 62.1651 2
    endloop
  endfacet
  facet normal 0 0 1
    outer loop
      vertex 16.5275 62.3776 2
      vertex 2 63 2
      vertex 16.2832 62.2839 2
    endloop
  endfacet
  facet normal 0 0 1
    outer loop
      vertex 16.7802 62.4454 2
      vertex 2 63 2
      vertex 16.5275 62.3776 2
    endloop
  endfacet
  facet normal 0 0 1
    outer loop
      vertex 17.0387 62.4863 2
      vertex 2 63 2
      vertex 16.7802 62.4454 2
    endloop
  endfacet
  facet normal 0 0 1
    outer loop
      vertex 17.3 62.5 2
      vertex 2 63 2
      vertex 17.0387 62.4863 2
    endloop
  endfacet
  facet normal -0 0 1
    outer loop
      vertex 2 63 2
      vertex 17.3 62.5 2
      vertex 76 63 2
    endloop
  endfacet
  facet normal 0 0 1
    outer loop
      vertex 76 63 2
      vertex 78 61 2
      vertex 77.989 61.2091 2
    endloop
  endfacet
  facet normal 0 0 1
    outer loop
      vertex 76 63 2
      vertex 77.989 61.2091 2
      vertex 77.9563 61.4158 2
    endloop
  endfacet
  facet normal 0 0 1
    outer loop
      vertex 76 63 2
      vertex 77.9563 61.4158 2
      vertex 77.9021 61.618 2
    endloop
  endfacet
  facet normal 0 0 1
    outer loop
      vertex 76 63 2
      vertex 77.9021 61.618 2
      vertex 77.8271 61.8135 2
    endloop
  endfacet
  facet normal 0 0 1
    outer loop
      vertex 76 63 2
      vertex 77.8271 61.8135 2
      vertex 77.732 62 2
    endloop
  endfacet
  facet normal 0 0 1
    outer loop
      vertex 76 63 2
      vertex 77.732 62 2
      vertex 77.618 62.1756 2
    endloop
  endfacet
  facet normal 0 0 1
    outer loop
      vertex 76 63 2
      vertex 77.618 62.1756 2
      vertex 77.4863 62.3383 2
    endloop
  endfacet
  facet normal 0 0 1
    outer loop
      vertex 76 63 2
      vertex 77.4863 62.3383 2
      vertex 77.3383 62.4863 2
    endloop
  endfacet
  facet normal 0 0 1
    outer loop
      vertex 76 63 2
      vertex 77.3383 62.4863 2
      vertex 77.1756 62.618 2
    endloop
  endfacet
  facet normal 0 0 1
    outer loop
      vertex 76 63 2
      vertex 77.1756 62.618 2
      vertex 77 62.732 2
    endloop
  endfacet
  facet normal 0 0 1
    outer loop
      vertex 76 63 2
      vertex 77 62.732 2
      vertex 76.8135 62.8271 2
    endloop
  endfacet
  facet normal 0 0 1
    outer loop
      vertex 76 63 2
      vertex 76.8135 62.8271 2
      vertex 76.618 62.9021 2
    endloop
  endfacet
  facet normal 0 0 1
    outer loop
      vertex 76 63 2
      vertex 76.618 62.9021 2
      vertex 76.4158 62.9563 2
    endloop
  endfacet
  facet normal 0 0 1
    outer loop
      vertex 76 63 2
      vertex 76.4158 62.9563 2
      vertex 76.2091 62.989 2
    endloop
  endfacet
  facet normal 0 0 1
    outer loop
      vertex 65.1863 59.7387 2
      vertex 76 63 2
      vertex 65.2 60 2
    endloop
  endfacet
  facet normal 0 0 1
    outer loop
      vertex 65.1454 59.4802 2
      vertex 76 63 2
      vertex 65.1863 59.7387 2
    endloop
  endfacet
  facet normal 0 0 1
    outer loop
      vertex 78 61 2
      vertex 65.2 37.2 2
      vertex 65.1863 36.9387 2
    endloop
  endfacet
  facet normal 0 0 1
    outer loop
      vertex 78 61 2
      vertex 65.1863 36.9387 2
      vertex 78 2 2
    endloop
  endfacet
  facet normal -0 0 1
    outer loop
      vertex 65.1454 36.6802 2
      vertex 78 2 2
      vertex 65.1863 36.9387 2
    endloop
  endfacet
  facet normal -0 0 1
    outer loop
      vertex 65.0776 36.4275 2
      vertex 78 2 2
      vertex 65.1454 36.6802 2
    endloop
  endfacet
  facet normal -0 0 1
    outer loop
      vertex 64.9839 36.1832 2
      vertex 78 2 2
      vertex 65.0776 36.4275 2
    endloop
  endfacet
  facet normal -0 0 1
    outer loop
      vertex 64.8651 35.95 2
      vertex 78 2 2
      vertex 64.9839 36.1832 2
    endloop
  endfacet
  facet normal -0 0 1
    outer loop
      vertex 64.7225 35.7305 2
      vertex 78 2 2
      vertex 64.8651 35.95 2
    endloop
  endfacet
  facet normal -0 0 1
    outer loop
      vertex 64.5579 35.5272 2
      vertex 78 2 2
      vertex 64.7225 35.7305 2
    endloop
  endfacet
  facet normal -0 0 1
    outer loop
      vertex 64.3728 35.3421 2
      vertex 78 2 2
      vertex 64.5579 35.5272 2
    endloop
  endfacet
  facet normal -0 0 1
    outer loop
      vertex 64.1695 35.1775 2
      vertex 78 2 2
      vertex 64.3728 35.3421 2
    endloop
  endfacet
  facet normal -0 0 1
    outer loop
      vertex 63.95 35.0349 2
      vertex 78 2 2
      vertex 64.1695 35.1775 2
    endloop
  endfacet
  facet normal -0 0 1
    outer loop
      vertex 63.7168 34.9161 2
      vertex 78 2 2
      vertex 63.95 35.0349 2
    endloop
  endfacet
  facet normal -0 0 1
    outer loop
      vertex 63.4725 34.8224 2
      vertex 78 2 2
      vertex 63.7168 34.9161 2
    endloop
  endfacet
  facet normal -0 0 1
    outer loop
      vertex 63.2198 34.7546 2
      vertex 78 2 2
      vertex 63.4725 34.8224 2
    endloop
  endfacet
  facet normal -0 0 1
    outer loop
      vertex 62.9613 34.7137 2
      vertex 78 2 2
      vertex 63.2198 34.7546 2
    endloop
  endfacet
  facet normal -0 0 1
    outer loop
      vertex 62.7 34.7 2
      vertex 78 2 2
      vertex 62.9613 34.7137 2
    endloop
  endfacet
  facet normal 0 0 1
    outer loop
      vertex 62.4387 34.7137 2
      vertex 78 2 2
      vertex 62.7 34.7 2
    endloop
  endfacet
  facet normal 0 0 1
    outer loop
      vertex 62.1802 34.7546 2
      vertex 78 2 2
      vertex 62.4387 34.7137 2
    endloop
  endfacet
  facet normal 0 0 1
    outer loop
      vertex 61.9275 34.8224 2
      vertex 78 2 2
      vertex 62.1802 34.7546 2
    endloop
  endfacet
  facet normal 0 0 1
    outer loop
      vertex 61.6832 34.9161 2
      vertex 78 2 2
      vertex 61.9275 34.8224 2
    endloop
  endfacet
  facet normal 0 0 1
    outer loop
      vertex 61.45 35.0349 2
      vertex 78 2 2
      vertex 61.6832 34.9161 2
    endloop
  endfacet
  facet normal 0 0 1
    outer loop
      vertex 61.2305 35.1775 2
      vertex 78 2 2
      vertex 61.45 35.0349 2
    endloop
  endfacet
  facet normal 0 0 1
    outer loop
      vertex 18.7695 35.1775 2
      vertex 61.2305 35.1775 2
      vertex 61.0272 35.3421 2
    endloop
  endfacet
  facet normal 0 0 1
    outer loop
      vertex 18.9728 35.3421 2
      vertex 61.0272 35.3421 2
      vertex 60.8421 35.5272 2
    endloop
  endfacet
  facet normal 0 0 1
    outer loop
      vertex 19.1579 35.5272 2
      vertex 60.8421 35.5272 2
      vertex 60.6775 35.7305 2
    endloop
  endfacet
  facet normal 0 0 1
    outer loop
      vertex 19.3225 35.7305 2
      vertex 60.6775 35.7305 2
      vertex 60.5349 35.95 2
    endloop
  endfacet
  facet normal 0 0 1
    outer loop
      vertex 60.2137 37.4613 2
      vertex 19.8 37.2 2
      vertex 60.2 37.2 2
    endloop
  endfacet
  facet normal 0 0 1
    outer loop
      vertex 60.2 37.2 2
      vertex 19.8 37.2 2
      vertex 60.2137 36.9387 2
    endloop
  endfacet
  facet normal 0 0 1
    outer loop
      vertex 19.7863 36.9387 2
      vertex 60.2137 36.9387 2
      vertex 19.8 37.2 2
    endloop
  endfacet
  facet normal 0 0 1
    outer loop
      vertex 60.2137 36.9387 2
      vertex 19.7863 36.9387 2
      vertex 60.2546 36.6802 2
    endloop
  endfacet
  facet normal 0 0 1
    outer loop
      vertex 19.7454 36.6802 2
      vertex 60.2546 36.6802 2
      vertex 19.7863 36.9387 2
    endloop
  endfacet
  facet normal 0 0 1
    outer loop
      vertex 60.2546 36.6802 2
      vertex 19.7454 36.6802 2
      vertex 60.3224 36.4275 2
    endloop
  endfacet
  facet normal 0 0 1
    outer loop
      vertex 19.6776 36.4275 2
      vertex 60.3224 36.4275 2
      vertex 19.7454 36.6802 2
    endloop
  endfacet
  facet normal 0 0 1
    outer loop
      vertex 60.3224 36.4275 2
      vertex 19.6776 36.4275 2
      vertex 60.4161 36.1832 2
    endloop
  endfacet
  facet normal 0 0 1
    outer loop
      vertex 19.5839 36.1832 2
      vertex 60.4161 36.1832 2
      vertex 19.6776 36.4275 2
    endloop
  endfacet
  facet normal 0 0 1
    outer loop
      vertex 60.4161 36.1832 2
      vertex 19.5839 36.1832 2
      vertex 60.5349 35.95 2
    endloop
  endfacet
  facet normal 0 0 1
    outer loop
      vertex 19.4651 35.95 2
      vertex 60.5349 35.95 2
      vertex 19.5839 36.1832 2
    endloop
  endfacet
  facet normal 0 0 1
    outer loop
      vertex 19.3225 35.7305 2
      vertex 60.5349 35.95 2
      vertex 19.4651 35.95 2
    endloop
  endfacet
  facet normal 0 0 1
    outer loop
      vertex 60.6775 35.7305 2
      vertex 19.3225 35.7305 2
      vertex 19.1579 35.5272 2
    endloop
  endfacet
  facet normal 0 0 1
    outer loop
      vertex 60.8421 35.5272 2
      vertex 19.1579 35.5272 2
      vertex 18.9728 35.3421 2
    endloop
  endfacet
  facet normal 0 0 1
    outer loop
      vertex 61.0272 35.3421 2
      vertex 18.9728 35.3421 2
      vertex 18.7695 35.1775 2
    endloop
  endfacet
  facet normal 0 0 1
    outer loop
      vertex 61.2305 35.1775 2
      vertex 18.7695 35.1775 2
      vertex 78 2 2
    endloop
  endfacet
  facet normal 0 0 1
    outer loop
      vertex 2 2 2
      vertex 18.7695 35.1775 2
      vertex 18.55 35.0349 2
    endloop
  endfacet
  facet normal 0 0 1
    outer loop
      vertex 2 2 2
      vertex 18.55 35.0349 2
      vertex 18.3168 34.9161 2
    endloop
  endfacet
  facet normal 0 0 1
    outer loop
      vertex 2 2 2
      vertex 18.3168 34.9161 2
      vertex 18.0725 34.8224 2
    endloop
  endfacet
  facet normal 0 0 1
    outer loop
      vertex 2 2 2
      vertex 18.0725 34.8224 2
      vertex 17.8198 34.7546 2
    endloop
  endfacet
  facet normal 0 0 1
    outer loop
      vertex 2 2 2
      vertex 17.8198 34.7546 2
      vertex 17.5613 34.7137 2
    endloop
  endfacet
  facet normal 0 0 1
    outer loop
      vertex 2 2 2
      vertex 17.5613 34.7137 2
      vertex 17.3 34.7 2
    endloop
  endfacet
  facet normal 0 0 1
    outer loop
      vertex 2 2 2
      vertex 17.3 34.7 2
      vertex 17.0387 34.7137 2
    endloop
  endfacet
  facet normal 0 0 1
    outer loop
      vertex 2 2 2
      vertex 17.0387 34.7137 2
      vertex 16.7802 34.7546 2
    endloop
  endfacet
  facet normal 0 0 1
    outer loop
      vertex 2 2 2
      vertex 16.7802 34.7546 2
      vertex 16.5275 34.8224 2
    endloop
  endfacet
  facet normal 0 0 1
    outer loop
      vertex 2 2 2
      vertex 16.5275 34.8224 2
      vertex 16.2832 34.9161 2
    endloop
  endfacet
  facet normal 0 0 1
    outer loop
      vertex 2 2 2
      vertex 16.2832 34.9161 2
      vertex 16.05 35.0349 2
    endloop
  endfacet
  facet normal 0 0 1
    outer loop
      vertex 2 63 2
      vertex 14.8137 36.9387 2
      vertex 14.8 37.2 2
    endloop
  endfacet
  facet normal 0 0 1
    outer loop
      vertex 2 2 2
      vertex 14.8137 36.9387 2
      vertex 2 63 2
    endloop
  endfacet
  facet normal 0 0 1
    outer loop
      vertex 14.8137 36.9387 2
      vertex 2 2 2
      vertex 14.8546 36.6802 2
    endloop
  endfacet
  facet normal 0 0 1
    outer loop
      vertex 14.8546 36.6802 2
      vertex 2 2 2
      vertex 14.9224 36.4275 2
    endloop
  endfacet
  facet normal 0 0 1
    outer loop
      vertex 18.7695 35.1775 2
      vertex 2 2 2
      vertex 78 2 2
    endloop
  endfacet
  facet normal 0 0 1
    outer loop
      vertex 15.8305 35.1775 2
      vertex 2 2 2
      vertex 16.05 35.0349 2
    endloop
  endfacet
  facet normal 0 0 1
    outer loop
      vertex 15.6272 35.3421 2
      vertex 2 2 2
      vertex 15.8305 35.1775 2
    endloop
  endfacet
  facet normal 0 0 1
    outer loop
      vertex 15.4421 35.5272 2
      vertex 2 2 2
      vertex 15.6272 35.3421 2
    endloop
  endfacet
  facet normal 0 0 1
    outer loop
      vertex 15.2775 35.7305 2
      vertex 2 2 2
      vertex 15.4421 35.5272 2
    endloop
  endfacet
  facet normal 0 0 1
    outer loop
      vertex 15.1349 35.95 2
      vertex 2 2 2
      vertex 15.2775 35.7305 2
    endloop
  endfacet
  facet normal 0 0 1
    outer loop
      vertex 15.0161 36.1832 2
      vertex 2 2 2
      vertex 15.1349 35.95 2
    endloop
  endfacet
  facet normal 0 0 1
    outer loop
      vertex 14.9224 36.4275 2
      vertex 2 2 2
      vertex 15.0161 36.1832 2
    endloop
  endfacet
  facet normal 0 0 1
    outer loop
      vertex 18.3442 37.3098 2
      vertex 18.3442 37.0902 2
      vertex 18.35 37.2 2
    endloop
  endfacet
  facet normal 0 0 1
    outer loop
      vertex 18.3271 37.4183 2
      vertex 18.3442 37.0902 2
      vertex 18.3442 37.3098 2
    endloop
  endfacet
  facet normal 0 0 1
    outer loop
      vertex 18.3271 37.4183 2
      vertex 18.3271 36.9817 2
      vertex 18.3442 37.0902 2
    endloop
  endfacet
  facet normal 0 0 1
    outer loop
      vertex 18.2986 37.5245 2
      vertex 18.3271 36.9817 2
      vertex 18.3271 37.4183 2
    endloop
  endfacet
  facet normal 0 0 1
    outer loop
      vertex 18.2986 37.5245 2
      vertex 18.2986 36.8755 2
      vertex 18.3271 36.9817 2
    endloop
  endfacet
  facet normal 0 0 1
    outer loop
      vertex 18.2592 37.6271 2
      vertex 18.2986 36.8755 2
      vertex 18.2986 37.5245 2
    endloop
  endfacet
  facet normal 0 0 1
    outer loop
      vertex 18.2592 37.6271 2
      vertex 18.2592 36.7729 2
      vertex 18.2986 36.8755 2
    endloop
  endfacet
  facet normal 0 0 1
    outer loop
      vertex 18.2093 37.725 2
      vertex 18.2592 36.7729 2
      vertex 18.2592 37.6271 2
    endloop
  endfacet
  facet normal 0 0 1
    outer loop
      vertex 18.2093 37.725 2
      vertex 18.2093 36.675 2
      vertex 18.2592 36.7729 2
    endloop
  endfacet
  facet normal 0 0 1
    outer loop
      vertex 18.1495 37.8172 2
      vertex 18.2093 36.675 2
      vertex 18.2093 37.725 2
    endloop
  endfacet
  facet normal 0 0 1
    outer loop
      vertex 18.1495 37.8172 2
      vertex 18.1495 36.5828 2
      vertex 18.2093 36.675 2
    endloop
  endfacet
  facet normal 0 0 1
    outer loop
      vertex 18.0803 37.9026 2
      vertex 18.1495 36.5828 2
      vertex 18.1495 37.8172 2
    endloop
  endfacet
  facet normal 0 0 1
    outer loop
      vertex 18.0803 37.9026 2
      vertex 18.0803 36.4974 2
      vertex 18.1495 36.5828 2
    endloop
  endfacet
  facet normal 0 0 1
    outer loop
      vertex 18.0026 37.9803 2
      vertex 18.0803 36.4974 2
      vertex 18.0803 37.9026 2
    endloop
  endfacet
  facet normal 0 0 1
    outer loop
      vertex 18.0026 37.9803 2
      vertex 18.0026 36.4197 2
      vertex 18.0803 36.4974 2
    endloop
  endfacet
  facet normal 0 0 1
    outer loop
      vertex 17.9172 38.0495 2
      vertex 18.0026 36.4197 2
      vertex 18.0026 37.9803 2
    endloop
  endfacet
  facet normal 0 0 1
    outer loop
      vertex 17.9172 38.0495 2
      vertex 17.9172 36.3505 2
      vertex 18.0026 36.4197 2
    endloop
  endfacet
  facet normal 0 0 1
    outer loop
      vertex 17.825 38.1093 2
      vertex 17.9172 36.3505 2
      vertex 17.9172 38.0495 2
    endloop
  endfacet
  facet normal 0 0 1
    outer loop
      vertex 17.825 38.1093 2
      vertex 17.825 36.2907 2
      vertex 17.9172 36.3505 2
    endloop
  endfacet
  facet normal 0 0 1
    outer loop
      vertex 17.7271 38.1592 2
      vertex 17.825 36.2907 2
      vertex 17.825 38.1093 2
    endloop
  endfacet
  facet normal 0 0 1
    outer loop
      vertex 17.7271 38.1592 2
      vertex 17.7271 36.2408 2
      vertex 17.825 36.2907 2
    endloop
  endfacet
  facet normal 0 0 1
    outer loop
      vertex 17.6245 38.1986 2
      vertex 17.7271 36.2408 2
      vertex 17.7271 38.1592 2
    endloop
  endfacet
  facet normal 0 0 1
    outer loop
      vertex 17.6245 38.1986 2
      vertex 17.6245 36.2014 2
      vertex 17.7271 36.2408 2
    endloop
  endfacet
  facet normal 0 0 1
    outer loop
      vertex 17.5183 38.2271 2
      vertex 17.6245 36.2014 2
      vertex 17.6245 38.1986 2
    endloop
  endfacet
  facet normal 0 0 1
    outer loop
      vertex 17.5183 38.2271 2
      vertex 17.5183 36.1729 2
      vertex 17.6245 36.2014 2
    endloop
  endfacet
  facet normal 0 0 1
    outer loop
      vertex 17.4098 38.2442 2
      vertex 17.5183 36.1729 2
      vertex 17.5183 38.2271 2
    endloop
  endfacet
  facet normal 0 0 1
    outer loop
      vertex 17.4098 38.2442 2
      vertex 17.4098 36.1558 2
      vertex 17.5183 36.1729 2
    endloop
  endfacet
  facet normal 0 0 1
    outer loop
      vertex 17.3 38.25 2
      vertex 17.4098 36.1558 2
      vertex 17.4098 38.2442 2
    endloop
  endfacet
  facet normal 0 0 1
    outer loop
      vertex 17.3 38.25 2
      vertex 17.3 36.15 2
      vertex 17.4098 36.1558 2
    endloop
  endfacet
  facet normal -0 0 1
    outer loop
      vertex 17.1902 38.2442 2
      vertex 17.3 36.15 2
      vertex 17.3 38.25 2
    endloop
  endfacet
  facet normal 0 0 1
    outer loop
      vertex 17.1902 38.2442 2
      vertex 17.1902 36.1558 2
      vertex 17.3 36.15 2
    endloop
  endfacet
  facet normal -0 0 1
    outer loop
      vertex 17.0817 38.2271 2
      vertex 17.1902 36.1558 2
      vertex 17.1902 38.2442 2
    endloop
  endfacet
  facet normal 0 0 1
    outer loop
      vertex 17.0817 38.2271 2
      vertex 17.0817 36.1729 2
      vertex 17.1902 36.1558 2
    endloop
  endfacet
  facet normal -0 0 1
    outer loop
      vertex 16.9755 38.1986 2
      vertex 17.0817 36.1729 2
      vertex 17.0817 38.2271 2
    endloop
  endfacet
  facet normal 0 0 1
    outer loop
      vertex 16.9755 38.1986 2
      vertex 16.9755 36.2014 2
      vertex 17.0817 36.1729 2
    endloop
  endfacet
  facet normal -0 0 1
    outer loop
      vertex 16.8729 38.1592 2
      vertex 16.9755 36.2014 2
      vertex 16.9755 38.1986 2
    endloop
  endfacet
  facet normal 0 0 1
    outer loop
      vertex 16.8729 38.1592 2
      vertex 16.8729 36.2408 2
      vertex 16.9755 36.2014 2
    endloop
  endfacet
  facet normal -0 0 1
    outer loop
      vertex 16.775 38.1093 2
      vertex 16.8729 36.2408 2
      vertex 16.8729 38.1592 2
    endloop
  endfacet
  facet normal 0 0 1
    outer loop
      vertex 16.775 38.1093 2
      vertex 16.775 36.2907 2
      vertex 16.8729 36.2408 2
    endloop
  endfacet
  facet normal -0 0 1
    outer loop
      vertex 16.6828 38.0495 2
      vertex 16.775 36.2907 2
      vertex 16.775 38.1093 2
    endloop
  endfacet
  facet normal 0 0 1
    outer loop
      vertex 16.6828 38.0495 2
      vertex 16.6828 36.3505 2
      vertex 16.775 36.2907 2
    endloop
  endfacet
  facet normal -0 0 1
    outer loop
      vertex 16.5974 37.9803 2
      vertex 16.6828 36.3505 2
      vertex 16.6828 38.0495 2
    endloop
  endfacet
  facet normal 0 0 1
    outer loop
      vertex 16.5974 37.9803 2
      vertex 16.5974 36.4197 2
      vertex 16.6828 36.3505 2
    endloop
  endfacet
  facet normal -0 0 1
    outer loop
      vertex 16.5197 37.9026 2
      vertex 16.5974 36.4197 2
      vertex 16.5974 37.9803 2
    endloop
  endfacet
  facet normal 0 0 1
    outer loop
      vertex 16.5197 37.9026 2
      vertex 16.5197 36.4974 2
      vertex 16.5974 36.4197 2
    endloop
  endfacet
  facet normal -0 0 1
    outer loop
      vertex 16.4505 37.8172 2
      vertex 16.5197 36.4974 2
      vertex 16.5197 37.9026 2
    endloop
  endfacet
  facet normal 0 0 1
    outer loop
      vertex 16.4505 37.8172 2
      vertex 16.4505 36.5828 2
      vertex 16.5197 36.4974 2
    endloop
  endfacet
  facet normal -0 0 1
    outer loop
      vertex 16.3907 37.725 2
      vertex 16.4505 36.5828 2
      vertex 16.4505 37.8172 2
    endloop
  endfacet
  facet normal 0 0 1
    outer loop
      vertex 16.3907 37.725 2
      vertex 16.3907 36.675 2
      vertex 16.4505 36.5828 2
    endloop
  endfacet
  facet normal -0 0 1
    outer loop
      vertex 16.3408 37.6271 2
      vertex 16.3907 36.675 2
      vertex 16.3907 37.725 2
    endloop
  endfacet
  facet normal 0 0 1
    outer loop
      vertex 16.3408 37.6271 2
      vertex 16.3408 36.7729 2
      vertex 16.3907 36.675 2
    endloop
  endfacet
  facet normal -0 0 1
    outer loop
      vertex 16.3014 37.5245 2
      vertex 16.3408 36.7729 2
      vertex 16.3408 37.6271 2
    endloop
  endfacet
  facet normal 0 0 1
    outer loop
      vertex 16.3014 37.5245 2
      vertex 16.3014 36.8755 2
      vertex 16.3408 36.7729 2
    endloop
  endfacet
  facet normal -0 0 1
    outer loop
      vertex 16.2729 37.4183 2
      vertex 16.3014 36.8755 2
      vertex 16.3014 37.5245 2
    endloop
  endfacet
  facet normal 0 0 1
    outer loop
      vertex 16.2729 37.4183 2
      vertex 16.2729 36.9817 2
      vertex 16.3014 36.8755 2
    endloop
  endfacet
  facet normal -0 0 1
    outer loop
      vertex 16.2558 37.3098 2
      vertex 16.2729 36.9817 2
      vertex 16.2729 37.4183 2
    endloop
  endfacet
  facet normal 0 0 1
    outer loop
      vertex 16.2558 37.3098 2
      vertex 16.2558 37.0902 2
      vertex 16.2729 36.9817 2
    endloop
  endfacet
  facet normal 0 -0 1
    outer loop
      vertex 16.2558 37.0902 2
      vertex 16.2558 37.3098 2
      vertex 16.25 37.2 2
    endloop
  endfacet
  facet normal 0 0 1
    outer loop
      vertex 63.7442 37.3098 2
      vertex 63.7442 37.0902 2
      vertex 63.75 37.2 2
    endloop
  endfacet
  facet normal 0 0 1
    outer loop
      vertex 63.7271 37.4183 2
      vertex 63.7442 37.0902 2
      vertex 63.7442 37.3098 2
    endloop
  endfacet
  facet normal 0 0 1
    outer loop
      vertex 63.7271 37.4183 2
      vertex 63.7271 36.9817 2
      vertex 63.7442 37.0902 2
    endloop
  endfacet
  facet normal 0 0 1
    outer loop
      vertex 63.6986 37.5245 2
      vertex 63.7271 36.9817 2
      vertex 63.7271 37.4183 2
    endloop
  endfacet
  facet normal 0 0 1
    outer loop
      vertex 63.6986 37.5245 2
      vertex 63.6986 36.8755 2
      vertex 63.7271 36.9817 2
    endloop
  endfacet
  facet normal 0 0 1
    outer loop
      vertex 63.6592 37.6271 2
      vertex 63.6986 36.8755 2
      vertex 63.6986 37.5245 2
    endloop
  endfacet
  facet normal 0 0 1
    outer loop
      vertex 63.6592 37.6271 2
      vertex 63.6592 36.7729 2
      vertex 63.6986 36.8755 2
    endloop
  endfacet
  facet normal 0 0 1
    outer loop
      vertex 63.6093 37.725 2
      vertex 63.6592 36.7729 2
      vertex 63.6592 37.6271 2
    endloop
  endfacet
  facet normal 0 0 1
    outer loop
      vertex 63.6093 37.725 2
      vertex 63.6093 36.675 2
      vertex 63.6592 36.7729 2
    endloop
  endfacet
  facet normal 0 0 1
    outer loop
      vertex 63.5495 37.8172 2
      vertex 63.6093 36.675 2
      vertex 63.6093 37.725 2
    endloop
  endfacet
  facet normal 0 0 1
    outer loop
      vertex 63.5495 37.8172 2
      vertex 63.5495 36.5828 2
      vertex 63.6093 36.675 2
    endloop
  endfacet
  facet normal 0 0 1
    outer loop
      vertex 63.4803 37.9026 2
      vertex 63.5495 36.5828 2
      vertex 63.5495 37.8172 2
    endloop
  endfacet
  facet normal 0 0 1
    outer loop
      vertex 63.4803 37.9026 2
      vertex 63.4803 36.4974 2
      vertex 63.5495 36.5828 2
    endloop
  endfacet
  facet normal 0 0 1
    outer loop
      vertex 63.4026 37.9803 2
      vertex 63.4803 36.4974 2
      vertex 63.4803 37.9026 2
    endloop
  endfacet
  facet normal 0 0 1
    outer loop
      vertex 63.4026 37.9803 2
      vertex 63.4026 36.4197 2
      vertex 63.4803 36.4974 2
    endloop
  endfacet
  facet normal 0 0 1
    outer loop
      vertex 63.3172 38.0495 2
      vertex 63.4026 36.4197 2
      vertex 63.4026 37.9803 2
    endloop
  endfacet
  facet normal 0 0 1
    outer loop
      vertex 63.3172 38.0495 2
      vertex 63.3172 36.3505 2
      vertex 63.4026 36.4197 2
    endloop
  endfacet
  facet normal 0 0 1
    outer loop
      vertex 63.225 38.1093 2
      vertex 63.3172 36.3505 2
      vertex 63.3172 38.0495 2
    endloop
  endfacet
  facet normal 0 0 1
    outer loop
      vertex 63.225 38.1093 2
      vertex 63.225 36.2907 2
      vertex 63.3172 36.3505 2
    endloop
  endfacet
  facet normal 0 0 1
    outer loop
      vertex 63.1271 38.1592 2
      vertex 63.225 36.2907 2
      vertex 63.225 38.1093 2
    endloop
  endfacet
  facet normal 0 0 1
    outer loop
      vertex 63.1271 38.1592 2
      vertex 63.1271 36.2408 2
      vertex 63.225 36.2907 2
    endloop
  endfacet
  facet normal 0 0 1
    outer loop
      vertex 63.0245 38.1986 2
      vertex 63.1271 36.2408 2
      vertex 63.1271 38.1592 2
    endloop
  endfacet
  facet normal 0 0 1
    outer loop
      vertex 63.0245 38.1986 2
      vertex 63.0245 36.2014 2
      vertex 63.1271 36.2408 2
    endloop
  endfacet
  facet normal 0 0 1
    outer loop
      vertex 62.9183 38.2271 2
      vertex 63.0245 36.2014 2
      vertex 63.0245 38.1986 2
    endloop
  endfacet
  facet normal 0 0 1
    outer loop
      vertex 62.9183 38.2271 2
      vertex 62.9183 36.1729 2
      vertex 63.0245 36.2014 2
    endloop
  endfacet
  facet normal 0 0 1
    outer loop
      vertex 62.8098 38.2442 2
      vertex 62.9183 36.1729 2
      vertex 62.9183 38.2271 2
    endloop
  endfacet
  facet normal 0 0 1
    outer loop
      vertex 62.8098 38.2442 2
      vertex 62.8098 36.1558 2
      vertex 62.9183 36.1729 2
    endloop
  endfacet
  facet normal 0 0 1
    outer loop
      vertex 62.7 38.25 2
      vertex 62.8098 36.1558 2
      vertex 62.8098 38.2442 2
    endloop
  endfacet
  facet normal 0 0 1
    outer loop
      vertex 62.7 38.25 2
      vertex 62.7 36.15 2
      vertex 62.8098 36.1558 2
    endloop
  endfacet
  facet normal -0 0 1
    outer loop
      vertex 62.5902 38.2442 2
      vertex 62.7 36.15 2
      vertex 62.7 38.25 2
    endloop
  endfacet
  facet normal 0 0 1
    outer loop
      vertex 62.5902 38.2442 2
      vertex 62.5902 36.1558 2
      vertex 62.7 36.15 2
    endloop
  endfacet
  facet normal -0 0 1
    outer loop
      vertex 62.4817 38.2271 2
      vertex 62.5902 36.1558 2
      vertex 62.5902 38.2442 2
    endloop
  endfacet
  facet normal 0 0 1
    outer loop
      vertex 62.4817 38.2271 2
      vertex 62.4817 36.1729 2
      vertex 62.5902 36.1558 2
    endloop
  endfacet
  facet normal -0 0 1
    outer loop
      vertex 62.3755 38.1986 2
      vertex 62.4817 36.1729 2
      vertex 62.4817 38.2271 2
    endloop
  endfacet
  facet normal 0 0 1
    outer loop
      vertex 62.3755 38.1986 2
      vertex 62.3755 36.2014 2
      vertex 62.4817 36.1729 2
    endloop
  endfacet
  facet normal -0 0 1
    outer loop
      vertex 62.2729 38.1592 2
      vertex 62.3755 36.2014 2
      vertex 62.3755 38.1986 2
    endloop
  endfacet
  facet normal 0 0 1
    outer loop
      vertex 62.2729 38.1592 2
      vertex 62.2729 36.2408 2
      vertex 62.3755 36.2014 2
    endloop
  endfacet
  facet normal -0 0 1
    outer loop
      vertex 62.175 38.1093 2
      vertex 62.2729 36.2408 2
      vertex 62.2729 38.1592 2
    endloop
  endfacet
  facet normal 0 0 1
    outer loop
      vertex 62.175 38.1093 2
      vertex 62.175 36.2907 2
      vertex 62.2729 36.2408 2
    endloop
  endfacet
  facet normal -0 0 1
    outer loop
      vertex 62.0828 38.0495 2
      vertex 62.175 36.2907 2
      vertex 62.175 38.1093 2
    endloop
  endfacet
  facet normal 0 0 1
    outer loop
      vertex 62.0828 38.0495 2
      vertex 62.0828 36.3505 2
      vertex 62.175 36.2907 2
    endloop
  endfacet
  facet normal -0 0 1
    outer loop
      vertex 61.9974 37.9803 2
      vertex 62.0828 36.3505 2
      vertex 62.0828 38.0495 2
    endloop
  endfacet
  facet normal 0 0 1
    outer loop
      vertex 61.9974 37.9803 2
      vertex 61.9974 36.4197 2
      vertex 62.0828 36.3505 2
    endloop
  endfacet
  facet normal -0 0 1
    outer loop
      vertex 61.9197 37.9026 2
      vertex 61.9974 36.4197 2
      vertex 61.9974 37.9803 2
    endloop
  endfacet
  facet normal 0 0 1
    outer loop
      vertex 61.9197 37.9026 2
      vertex 61.9197 36.4974 2
      vertex 61.9974 36.4197 2
    endloop
  endfacet
  facet normal -0 0 1
    outer loop
      vertex 61.8505 37.8172 2
      vertex 61.9197 36.4974 2
      vertex 61.9197 37.9026 2
    endloop
  endfacet
  facet normal 0 0 1
    outer loop
      vertex 61.8505 37.8172 2
      vertex 61.8505 36.5828 2
      vertex 61.9197 36.4974 2
    endloop
  endfacet
  facet normal -0 0 1
    outer loop
      vertex 61.7907 37.725 2
      vertex 61.8505 36.5828 2
      vertex 61.8505 37.8172 2
    endloop
  endfacet
  facet normal 0 0 1
    outer loop
      vertex 61.7907 37.725 2
      vertex 61.7907 36.675 2
      vertex 61.8505 36.5828 2
    endloop
  endfacet
  facet normal -0 0 1
    outer loop
      vertex 61.7408 37.6271 2
      vertex 61.7907 36.675 2
      vertex 61.7907 37.725 2
    endloop
  endfacet
  facet normal 0 0 1
    outer loop
      vertex 61.7408 37.6271 2
      vertex 61.7408 36.7729 2
      vertex 61.7907 36.675 2
    endloop
  endfacet
  facet normal -0 0 1
    outer loop
      vertex 61.7014 37.5245 2
      vertex 61.7408 36.7729 2
      vertex 61.7408 37.6271 2
    endloop
  endfacet
  facet normal 0 0 1
    outer loop
      vertex 61.7014 37.5245 2
      vertex 61.7014 36.8755 2
      vertex 61.7408 36.7729 2
    endloop
  endfacet
  facet normal -0 0 1
    outer loop
      vertex 61.6729 37.4183 2
      vertex 61.7014 36.8755 2
      vertex 61.7014 37.5245 2
    endloop
  endfacet
  facet normal 0 0 1
    outer loop
      vertex 61.6729 37.4183 2
      vertex 61.6729 36.9817 2
      vertex 61.7014 36.8755 2
    endloop
  endfacet
  facet normal -0 0 1
    outer loop
      vertex 61.6558 37.3098 2
      vertex 61.6729 36.9817 2
      vertex 61.6729 37.4183 2
    endloop
  endfacet
  facet normal 0 0 1
    outer loop
      vertex 61.6558 37.3098 2
      vertex 61.6558 37.0902 2
      vertex 61.6729 36.9817 2
    endloop
  endfacet
  facet normal 0 -0 1
    outer loop
      vertex 61.6558 37.0902 2
      vertex 61.6558 37.3098 2
      vertex 61.65 37.2 2
    endloop
  endfacet
  facet normal 0 0 1
    outer loop
      vertex 63.7442 60.1098 2
      vertex 63.7442 59.8902 2
      vertex 63.75 60 2
    endloop
  endfacet
  facet normal 0 0 1
    outer loop
      vertex 63.7271 60.2183 2
      vertex 63.7442 59.8902 2
      vertex 63.7442 60.1098 2
    endloop
  endfacet
  facet normal 0 0 1
    outer loop
      vertex 63.7271 60.2183 2
      vertex 63.7271 59.7817 2
      vertex 63.7442 59.8902 2
    endloop
  endfacet
  facet normal 0 0 1
    outer loop
      vertex 63.6986 60.3245 2
      vertex 63.7271 59.7817 2
      vertex 63.7271 60.2183 2
    endloop
  endfacet
  facet normal 0 0 1
    outer loop
      vertex 63.6986 60.3245 2
      vertex 63.6986 59.6755 2
      vertex 63.7271 59.7817 2
    endloop
  endfacet
  facet normal 0 0 1
    outer loop
      vertex 63.6592 60.4271 2
      vertex 63.6986 59.6755 2
      vertex 63.6986 60.3245 2
    endloop
  endfacet
  facet normal 0 0 1
    outer loop
      vertex 63.6592 60.4271 2
      vertex 63.6592 59.5729 2
      vertex 63.6986 59.6755 2
    endloop
  endfacet
  facet normal 0 0 1
    outer loop
      vertex 63.6093 60.525 2
      vertex 63.6592 59.5729 2
      vertex 63.6592 60.4271 2
    endloop
  endfacet
  facet normal 0 0 1
    outer loop
      vertex 63.6093 60.525 2
      vertex 63.6093 59.475 2
      vertex 63.6592 59.5729 2
    endloop
  endfacet
  facet normal 0 0 1
    outer loop
      vertex 63.5495 60.6172 2
      vertex 63.6093 59.475 2
      vertex 63.6093 60.525 2
    endloop
  endfacet
  facet normal 0 0 1
    outer loop
      vertex 63.5495 60.6172 2
      vertex 63.5495 59.3828 2
      vertex 63.6093 59.475 2
    endloop
  endfacet
  facet normal 0 0 1
    outer loop
      vertex 63.4803 60.7026 2
      vertex 63.5495 59.3828 2
      vertex 63.5495 60.6172 2
    endloop
  endfacet
  facet normal 0 0 1
    outer loop
      vertex 63.4803 60.7026 2
      vertex 63.4803 59.2974 2
      vertex 63.5495 59.3828 2
    endloop
  endfacet
  facet normal 0 0 1
    outer loop
      vertex 63.4026 60.7803 2
      vertex 63.4803 59.2974 2
      vertex 63.4803 60.7026 2
    endloop
  endfacet
  facet normal 0 0 1
    outer loop
      vertex 63.4026 60.7803 2
      vertex 63.4026 59.2197 2
      vertex 63.4803 59.2974 2
    endloop
  endfacet
  facet normal 0 0 1
    outer loop
      vertex 63.3172 60.8495 2
      vertex 63.4026 59.2197 2
      vertex 63.4026 60.7803 2
    endloop
  endfacet
  facet normal 0 0 1
    outer loop
      vertex 63.3172 60.8495 2
      vertex 63.3172 59.1505 2
      vertex 63.4026 59.2197 2
    endloop
  endfacet
  facet normal 0 0 1
    outer loop
      vertex 63.225 60.9093 2
      vertex 63.3172 59.1505 2
      vertex 63.3172 60.8495 2
    endloop
  endfacet
  facet normal 0 0 1
    outer loop
      vertex 63.225 60.9093 2
      vertex 63.225 59.0907 2
      vertex 63.3172 59.1505 2
    endloop
  endfacet
  facet normal 0 0 1
    outer loop
      vertex 63.1271 60.9592 2
      vertex 63.225 59.0907 2
      vertex 63.225 60.9093 2
    endloop
  endfacet
  facet normal 0 0 1
    outer loop
      vertex 63.1271 60.9592 2
      vertex 63.1271 59.0408 2
      vertex 63.225 59.0907 2
    endloop
  endfacet
  facet normal 0 0 1
    outer loop
      vertex 63.0245 60.9986 2
      vertex 63.1271 59.0408 2
      vertex 63.1271 60.9592 2
    endloop
  endfacet
  facet normal 0 0 1
    outer loop
      vertex 63.0245 60.9986 2
      vertex 63.0245 59.0014 2
      vertex 63.1271 59.0408 2
    endloop
  endfacet
  facet normal 0 0 1
    outer loop
      vertex 62.9183 61.0271 2
      vertex 63.0245 59.0014 2
      vertex 63.0245 60.9986 2
    endloop
  endfacet
  facet normal 0 0 1
    outer loop
      vertex 62.9183 61.0271 2
      vertex 62.9183 58.9729 2
      vertex 63.0245 59.0014 2
    endloop
  endfacet
  facet normal 0 0 1
    outer loop
      vertex 62.8098 61.0442 2
      vertex 62.9183 58.9729 2
      vertex 62.9183 61.0271 2
    endloop
  endfacet
  facet normal 0 0 1
    outer loop
      vertex 62.8098 61.0442 2
      vertex 62.8098 58.9558 2
      vertex 62.9183 58.9729 2
    endloop
  endfacet
  facet normal 0 0 1
    outer loop
      vertex 62.7 61.05 2
      vertex 62.8098 58.9558 2
      vertex 62.8098 61.0442 2
    endloop
  endfacet
  facet normal 0 0 1
    outer loop
      vertex 62.7 61.05 2
      vertex 62.7 58.95 2
      vertex 62.8098 58.9558 2
    endloop
  endfacet
  facet normal -0 0 1
    outer loop
      vertex 62.5902 61.0442 2
      vertex 62.7 58.95 2
      vertex 62.7 61.05 2
    endloop
  endfacet
  facet normal 0 0 1
    outer loop
      vertex 62.5902 61.0442 2
      vertex 62.5902 58.9558 2
      vertex 62.7 58.95 2
    endloop
  endfacet
  facet normal -0 0 1
    outer loop
      vertex 62.4817 61.0271 2
      vertex 62.5902 58.9558 2
      vertex 62.5902 61.0442 2
    endloop
  endfacet
  facet normal 0 0 1
    outer loop
      vertex 62.4817 61.0271 2
      vertex 62.4817 58.9729 2
      vertex 62.5902 58.9558 2
    endloop
  endfacet
  facet normal -0 0 1
    outer loop
      vertex 62.3755 60.9986 2
      vertex 62.4817 58.9729 2
      vertex 62.4817 61.0271 2
    endloop
  endfacet
  facet normal 0 0 1
    outer loop
      vertex 62.3755 60.9986 2
      vertex 62.3755 59.0014 2
      vertex 62.4817 58.9729 2
    endloop
  endfacet
  facet normal -0 0 1
    outer loop
      vertex 62.2729 60.9592 2
      vertex 62.3755 59.0014 2
      vertex 62.3755 60.9986 2
    endloop
  endfacet
  facet normal 0 0 1
    outer loop
      vertex 62.2729 60.9592 2
      vertex 62.2729 59.0408 2
      vertex 62.3755 59.0014 2
    endloop
  endfacet
  facet normal -0 0 1
    outer loop
      vertex 62.175 60.9093 2
      vertex 62.2729 59.0408 2
      vertex 62.2729 60.9592 2
    endloop
  endfacet
  facet normal 0 0 1
    outer loop
      vertex 62.175 60.9093 2
      vertex 62.175 59.0907 2
      vertex 62.2729 59.0408 2
    endloop
  endfacet
  facet normal -0 0 1
    outer loop
      vertex 62.0828 60.8495 2
      vertex 62.175 59.0907 2
      vertex 62.175 60.9093 2
    endloop
  endfacet
  facet normal 0 0 1
    outer loop
      vertex 62.0828 60.8495 2
      vertex 62.0828 59.1505 2
      vertex 62.175 59.0907 2
    endloop
  endfacet
  facet normal -0 0 1
    outer loop
      vertex 61.9974 60.7803 2
      vertex 62.0828 59.1505 2
      vertex 62.0828 60.8495 2
    endloop
  endfacet
  facet normal 0 0 1
    outer loop
      vertex 61.9974 60.7803 2
      vertex 61.9974 59.2197 2
      vertex 62.0828 59.1505 2
    endloop
  endfacet
  facet normal -0 0 1
    outer loop
      vertex 61.9197 60.7026 2
      vertex 61.9974 59.2197 2
      vertex 61.9974 60.7803 2
    endloop
  endfacet
  facet normal 0 0 1
    outer loop
      vertex 61.9197 60.7026 2
      vertex 61.9197 59.2974 2
      vertex 61.9974 59.2197 2
    endloop
  endfacet
  facet normal -0 0 1
    outer loop
      vertex 61.8505 60.6172 2
      vertex 61.9197 59.2974 2
      vertex 61.9197 60.7026 2
    endloop
  endfacet
  facet normal 0 0 1
    outer loop
      vertex 61.8505 60.6172 2
      vertex 61.8505 59.3828 2
      vertex 61.9197 59.2974 2
    endloop
  endfacet
  facet normal -0 0 1
    outer loop
      vertex 61.7907 60.525 2
      vertex 61.8505 59.3828 2
      vertex 61.8505 60.6172 2
    endloop
  endfacet
  facet normal 0 0 1
    outer loop
      vertex 61.7907 60.525 2
      vertex 61.7907 59.475 2
      vertex 61.8505 59.3828 2
    endloop
  endfacet
  facet normal -0 0 1
    outer loop
      vertex 61.7408 60.4271 2
      vertex 61.7907 59.475 2
      vertex 61.7907 60.525 2
    endloop
  endfacet
  facet normal 0 0 1
    outer loop
      vertex 61.7408 60.4271 2
      vertex 61.7408 59.5729 2
      vertex 61.7907 59.475 2
    endloop
  endfacet
  facet normal -0 0 1
    outer loop
      vertex 61.7014 60.3245 2
      vertex 61.7408 59.5729 2
      vertex 61.7408 60.4271 2
    endloop
  endfacet
  facet normal 0 0 1
    outer loop
      vertex 61.7014 60.3245 2
      vertex 61.7014 59.6755 2
      vertex 61.7408 59.5729 2
    endloop
  endfacet
  facet normal -0 0 1
    outer loop
      vertex 61.6729 60.2183 2
      vertex 61.7014 59.6755 2
      vertex 61.7014 60.3245 2
    endloop
  endfacet
  facet normal 0 0 1
    outer loop
      vertex 61.6729 60.2183 2
      vertex 61.6729 59.7817 2
      vertex 61.7014 59.6755 2
    endloop
  endfacet
  facet normal -0 0 1
    outer loop
      vertex 61.6558 60.1098 2
      vertex 61.6729 59.7817 2
      vertex 61.6729 60.2183 2
    endloop
  endfacet
  facet normal 0 0 1
    outer loop
      vertex 61.6558 60.1098 2
      vertex 61.6558 59.8902 2
      vertex 61.6729 59.7817 2
    endloop
  endfacet
  facet normal 0 -0 1
    outer loop
      vertex 61.6558 59.8902 2
      vertex 61.6558 60.1098 2
      vertex 61.65 60 2
    endloop
  endfacet
  facet normal 0 0 1
    outer loop
      vertex 18.3442 60.1098 2
      vertex 18.3442 59.8902 2
      vertex 18.35 60 2
    endloop
  endfacet
  facet normal 0 0 1
    outer loop
      vertex 18.3271 60.2183 2
      vertex 18.3442 59.8902 2
      vertex 18.3442 60.1098 2
    endloop
  endfacet
  facet normal 0 0 1
    outer loop
      vertex 18.3271 60.2183 2
      vertex 18.3271 59.7817 2
      vertex 18.3442 59.8902 2
    endloop
  endfacet
  facet normal 0 0 1
    outer loop
      vertex 18.2986 60.3245 2
      vertex 18.3271 59.7817 2
      vertex 18.3271 60.2183 2
    endloop
  endfacet
  facet normal 0 0 1
    outer loop
      vertex 18.2986 60.3245 2
      vertex 18.2986 59.6755 2
      vertex 18.3271 59.7817 2
    endloop
  endfacet
  facet normal 0 0 1
    outer loop
      vertex 18.2592 60.4271 2
      vertex 18.2986 59.6755 2
      vertex 18.2986 60.3245 2
    endloop
  endfacet
  facet normal 0 0 1
    outer loop
      vertex 18.2592 60.4271 2
      vertex 18.2592 59.5729 2
      vertex 18.2986 59.6755 2
    endloop
  endfacet
  facet normal 0 0 1
    outer loop
      vertex 18.2093 60.525 2
      vertex 18.2592 59.5729 2
      vertex 18.2592 60.4271 2
    endloop
  endfacet
  facet normal 0 0 1
    outer loop
      vertex 18.2093 60.525 2
      vertex 18.2093 59.475 2
      vertex 18.2592 59.5729 2
    endloop
  endfacet
  facet normal 0 0 1
    outer loop
      vertex 18.1495 60.6172 2
      vertex 18.2093 59.475 2
      vertex 18.2093 60.525 2
    endloop
  endfacet
  facet normal 0 0 1
    outer loop
      vertex 18.1495 60.6172 2
      vertex 18.1495 59.3828 2
      vertex 18.2093 59.475 2
    endloop
  endfacet
  facet normal 0 0 1
    outer loop
      vertex 18.0803 60.7026 2
      vertex 18.1495 59.3828 2
      vertex 18.1495 60.6172 2
    endloop
  endfacet
  facet normal 0 0 1
    outer loop
      vertex 18.0803 60.7026 2
      vertex 18.0803 59.2974 2
      vertex 18.1495 59.3828 2
    endloop
  endfacet
  facet normal 0 0 1
    outer loop
      vertex 18.0026 60.7803 2
      vertex 18.0803 59.2974 2
      vertex 18.0803 60.7026 2
    endloop
  endfacet
  facet normal 0 0 1
    outer loop
      vertex 18.0026 60.7803 2
      vertex 18.0026 59.2197 2
      vertex 18.0803 59.2974 2
    endloop
  endfacet
  facet normal 0 0 1
    outer loop
      vertex 17.9172 60.8495 2
      vertex 18.0026 59.2197 2
      vertex 18.0026 60.7803 2
    endloop
  endfacet
  facet normal 0 0 1
    outer loop
      vertex 17.9172 60.8495 2
      vertex 17.9172 59.1505 2
      vertex 18.0026 59.2197 2
    endloop
  endfacet
  facet normal 0 0 1
    outer loop
      vertex 17.825 60.9093 2
      vertex 17.9172 59.1505 2
      vertex 17.9172 60.8495 2
    endloop
  endfacet
  facet normal 0 0 1
    outer loop
      vertex 17.825 60.9093 2
      vertex 17.825 59.0907 2
      vertex 17.9172 59.1505 2
    endloop
  endfacet
  facet normal 0 0 1
    outer loop
      vertex 17.7271 60.9592 2
      vertex 17.825 59.0907 2
      vertex 17.825 60.9093 2
    endloop
  endfacet
  facet normal 0 0 1
    outer loop
      vertex 17.7271 60.9592 2
      vertex 17.7271 59.0408 2
      vertex 17.825 59.0907 2
    endloop
  endfacet
  facet normal 0 0 1
    outer loop
      vertex 17.6245 60.9986 2
      vertex 17.7271 59.0408 2
      vertex 17.7271 60.9592 2
    endloop
  endfacet
  facet normal 0 0 1
    outer loop
      vertex 17.6245 60.9986 2
      vertex 17.6245 59.0014 2
      vertex 17.7271 59.0408 2
    endloop
  endfacet
  facet normal 0 0 1
    outer loop
      vertex 17.5183 61.0271 2
      vertex 17.6245 59.0014 2
      vertex 17.6245 60.9986 2
    endloop
  endfacet
  facet normal 0 0 1
    outer loop
      vertex 17.5183 61.0271 2
      vertex 17.5183 58.9729 2
      vertex 17.6245 59.0014 2
    endloop
  endfacet
  facet normal 0 0 1
    outer loop
      vertex 17.4098 61.0442 2
      vertex 17.5183 58.9729 2
      vertex 17.5183 61.0271 2
    endloop
  endfacet
  facet normal 0 0 1
    outer loop
      vertex 17.4098 61.0442 2
      vertex 17.4098 58.9558 2
      vertex 17.5183 58.9729 2
    endloop
  endfacet
  facet normal 0 0 1
    outer loop
      vertex 17.3 61.05 2
      vertex 17.4098 58.9558 2
      vertex 17.4098 61.0442 2
    endloop
  endfacet
  facet normal 0 0 1
    outer loop
      vertex 17.3 61.05 2
      vertex 17.3 58.95 2
      vertex 17.4098 58.9558 2
    endloop
  endfacet
  facet normal -0 0 1
    outer loop
      vertex 17.1902 61.0442 2
      vertex 17.3 58.95 2
      vertex 17.3 61.05 2
    endloop
  endfacet
  facet normal 0 0 1
    outer loop
      vertex 17.1902 61.0442 2
      vertex 17.1902 58.9558 2
      vertex 17.3 58.95 2
    endloop
  endfacet
  facet normal -0 0 1
    outer loop
      vertex 17.0817 61.0271 2
      vertex 17.1902 58.9558 2
      vertex 17.1902 61.0442 2
    endloop
  endfacet
  facet normal 0 0 1
    outer loop
      vertex 17.0817 61.0271 2
      vertex 17.0817 58.9729 2
      vertex 17.1902 58.9558 2
    endloop
  endfacet
  facet normal -0 0 1
    outer loop
      vertex 16.9755 60.9986 2
      vertex 17.0817 58.9729 2
      vertex 17.0817 61.0271 2
    endloop
  endfacet
  facet normal 0 0 1
    outer loop
      vertex 16.9755 60.9986 2
      vertex 16.9755 59.0014 2
      vertex 17.0817 58.9729 2
    endloop
  endfacet
  facet normal -0 0 1
    outer loop
      vertex 16.8729 60.9592 2
      vertex 16.9755 59.0014 2
      vertex 16.9755 60.9986 2
    endloop
  endfacet
  facet normal 0 0 1
    outer loop
      vertex 16.8729 60.9592 2
      vertex 16.8729 59.0408 2
      vertex 16.9755 59.0014 2
    endloop
  endfacet
  facet normal -0 0 1
    outer loop
      vertex 16.775 60.9093 2
      vertex 16.8729 59.0408 2
      vertex 16.8729 60.9592 2
    endloop
  endfacet
  facet normal 0 0 1
    outer loop
      vertex 16.775 60.9093 2
      vertex 16.775 59.0907 2
      vertex 16.8729 59.0408 2
    endloop
  endfacet
  facet normal -0 0 1
    outer loop
      vertex 16.6828 60.8495 2
      vertex 16.775 59.0907 2
      vertex 16.775 60.9093 2
    endloop
  endfacet
  facet normal 0 0 1
    outer loop
      vertex 16.6828 60.8495 2
      vertex 16.6828 59.1505 2
      vertex 16.775 59.0907 2
    endloop
  endfacet
  facet normal -0 0 1
    outer loop
      vertex 16.5974 60.7803 2
      vertex 16.6828 59.1505 2
      vertex 16.6828 60.8495 2
    endloop
  endfacet
  facet normal 0 0 1
    outer loop
      vertex 16.5974 60.7803 2
      vertex 16.5974 59.2197 2
      vertex 16.6828 59.1505 2
    endloop
  endfacet
  facet normal -0 0 1
    outer loop
      vertex 16.5197 60.7026 2
      vertex 16.5974 59.2197 2
      vertex 16.5974 60.7803 2
    endloop
  endfacet
  facet normal 0 0 1
    outer loop
      vertex 16.5197 60.7026 2
      vertex 16.5197 59.2974 2
      vertex 16.5974 59.2197 2
    endloop
  endfacet
  facet normal -0 0 1
    outer loop
      vertex 16.4505 60.6172 2
      vertex 16.5197 59.2974 2
      vertex 16.5197 60.7026 2
    endloop
  endfacet
  facet normal 0 0 1
    outer loop
      vertex 16.4505 60.6172 2
      vertex 16.4505 59.3828 2
      vertex 16.5197 59.2974 2
    endloop
  endfacet
  facet normal -0 0 1
    outer loop
      vertex 16.3907 60.525 2
      vertex 16.4505 59.3828 2
      vertex 16.4505 60.6172 2
    endloop
  endfacet
  facet normal 0 0 1
    outer loop
      vertex 16.3907 60.525 2
      vertex 16.3907 59.475 2
      vertex 16.4505 59.3828 2
    endloop
  endfacet
  facet normal -0 0 1
    outer loop
      vertex 16.3408 60.4271 2
      vertex 16.3907 59.475 2
      vertex 16.3907 60.525 2
    endloop
  endfacet
  facet normal 0 0 1
    outer loop
      vertex 16.3408 60.4271 2
      vertex 16.3408 59.5729 2
      vertex 16.3907 59.475 2
    endloop
  endfacet
  facet normal -0 0 1
    outer loop
      vertex 16.3014 60.3245 2
      vertex 16.3408 59.5729 2
      vertex 16.3408 60.4271 2
    endloop
  endfacet
  facet normal 0 0 1
    outer loop
      vertex 16.3014 60.3245 2
      vertex 16.3014 59.6755 2
      vertex 16.3408 59.5729 2
    endloop
  endfacet
  facet normal -0 0 1
    outer loop
      vertex 16.2729 60.2183 2
      vertex 16.3014 59.6755 2
      vertex 16.3014 60.3245 2
    endloop
  endfacet
  facet normal 0 0 1
    outer loop
      vertex 16.2729 60.2183 2
      vertex 16.2729 59.7817 2
      vertex 16.3014 59.6755 2
    endloop
  endfacet
  facet normal -0 0 1
    outer loop
      vertex 16.2558 60.1098 2
      vertex 16.2729 59.7817 2
      vertex 16.2729 60.2183 2
    endloop
  endfacet
  facet normal 0 0 1
    outer loop
      vertex 16.2558 60.1098 2
      vertex 16.2558 59.8902 2
      vertex 16.2729 59.7817 2
    endloop
  endfacet
  facet normal 0 -0 1
    outer loop
      vertex 16.2558 59.8902 2
      vertex 16.2558 60.1098 2
      vertex 16.25 60 2
    endloop
  endfacet
  facet normal 1 -0 0
    outer loop
      vertex 26.5 -2 45
      vertex 26.5 2 30
      vertex 26.5 2 45
    endloop
  endfacet
  facet normal 1 0 0
    outer loop
      vertex 26.5 2 30
      vertex 26.5 -2 45
      vertex 26.5 -2 30
    endloop
  endfacet
  facet normal 0 0 -1
    outer loop
      vertex 26.5 -2 45
      vertex 53.5 2 45
      vertex 53.5 -2 45
    endloop
  endfacet
  facet normal -0 0 -1
    outer loop
      vertex 53.5 2 45
      vertex 26.5 -2 45
      vertex 26.5 2 45
    endloop
  endfacet
  facet normal -1 0 0
    outer loop
      vertex 53.5 -2 30
      vertex 53.5 2 45
      vertex 53.5 2 30
    endloop
  endfacet
  facet normal -1 -0 0
    outer loop
      vertex 53.5 2 45
      vertex 53.5 -2 30
      vertex 53.5 -2 45
    endloop
  endfacet
  facet normal -0 0 1
    outer loop
      vertex 26.5 2 30
      vertex 53.5 -2 30
      vertex 53.5 2 30
    endloop
  endfacet
  facet normal 0 0 1
    outer loop
      vertex 53.5 -2 30
      vertex 26.5 2 30
      vertex 26.5 -2 30
    endloop
  endfacet
  facet normal -0.998626 0 0.0524013
    outer loop
      vertex 23.4808 -2 19.6341
      vertex 23.5 2 20
      vertex 23.4808 2 19.6341
    endloop
  endfacet
  facet normal -0.998626 0 0.0524013
    outer loop
      vertex 23.5 2 20
      vertex 23.4808 -2 19.6341
      vertex 23.5 -2 20
    endloop
  endfacet
  facet normal 0.0524013 0 0.998626
    outer loop
      vertex 19.6341 2 16.5192
      vertex 20 -2 16.5
      vertex 20 2 16.5
    endloop
  endfacet
  facet normal 0.0524013 0 0.998626
    outer loop
      vertex 20 -2 16.5
      vertex 19.6341 2 16.5192
      vertex 19.6341 -2 16.5192
    endloop
  endfacet
  facet normal -0.0524155 0 -0.998625
    outer loop
      vertex 20 -2 23.5
      vertex 20.3658 2 23.4808
      vertex 20.3658 -2 23.4808
    endloop
  endfacet
  facet normal -0.0524155 0 -0.998625
    outer loop
      vertex 20.3658 2 23.4808
      vertex 20 -2 23.5
      vertex 20 2 23.5
    endloop
  endfacet
  facet normal -0.707107 0 0.707107
    outer loop
      vertex 22.342 -2 17.399
      vertex 22.601 2 17.658
      vertex 22.342 2 17.399
    endloop
  endfacet
  facet normal -0.707107 0 0.707107
    outer loop
      vertex 22.601 2 17.658
      vertex 22.342 -2 17.399
      vertex 22.601 -2 17.658
    endloop
  endfacet
  facet normal 0.707107 -0 0.707107
    outer loop
      vertex 17.399 -2 17.658
      vertex 17.658 2 17.399
      vertex 17.399 2 17.658
    endloop
  endfacet
  facet normal 0.707107 0 0.707107
    outer loop
      vertex 17.658 2 17.399
      vertex 17.399 -2 17.658
      vertex 17.658 -2 17.399
    endloop
  endfacet
  facet normal 0.453971 0 0.891017
    outer loop
      vertex 18.25 2 16.9689
      vertex 18.5764 -2 16.8026
      vertex 18.5764 2 16.8026
    endloop
  endfacet
  facet normal 0.453971 0 0.891017
    outer loop
      vertex 18.5764 -2 16.8026
      vertex 18.25 2 16.9689
      vertex 18.25 -2 16.9689
    endloop
  endfacet
  facet normal -0.838668 0 -0.544643
    outer loop
      vertex 23.0311 -2 21.75
      vertex 22.8316 2 22.0572
      vertex 23.0311 2 21.75
    endloop
  endfacet
  facet normal -0.838668 -0 -0.544643
    outer loop
      vertex 22.8316 2 22.0572
      vertex 23.0311 -2 21.75
      vertex 22.8316 -2 22.0572
    endloop
  endfacet
  facet normal -0.891017 0 0.453971
    outer loop
      vertex 23.0311 -2 18.25
      vertex 23.1974 2 18.5764
      vertex 23.0311 2 18.25
    endloop
  endfacet
  facet normal -0.891017 0 0.453971
    outer loop
      vertex 23.1974 2 18.5764
      vertex 23.0311 -2 18.25
      vertex 23.1974 -2 18.5764
    endloop
  endfacet
  facet normal -0.838668 0 0.544643
    outer loop
      vertex 22.8316 -2 17.9428
      vertex 23.0311 2 18.25
      vertex 22.8316 2 17.9428
    endloop
  endfacet
  facet normal -0.838668 0 0.544643
    outer loop
      vertex 23.0311 2 18.25
      vertex 22.8316 -2 17.9428
      vertex 23.0311 -2 18.25
    endloop
  endfacet
  facet normal -0.358412 0 0.933564
    outer loop
      vertex 21.0816 2 16.6713
      vertex 21.4236 -2 16.8026
      vertex 21.4236 2 16.8026
    endloop
  endfacet
  facet normal -0.358412 0 0.933564
    outer loop
      vertex 21.4236 -2 16.8026
      vertex 21.0816 2 16.6713
      vertex 21.0816 -2 16.6713
    endloop
  endfacet
  facet normal -0.544643 0 0.838668
    outer loop
      vertex 21.75 2 16.9689
      vertex 22.0572 -2 17.1684
      vertex 22.0572 2 17.1684
    endloop
  endfacet
  facet normal -0.544643 0 0.838668
    outer loop
      vertex 22.0572 -2 17.1684
      vertex 21.75 2 16.9689
      vertex 21.75 -2 16.9689
    endloop
  endfacet
  facet normal 0.933564 -0 0.358412
    outer loop
      vertex 16.6713 -2 18.9184
      vertex 16.8026 2 18.5764
      vertex 16.6713 2 18.9184
    endloop
  endfacet
  facet normal 0.933564 0 0.358412
    outer loop
      vertex 16.8026 2 18.5764
      vertex 16.6713 -2 18.9184
      vertex 16.8026 -2 18.5764
    endloop
  endfacet
  facet normal 0.544643 0 0.838668
    outer loop
      vertex 17.9428 2 17.1684
      vertex 18.25 -2 16.9689
      vertex 18.25 2 16.9689
    endloop
  endfacet
  facet normal 0.544643 0 0.838668
    outer loop
      vertex 18.25 -2 16.9689
      vertex 17.9428 2 17.1684
      vertex 17.9428 -2 17.1684
    endloop
  endfacet
  facet normal 0.25875 0 0.965944
    outer loop
      vertex 18.9184 2 16.6713
      vertex 19.2723 -2 16.5765
      vertex 19.2723 2 16.5765
    endloop
  endfacet
  facet normal 0.25875 0 0.965944
    outer loop
      vertex 19.2723 -2 16.5765
      vertex 18.9184 2 16.6713
      vertex 18.9184 -2 16.6713
    endloop
  endfacet
  facet normal -0.987696 0 -0.156383
    outer loop
      vertex 23.4808 -2 20.3658
      vertex 23.4235 2 20.7277
      vertex 23.4808 2 20.3658
    endloop
  endfacet
  facet normal -0.987696 -0 -0.156383
    outer loop
      vertex 23.4235 2 20.7277
      vertex 23.4808 -2 20.3658
      vertex 23.4235 -2 20.7277
    endloop
  endfacet
  facet normal -0.156383 0 -0.987696
    outer loop
      vertex 20.3658 -2 23.4808
      vertex 20.7277 2 23.4235
      vertex 20.7277 -2 23.4235
    endloop
  endfacet
  facet normal -0.156383 0 -0.987696
    outer loop
      vertex 20.7277 2 23.4235
      vertex 20.3658 -2 23.4808
      vertex 20.3658 2 23.4808
    endloop
  endfacet
  facet normal -0.965944 0 0.25875
    outer loop
      vertex 23.3287 -2 18.9184
      vertex 23.4235 2 19.2723
      vertex 23.3287 2 18.9184
    endloop
  endfacet
  facet normal -0.965944 0 0.25875
    outer loop
      vertex 23.4235 2 19.2723
      vertex 23.3287 -2 18.9184
      vertex 23.4235 -2 19.2723
    endloop
  endfacet
  facet normal -0.98769 0 0.156425
    outer loop
      vertex 23.4235 -2 19.2723
      vertex 23.4808 2 19.6341
      vertex 23.4235 2 19.2723
    endloop
  endfacet
  facet normal -0.98769 0 0.156425
    outer loop
      vertex 23.4808 2 19.6341
      vertex 23.4235 -2 19.2723
      vertex 23.4808 -2 19.6341
    endloop
  endfacet
  facet normal -0.933564 0 0.358412
    outer loop
      vertex 23.1974 -2 18.5764
      vertex 23.3287 2 18.9184
      vertex 23.1974 2 18.5764
    endloop
  endfacet
  facet normal -0.933564 0 0.358412
    outer loop
      vertex 23.3287 2 18.9184
      vertex 23.1974 -2 18.5764
      vertex 23.3287 -2 18.9184
    endloop
  endfacet
  facet normal -0.777181 0 0.629277
    outer loop
      vertex 22.601 -2 17.658
      vertex 22.8316 2 17.9428
      vertex 22.601 2 17.658
    endloop
  endfacet
  facet normal -0.777181 0 0.629277
    outer loop
      vertex 22.8316 2 17.9428
      vertex 22.601 -2 17.658
      vertex 22.8316 -2 17.9428
    endloop
  endfacet
  facet normal -0.156383 0 0.987696
    outer loop
      vertex 20.3658 2 16.5192
      vertex 20.7277 -2 16.5765
      vertex 20.7277 2 16.5765
    endloop
  endfacet
  facet normal -0.156383 0 0.987696
    outer loop
      vertex 20.7277 -2 16.5765
      vertex 20.3658 2 16.5192
      vertex 20.3658 -2 16.5192
    endloop
  endfacet
  facet normal -0.25875 0 0.965944
    outer loop
      vertex 20.7277 2 16.5765
      vertex 21.0816 -2 16.6713
      vertex 21.0816 2 16.6713
    endloop
  endfacet
  facet normal -0.25875 0 0.965944
    outer loop
      vertex 21.0816 -2 16.6713
      vertex 20.7277 2 16.5765
      vertex 20.7277 -2 16.5765
    endloop
  endfacet
  facet normal -0.0524155 0 0.998625
    outer loop
      vertex 20 2 16.5
      vertex 20.3658 -2 16.5192
      vertex 20.3658 2 16.5192
    endloop
  endfacet
  facet normal -0.0524155 0 0.998625
    outer loop
      vertex 20.3658 -2 16.5192
      vertex 20 2 16.5
      vertex 20 -2 16.5
    endloop
  endfacet
  facet normal -0.453971 0 0.891017
    outer loop
      vertex 21.4236 2 16.8026
      vertex 21.75 -2 16.9689
      vertex 21.75 2 16.9689
    endloop
  endfacet
  facet normal -0.453971 0 0.891017
    outer loop
      vertex 21.75 -2 16.9689
      vertex 21.4236 2 16.8026
      vertex 21.4236 -2 16.8026
    endloop
  endfacet
  facet normal -0.629277 0 0.777181
    outer loop
      vertex 22.0572 2 17.1684
      vertex 22.342 -2 17.399
      vertex 22.342 2 17.399
    endloop
  endfacet
  facet normal -0.629277 0 0.777181
    outer loop
      vertex 22.342 -2 17.399
      vertex 22.0572 2 17.1684
      vertex 22.0572 -2 17.1684
    endloop
  endfacet
  facet normal 0.98769 -0 0.156425
    outer loop
      vertex 16.5192 -2 19.6341
      vertex 16.5765 2 19.2723
      vertex 16.5192 2 19.6341
    endloop
  endfacet
  facet normal 0.98769 0 0.156425
    outer loop
      vertex 16.5765 2 19.2723
      vertex 16.5192 -2 19.6341
      vertex 16.5765 -2 19.2723
    endloop
  endfacet
  facet normal 0.838668 -0 0.544643
    outer loop
      vertex 16.9689 -2 18.25
      vertex 17.1684 2 17.9428
      vertex 16.9689 2 18.25
    endloop
  endfacet
  facet normal 0.838668 0 0.544643
    outer loop
      vertex 17.1684 2 17.9428
      vertex 16.9689 -2 18.25
      vertex 17.1684 -2 17.9428
    endloop
  endfacet
  facet normal 0.777181 -0 0.629277
    outer loop
      vertex 17.1684 -2 17.9428
      vertex 17.399 2 17.658
      vertex 17.1684 2 17.9428
    endloop
  endfacet
  facet normal 0.777181 0 0.629277
    outer loop
      vertex 17.399 2 17.658
      vertex 17.1684 -2 17.9428
      vertex 17.399 -2 17.658
    endloop
  endfacet
  facet normal 0.891017 -0 0.453971
    outer loop
      vertex 16.8026 -2 18.5764
      vertex 16.9689 2 18.25
      vertex 16.8026 2 18.5764
    endloop
  endfacet
  facet normal 0.891017 0 0.453971
    outer loop
      vertex 16.9689 2 18.25
      vertex 16.8026 -2 18.5764
      vertex 16.9689 -2 18.25
    endloop
  endfacet
  facet normal 0.965944 -0 0.25875
    outer loop
      vertex 16.5765 -2 19.2723
      vertex 16.6713 2 18.9184
      vertex 16.5765 2 19.2723
    endloop
  endfacet
  facet normal 0.965944 0 0.25875
    outer loop
      vertex 16.6713 2 18.9184
      vertex 16.5765 -2 19.2723
      vertex 16.6713 -2 18.9184
    endloop
  endfacet
  facet normal 0.998626 -0 0.0524013
    outer loop
      vertex 16.5 -2 20
      vertex 16.5192 2 19.6341
      vertex 16.5 2 20
    endloop
  endfacet
  facet normal 0.998626 0 0.0524013
    outer loop
      vertex 16.5192 2 19.6341
      vertex 16.5 -2 20
      vertex 16.5192 -2 19.6341
    endloop
  endfacet
  facet normal 0.629277 0 0.777181
    outer loop
      vertex 17.658 2 17.399
      vertex 17.9428 -2 17.1684
      vertex 17.9428 2 17.1684
    endloop
  endfacet
  facet normal 0.629277 0 0.777181
    outer loop
      vertex 17.9428 -2 17.1684
      vertex 17.658 2 17.399
      vertex 17.658 -2 17.399
    endloop
  endfacet
  facet normal 0.358412 0 0.933564
    outer loop
      vertex 18.5764 2 16.8026
      vertex 18.9184 -2 16.6713
      vertex 18.9184 2 16.6713
    endloop
  endfacet
  facet normal 0.358412 0 0.933564
    outer loop
      vertex 18.9184 -2 16.6713
      vertex 18.5764 2 16.8026
      vertex 18.5764 -2 16.8026
    endloop
  endfacet
  facet normal 0.156425 0 0.98769
    outer loop
      vertex 19.2723 2 16.5765
      vertex 19.6341 -2 16.5192
      vertex 19.6341 2 16.5192
    endloop
  endfacet
  facet normal 0.156425 0 0.98769
    outer loop
      vertex 19.6341 -2 16.5192
      vertex 19.2723 2 16.5765
      vertex 19.2723 -2 16.5765
    endloop
  endfacet
  facet normal -0.998625 0 -0.0524155
    outer loop
      vertex 23.5 -2 20
      vertex 23.4808 2 20.3658
      vertex 23.5 2 20
    endloop
  endfacet
  facet normal -0.998625 -0 -0.0524155
    outer loop
      vertex 23.4808 2 20.3658
      vertex 23.5 -2 20
      vertex 23.4808 -2 20.3658
    endloop
  endfacet
  facet normal -0.707107 0 -0.707107
    outer loop
      vertex 22.601 -2 22.342
      vertex 22.342 2 22.601
      vertex 22.601 2 22.342
    endloop
  endfacet
  facet normal -0.707107 -0 -0.707107
    outer loop
      vertex 22.342 2 22.601
      vertex 22.601 -2 22.342
      vertex 22.342 -2 22.601
    endloop
  endfacet
  facet normal 0.629277 0 -0.777181
    outer loop
      vertex 17.658 -2 22.601
      vertex 17.9428 2 22.8316
      vertex 17.9428 -2 22.8316
    endloop
  endfacet
  facet normal 0.629277 0 -0.777181
    outer loop
      vertex 17.9428 2 22.8316
      vertex 17.658 -2 22.601
      vertex 17.658 2 22.601
    endloop
  endfacet
  facet normal 0.838668 0 -0.544643
    outer loop
      vertex 17.1684 -2 22.0572
      vertex 16.9689 2 21.75
      vertex 17.1684 2 22.0572
    endloop
  endfacet
  facet normal 0.838668 0 -0.544643
    outer loop
      vertex 16.9689 2 21.75
      vertex 17.1684 -2 22.0572
      vertex 16.9689 -2 21.75
    endloop
  endfacet
  facet normal 0.707107 0 -0.707107
    outer loop
      vertex 17.399 -2 22.342
      vertex 17.658 2 22.601
      vertex 17.658 -2 22.601
    endloop
  endfacet
  facet normal 0.707107 0 -0.707107
    outer loop
      vertex 17.658 2 22.601
      vertex 17.399 -2 22.342
      vertex 17.399 2 22.342
    endloop
  endfacet
  facet normal 0.998625 0 -0.0524155
    outer loop
      vertex 16.5192 -2 20.3658
      vertex 16.5 2 20
      vertex 16.5192 2 20.3658
    endloop
  endfacet
  facet normal 0.998625 0 -0.0524155
    outer loop
      vertex 16.5 2 20
      vertex 16.5192 -2 20.3658
      vertex 16.5 -2 20
    endloop
  endfacet
  facet normal -0.965944 0 -0.25875
    outer loop
      vertex 23.4235 -2 20.7277
      vertex 23.3287 2 21.0816
      vertex 23.4235 2 20.7277
    endloop
  endfacet
  facet normal -0.965944 -0 -0.25875
    outer loop
      vertex 23.3287 2 21.0816
      vertex 23.4235 -2 20.7277
      vertex 23.3287 -2 21.0816
    endloop
  endfacet
  facet normal -0.891017 0 -0.453971
    outer loop
      vertex 23.1974 -2 21.4236
      vertex 23.0311 2 21.75
      vertex 23.1974 2 21.4236
    endloop
  endfacet
  facet normal -0.891017 -0 -0.453971
    outer loop
      vertex 23.0311 2 21.75
      vertex 23.1974 -2 21.4236
      vertex 23.0311 -2 21.75
    endloop
  endfacet
  facet normal -0.777181 0 -0.629277
    outer loop
      vertex 22.8316 -2 22.0572
      vertex 22.601 2 22.342
      vertex 22.8316 2 22.0572
    endloop
  endfacet
  facet normal -0.777181 -0 -0.629277
    outer loop
      vertex 22.601 2 22.342
      vertex 22.8316 -2 22.0572
      vertex 22.601 -2 22.342
    endloop
  endfacet
  facet normal 0.25875 0 -0.965944
    outer loop
      vertex 18.9184 -2 23.3287
      vertex 19.2723 2 23.4235
      vertex 19.2723 -2 23.4235
    endloop
  endfacet
  facet normal 0.25875 0 -0.965944
    outer loop
      vertex 19.2723 2 23.4235
      vertex 18.9184 -2 23.3287
      vertex 18.9184 2 23.3287
    endloop
  endfacet
  facet normal 0.453971 0 -0.891017
    outer loop
      vertex 18.25 -2 23.0311
      vertex 18.5764 2 23.1974
      vertex 18.5764 -2 23.1974
    endloop
  endfacet
  facet normal 0.453971 0 -0.891017
    outer loop
      vertex 18.5764 2 23.1974
      vertex 18.25 -2 23.0311
      vertex 18.25 2 23.0311
    endloop
  endfacet
  facet normal 0.933564 0 -0.358412
    outer loop
      vertex 16.8026 -2 21.4236
      vertex 16.6713 2 21.0816
      vertex 16.8026 2 21.4236
    endloop
  endfacet
  facet normal 0.933564 0 -0.358412
    outer loop
      vertex 16.6713 2 21.0816
      vertex 16.8026 -2 21.4236
      vertex 16.6713 -2 21.0816
    endloop
  endfacet
  facet normal 0.987696 0 -0.156383
    outer loop
      vertex 16.5765 -2 20.7277
      vertex 16.5192 2 20.3658
      vertex 16.5765 2 20.7277
    endloop
  endfacet
  facet normal 0.987696 0 -0.156383
    outer loop
      vertex 16.5192 2 20.3658
      vertex 16.5765 -2 20.7277
      vertex 16.5192 -2 20.3658
    endloop
  endfacet
  facet normal -0.358412 0 -0.933564
    outer loop
      vertex 21.0816 -2 23.3287
      vertex 21.4236 2 23.1974
      vertex 21.4236 -2 23.1974
    endloop
  endfacet
  facet normal -0.358412 0 -0.933564
    outer loop
      vertex 21.4236 2 23.1974
      vertex 21.0816 -2 23.3287
      vertex 21.0816 2 23.3287
    endloop
  endfacet
  facet normal -0.25875 0 -0.965944
    outer loop
      vertex 20.7277 -2 23.4235
      vertex 21.0816 2 23.3287
      vertex 21.0816 -2 23.3287
    endloop
  endfacet
  facet normal -0.25875 0 -0.965944
    outer loop
      vertex 21.0816 2 23.3287
      vertex 20.7277 -2 23.4235
      vertex 20.7277 2 23.4235
    endloop
  endfacet
  facet normal -0.629277 0 -0.777181
    outer loop
      vertex 22.0572 -2 22.8316
      vertex 22.342 2 22.601
      vertex 22.342 -2 22.601
    endloop
  endfacet
  facet normal -0.629277 0 -0.777181
    outer loop
      vertex 22.342 2 22.601
      vertex 22.0572 -2 22.8316
      vertex 22.0572 2 22.8316
    endloop
  endfacet
  facet normal -0.544643 0 -0.838668
    outer loop
      vertex 21.75 -2 23.0311
      vertex 22.0572 2 22.8316
      vertex 22.0572 -2 22.8316
    endloop
  endfacet
  facet normal -0.544643 0 -0.838668
    outer loop
      vertex 22.0572 2 22.8316
      vertex 21.75 -2 23.0311
      vertex 21.75 2 23.0311
    endloop
  endfacet
  facet normal -0.933564 0 -0.358412
    outer loop
      vertex 23.3287 -2 21.0816
      vertex 23.1974 2 21.4236
      vertex 23.3287 2 21.0816
    endloop
  endfacet
  facet normal -0.933564 -0 -0.358412
    outer loop
      vertex 23.1974 2 21.4236
      vertex 23.3287 -2 21.0816
      vertex 23.1974 -2 21.4236
    endloop
  endfacet
  facet normal 0.156425 0 -0.98769
    outer loop
      vertex 19.2723 -2 23.4235
      vertex 19.6341 2 23.4808
      vertex 19.6341 -2 23.4808
    endloop
  endfacet
  facet normal 0.156425 0 -0.98769
    outer loop
      vertex 19.6341 2 23.4808
      vertex 19.2723 -2 23.4235
      vertex 19.2723 2 23.4235
    endloop
  endfacet
  facet normal 0.358412 0 -0.933564
    outer loop
      vertex 18.5764 -2 23.1974
      vertex 18.9184 2 23.3287
      vertex 18.9184 -2 23.3287
    endloop
  endfacet
  facet normal 0.358412 0 -0.933564
    outer loop
      vertex 18.9184 2 23.3287
      vertex 18.5764 -2 23.1974
      vertex 18.5764 2 23.1974
    endloop
  endfacet
  facet normal 0.777181 0 -0.629277
    outer loop
      vertex 17.399 -2 22.342
      vertex 17.1684 2 22.0572
      vertex 17.399 2 22.342
    endloop
  endfacet
  facet normal 0.777181 0 -0.629277
    outer loop
      vertex 17.1684 2 22.0572
      vertex 17.399 -2 22.342
      vertex 17.1684 -2 22.0572
    endloop
  endfacet
  facet normal 0.891017 0 -0.453971
    outer loop
      vertex 16.9689 -2 21.75
      vertex 16.8026 2 21.4236
      vertex 16.9689 2 21.75
    endloop
  endfacet
  facet normal 0.891017 0 -0.453971
    outer loop
      vertex 16.8026 2 21.4236
      vertex 16.9689 -2 21.75
      vertex 16.8026 -2 21.4236
    endloop
  endfacet
  facet normal 0.965944 0 -0.25875
    outer loop
      vertex 16.6713 -2 21.0816
      vertex 16.5765 2 20.7277
      vertex 16.6713 2 21.0816
    endloop
  endfacet
  facet normal 0.965944 0 -0.25875
    outer loop
      vertex 16.5765 2 20.7277
      vertex 16.6713 -2 21.0816
      vertex 16.5765 -2 20.7277
    endloop
  endfacet
  facet normal -0.453971 0 -0.891017
    outer loop
      vertex 21.4236 -2 23.1974
      vertex 21.75 2 23.0311
      vertex 21.75 -2 23.0311
    endloop
  endfacet
  facet normal -0.453971 0 -0.891017
    outer loop
      vertex 21.75 2 23.0311
      vertex 21.4236 -2 23.1974
      vertex 21.4236 2 23.1974
    endloop
  endfacet
  facet normal 0.0524013 0 -0.998626
    outer loop
      vertex 19.6341 -2 23.4808
      vertex 20 2 23.5
      vertex 20 -2 23.5
    endloop
  endfacet
  facet normal 0.0524013 0 -0.998626
    outer loop
      vertex 20 2 23.5
      vertex 19.6341 -2 23.4808
      vertex 19.6341 2 23.4808
    endloop
  endfacet
  facet normal 0.544643 0 -0.838668
    outer loop
      vertex 17.9428 -2 22.8316
      vertex 18.25 2 23.0311
      vertex 18.25 -2 23.0311
    endloop
  endfacet
  facet normal 0.544643 0 -0.838668
    outer loop
      vertex 18.25 2 23.0311
      vertex 17.9428 -2 22.8316
      vertex 17.9428 2 22.8316
    endloop
  endfacet
  facet normal -0.998626 0 0.0524013
    outer loop
      vertex 43.4808 -2 19.6341
      vertex 43.5 2 20
      vertex 43.4808 2 19.6341
    endloop
  endfacet
  facet normal -0.998626 0 0.0524013
    outer loop
      vertex 43.5 2 20
      vertex 43.4808 -2 19.6341
      vertex 43.5 -2 20
    endloop
  endfacet
  facet normal 0.0524013 0 0.998626
    outer loop
      vertex 39.6341 2 16.5192
      vertex 40 -2 16.5
      vertex 40 2 16.5
    endloop
  endfacet
  facet normal 0.0524013 0 0.998626
    outer loop
      vertex 40 -2 16.5
      vertex 39.6341 2 16.5192
      vertex 39.6341 -2 16.5192
    endloop
  endfacet
  facet normal -0.707107 0 0.707107
    outer loop
      vertex 42.342 -2 17.399
      vertex 42.601 2 17.658
      vertex 42.342 2 17.399
    endloop
  endfacet
  facet normal -0.707107 0 0.707107
    outer loop
      vertex 42.601 2 17.658
      vertex 42.342 -2 17.399
      vertex 42.601 -2 17.658
    endloop
  endfacet
  facet normal 0.707107 -0 0.707107
    outer loop
      vertex 37.399 -2 17.658
      vertex 37.658 2 17.399
      vertex 37.399 2 17.658
    endloop
  endfacet
  facet normal 0.707107 0 0.707107
    outer loop
      vertex 37.658 2 17.399
      vertex 37.399 -2 17.658
      vertex 37.658 -2 17.399
    endloop
  endfacet
  facet normal 0.453971 0 0.891017
    outer loop
      vertex 38.25 2 16.9689
      vertex 38.5764 -2 16.8026
      vertex 38.5764 2 16.8026
    endloop
  endfacet
  facet normal 0.453971 0 0.891017
    outer loop
      vertex 38.5764 -2 16.8026
      vertex 38.25 2 16.9689
      vertex 38.25 -2 16.9689
    endloop
  endfacet
  facet normal -0.891017 0 0.453971
    outer loop
      vertex 43.0311 -2 18.25
      vertex 43.1974 2 18.5764
      vertex 43.0311 2 18.25
    endloop
  endfacet
  facet normal -0.891017 0 0.453971
    outer loop
      vertex 43.1974 2 18.5764
      vertex 43.0311 -2 18.25
      vertex 43.1974 -2 18.5764
    endloop
  endfacet
  facet normal -0.838668 0 0.544643
    outer loop
      vertex 42.8316 -2 17.9428
      vertex 43.0311 2 18.25
      vertex 42.8316 2 17.9428
    endloop
  endfacet
  facet normal -0.838668 0 0.544643
    outer loop
      vertex 43.0311 2 18.25
      vertex 42.8316 -2 17.9428
      vertex 43.0311 -2 18.25
    endloop
  endfacet
  facet normal -0.358412 0 0.933564
    outer loop
      vertex 41.0816 2 16.6713
      vertex 41.4236 -2 16.8026
      vertex 41.4236 2 16.8026
    endloop
  endfacet
  facet normal -0.358412 0 0.933564
    outer loop
      vertex 41.4236 -2 16.8026
      vertex 41.0816 2 16.6713
      vertex 41.0816 -2 16.6713
    endloop
  endfacet
  facet normal -0.544643 0 0.838668
    outer loop
      vertex 41.75 2 16.9689
      vertex 42.0572 -2 17.1684
      vertex 42.0572 2 17.1684
    endloop
  endfacet
  facet normal -0.544643 0 0.838668
    outer loop
      vertex 42.0572 -2 17.1684
      vertex 41.75 2 16.9689
      vertex 41.75 -2 16.9689
    endloop
  endfacet
  facet normal 0.933564 -0 0.358412
    outer loop
      vertex 36.6713 -2 18.9184
      vertex 36.8026 2 18.5764
      vertex 36.6713 2 18.9184
    endloop
  endfacet
  facet normal 0.933564 0 0.358412
    outer loop
      vertex 36.8026 2 18.5764
      vertex 36.6713 -2 18.9184
      vertex 36.8026 -2 18.5764
    endloop
  endfacet
  facet normal 0.544518 0 0.838749
    outer loop
      vertex 37.9427 2 17.1684
      vertex 38.25 -2 16.9689
      vertex 38.25 2 16.9689
    endloop
  endfacet
  facet normal 0.544518 0 0.838749
    outer loop
      vertex 38.25 -2 16.9689
      vertex 37.9427 2 17.1684
      vertex 37.9427 -2 17.1684
    endloop
  endfacet
  facet normal 0.25875 0 0.965944
    outer loop
      vertex 38.9184 2 16.6713
      vertex 39.2723 -2 16.5765
      vertex 39.2723 2 16.5765
    endloop
  endfacet
  facet normal 0.25875 0 0.965944
    outer loop
      vertex 39.2723 -2 16.5765
      vertex 38.9184 2 16.6713
      vertex 38.9184 -2 16.6713
    endloop
  endfacet
  facet normal -0.987696 0 -0.156383
    outer loop
      vertex 43.4808 -2 20.3658
      vertex 43.4235 2 20.7277
      vertex 43.4808 2 20.3658
    endloop
  endfacet
  facet normal -0.987696 -0 -0.156383
    outer loop
      vertex 43.4235 2 20.7277
      vertex 43.4808 -2 20.3658
      vertex 43.4235 -2 20.7277
    endloop
  endfacet
  facet normal 0.0524013 0 -0.998626
    outer loop
      vertex 39.6341 -2 23.4808
      vertex 40 2 23.5
      vertex 40 -2 23.5
    endloop
  endfacet
  facet normal 0.0524013 0 -0.998626
    outer loop
      vertex 40 2 23.5
      vertex 39.6341 -2 23.4808
      vertex 39.6341 2 23.4808
    endloop
  endfacet
  facet normal -0.156383 0 -0.987696
    outer loop
      vertex 40.3658 -2 23.4808
      vertex 40.7277 2 23.4235
      vertex 40.7277 -2 23.4235
    endloop
  endfacet
  facet normal -0.156383 0 -0.987696
    outer loop
      vertex 40.7277 2 23.4235
      vertex 40.3658 -2 23.4808
      vertex 40.3658 2 23.4808
    endloop
  endfacet
  facet normal -0.965944 0 0.25875
    outer loop
      vertex 43.3287 -2 18.9184
      vertex 43.4235 2 19.2723
      vertex 43.3287 2 18.9184
    endloop
  endfacet
  facet normal -0.965944 0 0.25875
    outer loop
      vertex 43.4235 2 19.2723
      vertex 43.3287 -2 18.9184
      vertex 43.4235 -2 19.2723
    endloop
  endfacet
  facet normal -0.98769 0 0.156425
    outer loop
      vertex 43.4235 -2 19.2723
      vertex 43.4808 2 19.6341
      vertex 43.4235 2 19.2723
    endloop
  endfacet
  facet normal -0.98769 0 0.156425
    outer loop
      vertex 43.4808 2 19.6341
      vertex 43.4235 -2 19.2723
      vertex 43.4808 -2 19.6341
    endloop
  endfacet
  facet normal -0.933564 0 0.358412
    outer loop
      vertex 43.1974 -2 18.5764
      vertex 43.3287 2 18.9184
      vertex 43.1974 2 18.5764
    endloop
  endfacet
  facet normal -0.933564 0 0.358412
    outer loop
      vertex 43.3287 2 18.9184
      vertex 43.1974 -2 18.5764
      vertex 43.3287 -2 18.9184
    endloop
  endfacet
  facet normal -0.777181 0 0.629277
    outer loop
      vertex 42.601 -2 17.658
      vertex 42.8316 2 17.9428
      vertex 42.601 2 17.658
    endloop
  endfacet
  facet normal -0.777181 0 0.629277
    outer loop
      vertex 42.8316 2 17.9428
      vertex 42.601 -2 17.658
      vertex 42.8316 -2 17.9428
    endloop
  endfacet
  facet normal -0.156383 0 0.987696
    outer loop
      vertex 40.3658 2 16.5192
      vertex 40.7277 -2 16.5765
      vertex 40.7277 2 16.5765
    endloop
  endfacet
  facet normal -0.156383 0 0.987696
    outer loop
      vertex 40.7277 -2 16.5765
      vertex 40.3658 2 16.5192
      vertex 40.3658 -2 16.5192
    endloop
  endfacet
  facet normal -0.25875 0 0.965944
    outer loop
      vertex 40.7277 2 16.5765
      vertex 41.0816 -2 16.6713
      vertex 41.0816 2 16.6713
    endloop
  endfacet
  facet normal -0.25875 0 0.965944
    outer loop
      vertex 41.0816 -2 16.6713
      vertex 40.7277 2 16.5765
      vertex 40.7277 -2 16.5765
    endloop
  endfacet
  facet normal -0.0524155 0 0.998625
    outer loop
      vertex 40 2 16.5
      vertex 40.3658 -2 16.5192
      vertex 40.3658 2 16.5192
    endloop
  endfacet
  facet normal -0.0524155 0 0.998625
    outer loop
      vertex 40.3658 -2 16.5192
      vertex 40 2 16.5
      vertex 40 -2 16.5
    endloop
  endfacet
  facet normal -0.453971 0 0.891017
    outer loop
      vertex 41.4236 2 16.8026
      vertex 41.75 -2 16.9689
      vertex 41.75 2 16.9689
    endloop
  endfacet
  facet normal -0.453971 0 0.891017
    outer loop
      vertex 41.75 -2 16.9689
      vertex 41.4236 2 16.8026
      vertex 41.4236 -2 16.8026
    endloop
  endfacet
  facet normal -0.629277 0 0.777181
    outer loop
      vertex 42.0572 2 17.1684
      vertex 42.342 -2 17.399
      vertex 42.342 2 17.399
    endloop
  endfacet
  facet normal -0.629277 0 0.777181
    outer loop
      vertex 42.342 -2 17.399
      vertex 42.0572 2 17.1684
      vertex 42.0572 -2 17.1684
    endloop
  endfacet
  facet normal 0.98769 -0 0.156425
    outer loop
      vertex 36.5192 -2 19.6341
      vertex 36.5765 2 19.2723
      vertex 36.5192 2 19.6341
    endloop
  endfacet
  facet normal 0.98769 0 0.156425
    outer loop
      vertex 36.5765 2 19.2723
      vertex 36.5192 -2 19.6341
      vertex 36.5765 -2 19.2723
    endloop
  endfacet
  facet normal 0.838668 -0 0.544643
    outer loop
      vertex 36.9689 -2 18.25
      vertex 37.1684 2 17.9428
      vertex 36.9689 2 18.25
    endloop
  endfacet
  facet normal 0.838668 0 0.544643
    outer loop
      vertex 37.1684 2 17.9428
      vertex 36.9689 -2 18.25
      vertex 37.1684 -2 17.9428
    endloop
  endfacet
  facet normal 0.777181 -0 0.629277
    outer loop
      vertex 37.1684 -2 17.9428
      vertex 37.399 2 17.658
      vertex 37.1684 2 17.9428
    endloop
  endfacet
  facet normal 0.777181 0 0.629277
    outer loop
      vertex 37.399 2 17.658
      vertex 37.1684 -2 17.9428
      vertex 37.399 -2 17.658
    endloop
  endfacet
  facet normal 0.891017 -0 0.453971
    outer loop
      vertex 36.8026 -2 18.5764
      vertex 36.9689 2 18.25
      vertex 36.8026 2 18.5764
    endloop
  endfacet
  facet normal 0.891017 0 0.453971
    outer loop
      vertex 36.9689 2 18.25
      vertex 36.8026 -2 18.5764
      vertex 36.9689 -2 18.25
    endloop
  endfacet
  facet normal 0.965944 -0 0.25875
    outer loop
      vertex 36.5765 -2 19.2723
      vertex 36.6713 2 18.9184
      vertex 36.5765 2 19.2723
    endloop
  endfacet
  facet normal 0.965944 0 0.25875
    outer loop
      vertex 36.6713 2 18.9184
      vertex 36.5765 -2 19.2723
      vertex 36.6713 -2 18.9184
    endloop
  endfacet
  facet normal 0.998626 -0 0.0524013
    outer loop
      vertex 36.5 -2 20
      vertex 36.5192 2 19.6341
      vertex 36.5 2 20
    endloop
  endfacet
  facet normal 0.998626 0 0.0524013
    outer loop
      vertex 36.5192 2 19.6341
      vertex 36.5 -2 20
      vertex 36.5192 -2 19.6341
    endloop
  endfacet
  facet normal 0.62941 0 0.777073
    outer loop
      vertex 37.658 2 17.399
      vertex 37.9427 -2 17.1684
      vertex 37.9427 2 17.1684
    endloop
  endfacet
  facet normal 0.62941 0 0.777073
    outer loop
      vertex 37.9427 -2 17.1684
      vertex 37.658 2 17.399
      vertex 37.658 -2 17.399
    endloop
  endfacet
  facet normal 0.358412 0 0.933564
    outer loop
      vertex 38.5764 2 16.8026
      vertex 38.9184 -2 16.6713
      vertex 38.9184 2 16.6713
    endloop
  endfacet
  facet normal 0.358412 0 0.933564
    outer loop
      vertex 38.9184 -2 16.6713
      vertex 38.5764 2 16.8026
      vertex 38.5764 -2 16.8026
    endloop
  endfacet
  facet normal 0.156425 0 0.98769
    outer loop
      vertex 39.2723 2 16.5765
      vertex 39.6341 -2 16.5192
      vertex 39.6341 2 16.5192
    endloop
  endfacet
  facet normal 0.156425 0 0.98769
    outer loop
      vertex 39.6341 -2 16.5192
      vertex 39.2723 2 16.5765
      vertex 39.2723 -2 16.5765
    endloop
  endfacet
  facet normal -0.998625 0 -0.0524155
    outer loop
      vertex 43.5 -2 20
      vertex 43.4808 2 20.3658
      vertex 43.5 2 20
    endloop
  endfacet
  facet normal -0.998625 -0 -0.0524155
    outer loop
      vertex 43.4808 2 20.3658
      vertex 43.5 -2 20
      vertex 43.4808 -2 20.3658
    endloop
  endfacet
  facet normal -0.707107 0 -0.707107
    outer loop
      vertex 42.601 -2 22.342
      vertex 42.342 2 22.601
      vertex 42.601 2 22.342
    endloop
  endfacet
  facet normal -0.707107 -0 -0.707107
    outer loop
      vertex 42.342 2 22.601
      vertex 42.601 -2 22.342
      vertex 42.342 -2 22.601
    endloop
  endfacet
  facet normal 0.838668 0 -0.544643
    outer loop
      vertex 37.1684 -2 22.0572
      vertex 36.9689 2 21.75
      vertex 37.1684 2 22.0572
    endloop
  endfacet
  facet normal 0.838668 0 -0.544643
    outer loop
      vertex 36.9689 2 21.75
      vertex 37.1684 -2 22.0572
      vertex 36.9689 -2 21.75
    endloop
  endfacet
  facet normal -0.453971 0 -0.891017
    outer loop
      vertex 41.4236 -2 23.1974
      vertex 41.75 2 23.0311
      vertex 41.75 -2 23.0311
    endloop
  endfacet
  facet normal -0.453971 0 -0.891017
    outer loop
      vertex 41.75 2 23.0311
      vertex 41.4236 -2 23.1974
      vertex 41.4236 2 23.1974
    endloop
  endfacet
  facet normal 0.998625 0 -0.0524155
    outer loop
      vertex 36.5192 -2 20.3658
      vertex 36.5 2 20
      vertex 36.5192 2 20.3658
    endloop
  endfacet
  facet normal 0.998625 0 -0.0524155
    outer loop
      vertex 36.5 2 20
      vertex 36.5192 -2 20.3658
      vertex 36.5 -2 20
    endloop
  endfacet
  facet normal -0.933564 0 -0.358412
    outer loop
      vertex 43.3287 -2 21.0816
      vertex 43.1974 2 21.4236
      vertex 43.3287 2 21.0816
    endloop
  endfacet
  facet normal -0.933564 -0 -0.358412
    outer loop
      vertex 43.1974 2 21.4236
      vertex 43.3287 -2 21.0816
      vertex 43.1974 -2 21.4236
    endloop
  endfacet
  facet normal -0.965944 0 -0.25875
    outer loop
      vertex 43.4235 -2 20.7277
      vertex 43.3287 2 21.0816
      vertex 43.4235 2 20.7277
    endloop
  endfacet
  facet normal -0.965944 -0 -0.25875
    outer loop
      vertex 43.3287 2 21.0816
      vertex 43.4235 -2 20.7277
      vertex 43.3287 -2 21.0816
    endloop
  endfacet
  facet normal -0.891017 0 -0.453971
    outer loop
      vertex 43.1974 -2 21.4236
      vertex 43.0311 2 21.75
      vertex 43.1974 2 21.4236
    endloop
  endfacet
  facet normal -0.891017 -0 -0.453971
    outer loop
      vertex 43.0311 2 21.75
      vertex 43.1974 -2 21.4236
      vertex 43.0311 -2 21.75
    endloop
  endfacet
  facet normal -0.838668 0 -0.544643
    outer loop
      vertex 43.0311 -2 21.75
      vertex 42.8316 2 22.0572
      vertex 43.0311 2 21.75
    endloop
  endfacet
  facet normal -0.838668 -0 -0.544643
    outer loop
      vertex 42.8316 2 22.0572
      vertex 43.0311 -2 21.75
      vertex 42.8316 -2 22.0572
    endloop
  endfacet
  facet normal -0.777181 0 -0.629277
    outer loop
      vertex 42.8316 -2 22.0572
      vertex 42.601 2 22.342
      vertex 42.8316 2 22.0572
    endloop
  endfacet
  facet normal -0.777181 -0 -0.629277
    outer loop
      vertex 42.601 2 22.342
      vertex 42.8316 -2 22.0572
      vertex 42.601 -2 22.342
    endloop
  endfacet
  facet normal 0.707107 0 -0.707107
    outer loop
      vertex 37.658 -2 22.601
      vertex 37.399 2 22.342
      vertex 37.658 2 22.601
    endloop
  endfacet
  facet normal 0.707107 0 -0.707107
    outer loop
      vertex 37.399 2 22.342
      vertex 37.658 -2 22.601
      vertex 37.399 -2 22.342
    endloop
  endfacet
  facet normal 0.933564 0 -0.358412
    outer loop
      vertex 36.8026 -2 21.4236
      vertex 36.6713 2 21.0816
      vertex 36.8026 2 21.4236
    endloop
  endfacet
  facet normal 0.933564 0 -0.358412
    outer loop
      vertex 36.6713 2 21.0816
      vertex 36.8026 -2 21.4236
      vertex 36.6713 -2 21.0816
    endloop
  endfacet
  facet normal 0.987696 0 -0.156383
    outer loop
      vertex 36.5765 -2 20.7277
      vertex 36.5192 2 20.3658
      vertex 36.5765 2 20.7277
    endloop
  endfacet
  facet normal 0.987696 0 -0.156383
    outer loop
      vertex 36.5192 2 20.3658
      vertex 36.5765 -2 20.7277
      vertex 36.5192 -2 20.3658
    endloop
  endfacet
  facet normal 0.965944 0 -0.25875
    outer loop
      vertex 36.6713 -2 21.0816
      vertex 36.5765 2 20.7277
      vertex 36.6713 2 21.0816
    endloop
  endfacet
  facet normal 0.965944 0 -0.25875
    outer loop
      vertex 36.5765 2 20.7277
      vertex 36.6713 -2 21.0816
      vertex 36.5765 -2 20.7277
    endloop
  endfacet
  facet normal -0.358412 0 -0.933564
    outer loop
      vertex 41.0816 -2 23.3287
      vertex 41.4236 2 23.1974
      vertex 41.4236 -2 23.1974
    endloop
  endfacet
  facet normal -0.358412 0 -0.933564
    outer loop
      vertex 41.4236 2 23.1974
      vertex 41.0816 -2 23.3287
      vertex 41.0816 2 23.3287
    endloop
  endfacet
  facet normal -0.25875 0 -0.965944
    outer loop
      vertex 40.7277 -2 23.4235
      vertex 41.0816 2 23.3287
      vertex 41.0816 -2 23.3287
    endloop
  endfacet
  facet normal -0.25875 0 -0.965944
    outer loop
      vertex 41.0816 2 23.3287
      vertex 40.7277 -2 23.4235
      vertex 40.7277 2 23.4235
    endloop
  endfacet
  facet normal -0.629277 0 -0.777181
    outer loop
      vertex 42.0572 -2 22.8316
      vertex 42.342 2 22.601
      vertex 42.342 -2 22.601
    endloop
  endfacet
  facet normal -0.629277 0 -0.777181
    outer loop
      vertex 42.342 2 22.601
      vertex 42.0572 -2 22.8316
      vertex 42.0572 2 22.8316
    endloop
  endfacet
  facet normal -0.544643 0 -0.838668
    outer loop
      vertex 41.75 -2 23.0311
      vertex 42.0572 2 22.8316
      vertex 42.0572 -2 22.8316
    endloop
  endfacet
  facet normal -0.544643 0 -0.838668
    outer loop
      vertex 42.0572 2 22.8316
      vertex 41.75 -2 23.0311
      vertex 41.75 2 23.0311
    endloop
  endfacet
  facet normal -0.0524155 0 -0.998625
    outer loop
      vertex 40 -2 23.5
      vertex 40.3658 2 23.4808
      vertex 40.3658 -2 23.4808
    endloop
  endfacet
  facet normal -0.0524155 0 -0.998625
    outer loop
      vertex 40.3658 2 23.4808
      vertex 40 -2 23.5
      vertex 40 2 23.5
    endloop
  endfacet
  facet normal 0.25875 0 -0.965944
    outer loop
      vertex 38.9184 -2 23.3287
      vertex 39.2723 2 23.4235
      vertex 39.2723 -2 23.4235
    endloop
  endfacet
  facet normal 0.25875 0 -0.965944
    outer loop
      vertex 39.2723 2 23.4235
      vertex 38.9184 -2 23.3287
      vertex 38.9184 2 23.3287
    endloop
  endfacet
  facet normal 0.156425 0 -0.98769
    outer loop
      vertex 39.2723 -2 23.4235
      vertex 39.6341 2 23.4808
      vertex 39.6341 -2 23.4808
    endloop
  endfacet
  facet normal 0.156425 0 -0.98769
    outer loop
      vertex 39.6341 2 23.4808
      vertex 39.2723 -2 23.4235
      vertex 39.2723 2 23.4235
    endloop
  endfacet
  facet normal 0.453971 0 -0.891017
    outer loop
      vertex 38.25 -2 23.0311
      vertex 38.5764 2 23.1974
      vertex 38.5764 -2 23.1974
    endloop
  endfacet
  facet normal 0.453971 0 -0.891017
    outer loop
      vertex 38.5764 2 23.1974
      vertex 38.25 -2 23.0311
      vertex 38.25 2 23.0311
    endloop
  endfacet
  facet normal 0.62941 0 -0.777073
    outer loop
      vertex 37.658 -2 22.601
      vertex 37.9427 2 22.8316
      vertex 37.9427 -2 22.8316
    endloop
  endfacet
  facet normal 0.62941 0 -0.777073
    outer loop
      vertex 37.9427 2 22.8316
      vertex 37.658 -2 22.601
      vertex 37.658 2 22.601
    endloop
  endfacet
  facet normal 0.777181 0 -0.629277
    outer loop
      vertex 37.399 -2 22.342
      vertex 37.1684 2 22.0572
      vertex 37.399 2 22.342
    endloop
  endfacet
  facet normal 0.777181 0 -0.629277
    outer loop
      vertex 37.1684 2 22.0572
      vertex 37.399 -2 22.342
      vertex 37.1684 -2 22.0572
    endloop
  endfacet
  facet normal 0.891017 0 -0.453971
    outer loop
      vertex 36.9689 -2 21.75
      vertex 36.8026 2 21.4236
      vertex 36.9689 2 21.75
    endloop
  endfacet
  facet normal 0.891017 0 -0.453971
    outer loop
      vertex 36.8026 2 21.4236
      vertex 36.9689 -2 21.75
      vertex 36.8026 -2 21.4236
    endloop
  endfacet
  facet normal 0.544518 0 -0.838749
    outer loop
      vertex 37.9427 -2 22.8316
      vertex 38.25 2 23.0311
      vertex 38.25 -2 23.0311
    endloop
  endfacet
  facet normal 0.544518 0 -0.838749
    outer loop
      vertex 38.25 2 23.0311
      vertex 37.9427 -2 22.8316
      vertex 37.9427 2 22.8316
    endloop
  endfacet
  facet normal 0.358412 0 -0.933564
    outer loop
      vertex 38.5764 -2 23.1974
      vertex 38.9184 2 23.3287
      vertex 38.9184 -2 23.3287
    endloop
  endfacet
  facet normal 0.358412 0 -0.933564
    outer loop
      vertex 38.9184 2 23.3287
      vertex 38.5764 -2 23.1974
      vertex 38.5764 2 23.1974
    endloop
  endfacet
  facet normal -0.998626 0 0.0524013
    outer loop
      vertex 63.4808 -2 19.6341
      vertex 63.5 2 20
      vertex 63.4808 2 19.6341
    endloop
  endfacet
  facet normal -0.998626 0 0.0524013
    outer loop
      vertex 63.5 2 20
      vertex 63.4808 -2 19.6341
      vertex 63.5 -2 20
    endloop
  endfacet
  facet normal 0.0524013 0 0.998626
    outer loop
      vertex 59.6341 2 16.5192
      vertex 60 -2 16.5
      vertex 60 2 16.5
    endloop
  endfacet
  facet normal 0.0524013 0 0.998626
    outer loop
      vertex 60 -2 16.5
      vertex 59.6341 2 16.5192
      vertex 59.6341 -2 16.5192
    endloop
  endfacet
  facet normal -0.707107 0 0.707107
    outer loop
      vertex 62.342 -2 17.399
      vertex 62.601 2 17.658
      vertex 62.342 2 17.399
    endloop
  endfacet
  facet normal -0.707107 0 0.707107
    outer loop
      vertex 62.601 2 17.658
      vertex 62.342 -2 17.399
      vertex 62.601 -2 17.658
    endloop
  endfacet
  facet normal 0.707107 -0 0.707107
    outer loop
      vertex 57.399 -2 17.658
      vertex 57.658 2 17.399
      vertex 57.399 2 17.658
    endloop
  endfacet
  facet normal 0.707107 0 0.707107
    outer loop
      vertex 57.658 2 17.399
      vertex 57.399 -2 17.658
      vertex 57.658 -2 17.399
    endloop
  endfacet
  facet normal 0.453971 0 0.891017
    outer loop
      vertex 58.25 2 16.9689
      vertex 58.5764 -2 16.8026
      vertex 58.5764 2 16.8026
    endloop
  endfacet
  facet normal 0.453971 0 0.891017
    outer loop
      vertex 58.5764 -2 16.8026
      vertex 58.25 2 16.9689
      vertex 58.25 -2 16.9689
    endloop
  endfacet
  facet normal -0.891017 0 0.453971
    outer loop
      vertex 63.0311 -2 18.25
      vertex 63.1974 2 18.5764
      vertex 63.0311 2 18.25
    endloop
  endfacet
  facet normal -0.891017 0 0.453971
    outer loop
      vertex 63.1974 2 18.5764
      vertex 63.0311 -2 18.25
      vertex 63.1974 -2 18.5764
    endloop
  endfacet
  facet normal -0.838668 0 0.544643
    outer loop
      vertex 62.8316 -2 17.9428
      vertex 63.0311 2 18.25
      vertex 62.8316 2 17.9428
    endloop
  endfacet
  facet normal -0.838668 0 0.544643
    outer loop
      vertex 63.0311 2 18.25
      vertex 62.8316 -2 17.9428
      vertex 63.0311 -2 18.25
    endloop
  endfacet
  facet normal -0.358412 0 0.933564
    outer loop
      vertex 61.0816 2 16.6713
      vertex 61.4236 -2 16.8026
      vertex 61.4236 2 16.8026
    endloop
  endfacet
  facet normal -0.358412 0 0.933564
    outer loop
      vertex 61.4236 -2 16.8026
      vertex 61.0816 2 16.6713
      vertex 61.0816 -2 16.6713
    endloop
  endfacet
  facet normal 0.891017 -0 0.453971
    outer loop
      vertex 56.8026 -2 18.5764
      vertex 56.9689 2 18.25
      vertex 56.8026 2 18.5764
    endloop
  endfacet
  facet normal 0.891017 0 0.453971
    outer loop
      vertex 56.9689 2 18.25
      vertex 56.8026 -2 18.5764
      vertex 56.9689 -2 18.25
    endloop
  endfacet
  facet normal 0.838668 -0 0.544643
    outer loop
      vertex 56.9689 -2 18.25
      vertex 57.1684 2 17.9428
      vertex 56.9689 2 18.25
    endloop
  endfacet
  facet normal 0.838668 0 0.544643
    outer loop
      vertex 57.1684 2 17.9428
      vertex 56.9689 -2 18.25
      vertex 57.1684 -2 17.9428
    endloop
  endfacet
  facet normal 0.998625 0 -0.0524155
    outer loop
      vertex 56.5192 -2 20.3658
      vertex 56.5 2 20
      vertex 56.5192 2 20.3658
    endloop
  endfacet
  facet normal 0.998625 0 -0.0524155
    outer loop
      vertex 56.5 2 20
      vertex 56.5192 -2 20.3658
      vertex 56.5 -2 20
    endloop
  endfacet
  facet normal 0.544518 0 0.838749
    outer loop
      vertex 57.9427 2 17.1684
      vertex 58.25 -2 16.9689
      vertex 58.25 2 16.9689
    endloop
  endfacet
  facet normal 0.544518 0 0.838749
    outer loop
      vertex 58.25 -2 16.9689
      vertex 57.9427 2 17.1684
      vertex 57.9427 -2 17.1684
    endloop
  endfacet
  facet normal -0.156383 0 -0.987696
    outer loop
      vertex 60.3658 -2 23.4808
      vertex 60.7277 2 23.4235
      vertex 60.7277 -2 23.4235
    endloop
  endfacet
  facet normal -0.156383 0 -0.987696
    outer loop
      vertex 60.7277 2 23.4235
      vertex 60.3658 -2 23.4808
      vertex 60.3658 2 23.4808
    endloop
  endfacet
  facet normal -0.965944 0 0.25875
    outer loop
      vertex 63.3287 -2 18.9184
      vertex 63.4235 2 19.2723
      vertex 63.3287 2 18.9184
    endloop
  endfacet
  facet normal -0.965944 0 0.25875
    outer loop
      vertex 63.4235 2 19.2723
      vertex 63.3287 -2 18.9184
      vertex 63.4235 -2 19.2723
    endloop
  endfacet
  facet normal -0.98769 0 0.156425
    outer loop
      vertex 63.4235 -2 19.2723
      vertex 63.4808 2 19.6341
      vertex 63.4235 2 19.2723
    endloop
  endfacet
  facet normal -0.98769 0 0.156425
    outer loop
      vertex 63.4808 2 19.6341
      vertex 63.4235 -2 19.2723
      vertex 63.4808 -2 19.6341
    endloop
  endfacet
  facet normal -0.933564 0 0.358412
    outer loop
      vertex 63.1974 -2 18.5764
      vertex 63.3287 2 18.9184
      vertex 63.1974 2 18.5764
    endloop
  endfacet
  facet normal -0.933564 0 0.358412
    outer loop
      vertex 63.3287 2 18.9184
      vertex 63.1974 -2 18.5764
      vertex 63.3287 -2 18.9184
    endloop
  endfacet
  facet normal -0.777181 0 0.629277
    outer loop
      vertex 62.601 -2 17.658
      vertex 62.8316 2 17.9428
      vertex 62.601 2 17.658
    endloop
  endfacet
  facet normal -0.777181 0 0.629277
    outer loop
      vertex 62.8316 2 17.9428
      vertex 62.601 -2 17.658
      vertex 62.8316 -2 17.9428
    endloop
  endfacet
  facet normal -0.156383 0 0.987696
    outer loop
      vertex 60.3658 2 16.5192
      vertex 60.7277 -2 16.5765
      vertex 60.7277 2 16.5765
    endloop
  endfacet
  facet normal -0.156383 0 0.987696
    outer loop
      vertex 60.7277 -2 16.5765
      vertex 60.3658 2 16.5192
      vertex 60.3658 -2 16.5192
    endloop
  endfacet
  facet normal -0.0524155 0 0.998625
    outer loop
      vertex 60 2 16.5
      vertex 60.3658 -2 16.5192
      vertex 60.3658 2 16.5192
    endloop
  endfacet
  facet normal -0.0524155 0 0.998625
    outer loop
      vertex 60.3658 -2 16.5192
      vertex 60 2 16.5
      vertex 60 -2 16.5
    endloop
  endfacet
  facet normal -0.629277 0 0.777181
    outer loop
      vertex 62.0572 2 17.1684
      vertex 62.342 -2 17.399
      vertex 62.342 2 17.399
    endloop
  endfacet
  facet normal -0.629277 0 0.777181
    outer loop
      vertex 62.342 -2 17.399
      vertex 62.0572 2 17.1684
      vertex 62.0572 -2 17.1684
    endloop
  endfacet
  facet normal -0.453971 0 0.891017
    outer loop
      vertex 61.4236 2 16.8026
      vertex 61.75 -2 16.9689
      vertex 61.75 2 16.9689
    endloop
  endfacet
  facet normal -0.453971 0 0.891017
    outer loop
      vertex 61.75 -2 16.9689
      vertex 61.4236 2 16.8026
      vertex 61.4236 -2 16.8026
    endloop
  endfacet
  facet normal -0.544643 0 0.838668
    outer loop
      vertex 61.75 2 16.9689
      vertex 62.0572 -2 17.1684
      vertex 62.0572 2 17.1684
    endloop
  endfacet
  facet normal -0.544643 0 0.838668
    outer loop
      vertex 62.0572 -2 17.1684
      vertex 61.75 2 16.9689
      vertex 61.75 -2 16.9689
    endloop
  endfacet
  facet normal 0.777181 -0 0.629277
    outer loop
      vertex 57.1684 -2 17.9428
      vertex 57.399 2 17.658
      vertex 57.1684 2 17.9428
    endloop
  endfacet
  facet normal 0.777181 0 0.629277
    outer loop
      vertex 57.399 2 17.658
      vertex 57.1684 -2 17.9428
      vertex 57.399 -2 17.658
    endloop
  endfacet
  facet normal 0.933564 -0 0.358412
    outer loop
      vertex 56.6713 -2 18.9184
      vertex 56.8026 2 18.5764
      vertex 56.6713 2 18.9184
    endloop
  endfacet
  facet normal 0.933564 0 0.358412
    outer loop
      vertex 56.8026 2 18.5764
      vertex 56.6713 -2 18.9184
      vertex 56.8026 -2 18.5764
    endloop
  endfacet
  facet normal 0.98769 -0 0.156425
    outer loop
      vertex 56.5192 -2 19.6341
      vertex 56.5765 2 19.2723
      vertex 56.5192 2 19.6341
    endloop
  endfacet
  facet normal 0.98769 0 0.156425
    outer loop
      vertex 56.5765 2 19.2723
      vertex 56.5192 -2 19.6341
      vertex 56.5765 -2 19.2723
    endloop
  endfacet
  facet normal 0.998626 -0 0.0524013
    outer loop
      vertex 56.5 -2 20
      vertex 56.5192 2 19.6341
      vertex 56.5 2 20
    endloop
  endfacet
  facet normal 0.998626 0 0.0524013
    outer loop
      vertex 56.5192 2 19.6341
      vertex 56.5 -2 20
      vertex 56.5192 -2 19.6341
    endloop
  endfacet
  facet normal 0.156425 0 0.98769
    outer loop
      vertex 59.2723 2 16.5765
      vertex 59.6341 -2 16.5192
      vertex 59.6341 2 16.5192
    endloop
  endfacet
  facet normal 0.156425 0 0.98769
    outer loop
      vertex 59.6341 -2 16.5192
      vertex 59.2723 2 16.5765
      vertex 59.2723 -2 16.5765
    endloop
  endfacet
  facet normal 0.25875 0 0.965944
    outer loop
      vertex 58.9184 2 16.6713
      vertex 59.2723 -2 16.5765
      vertex 59.2723 2 16.5765
    endloop
  endfacet
  facet normal 0.25875 0 0.965944
    outer loop
      vertex 59.2723 -2 16.5765
      vertex 58.9184 2 16.6713
      vertex 58.9184 -2 16.6713
    endloop
  endfacet
  facet normal -0.998625 0 -0.0524155
    outer loop
      vertex 63.5 -2 20
      vertex 63.4808 2 20.3658
      vertex 63.5 2 20
    endloop
  endfacet
  facet normal -0.998625 -0 -0.0524155
    outer loop
      vertex 63.4808 2 20.3658
      vertex 63.5 -2 20
      vertex 63.4808 -2 20.3658
    endloop
  endfacet
  facet normal 0.891017 0 -0.453971
    outer loop
      vertex 56.9689 -2 21.75
      vertex 56.8026 2 21.4236
      vertex 56.9689 2 21.75
    endloop
  endfacet
  facet normal 0.891017 0 -0.453971
    outer loop
      vertex 56.8026 2 21.4236
      vertex 56.9689 -2 21.75
      vertex 56.8026 -2 21.4236
    endloop
  endfacet
  facet normal -0.358412 0 -0.933564
    outer loop
      vertex 61.0816 -2 23.3287
      vertex 61.4236 2 23.1974
      vertex 61.4236 -2 23.1974
    endloop
  endfacet
  facet normal -0.358412 0 -0.933564
    outer loop
      vertex 61.4236 2 23.1974
      vertex 61.0816 -2 23.3287
      vertex 61.0816 2 23.3287
    endloop
  endfacet
  facet normal -0.25875 0 -0.965944
    outer loop
      vertex 60.7277 -2 23.4235
      vertex 61.0816 2 23.3287
      vertex 61.0816 -2 23.3287
    endloop
  endfacet
  facet normal -0.25875 0 -0.965944
    outer loop
      vertex 61.0816 2 23.3287
      vertex 60.7277 -2 23.4235
      vertex 60.7277 2 23.4235
    endloop
  endfacet
  facet normal -0.25875 0 0.965944
    outer loop
      vertex 60.7277 2 16.5765
      vertex 61.0816 -2 16.6713
      vertex 61.0816 2 16.6713
    endloop
  endfacet
  facet normal -0.25875 0 0.965944
    outer loop
      vertex 61.0816 -2 16.6713
      vertex 60.7277 2 16.5765
      vertex 60.7277 -2 16.5765
    endloop
  endfacet
  facet normal 0.965944 -0 0.25875
    outer loop
      vertex 56.5765 -2 19.2723
      vertex 56.6713 2 18.9184
      vertex 56.5765 2 19.2723
    endloop
  endfacet
  facet normal 0.965944 0 0.25875
    outer loop
      vertex 56.6713 2 18.9184
      vertex 56.5765 -2 19.2723
      vertex 56.6713 -2 18.9184
    endloop
  endfacet
  facet normal 0.62941 0 0.777073
    outer loop
      vertex 57.658 2 17.399
      vertex 57.9427 -2 17.1684
      vertex 57.9427 2 17.1684
    endloop
  endfacet
  facet normal 0.62941 0 0.777073
    outer loop
      vertex 57.9427 -2 17.1684
      vertex 57.658 2 17.399
      vertex 57.658 -2 17.399
    endloop
  endfacet
  facet normal 0.358412 0 0.933564
    outer loop
      vertex 58.5764 2 16.8026
      vertex 58.9184 -2 16.6713
      vertex 58.9184 2 16.6713
    endloop
  endfacet
  facet normal 0.358412 0 0.933564
    outer loop
      vertex 58.9184 -2 16.6713
      vertex 58.5764 2 16.8026
      vertex 58.5764 -2 16.8026
    endloop
  endfacet
  facet normal -0.933564 0 -0.358412
    outer loop
      vertex 63.3287 -2 21.0816
      vertex 63.1974 2 21.4236
      vertex 63.3287 2 21.0816
    endloop
  endfacet
  facet normal -0.933564 -0 -0.358412
    outer loop
      vertex 63.1974 2 21.4236
      vertex 63.3287 -2 21.0816
      vertex 63.1974 -2 21.4236
    endloop
  endfacet
  facet normal -0.965944 0 -0.25875
    outer loop
      vertex 63.4235 -2 20.7277
      vertex 63.3287 2 21.0816
      vertex 63.4235 2 20.7277
    endloop
  endfacet
  facet normal -0.965944 -0 -0.25875
    outer loop
      vertex 63.3287 2 21.0816
      vertex 63.4235 -2 20.7277
      vertex 63.3287 -2 21.0816
    endloop
  endfacet
  facet normal -0.987696 0 -0.156383
    outer loop
      vertex 63.4808 -2 20.3658
      vertex 63.4235 2 20.7277
      vertex 63.4808 2 20.3658
    endloop
  endfacet
  facet normal -0.987696 -0 -0.156383
    outer loop
      vertex 63.4235 2 20.7277
      vertex 63.4808 -2 20.3658
      vertex 63.4235 -2 20.7277
    endloop
  endfacet
  facet normal -0.544643 0 -0.838668
    outer loop
      vertex 61.75 -2 23.0311
      vertex 62.0572 2 22.8316
      vertex 62.0572 -2 22.8316
    endloop
  endfacet
  facet normal -0.544643 0 -0.838668
    outer loop
      vertex 62.0572 2 22.8316
      vertex 61.75 -2 23.0311
      vertex 61.75 2 23.0311
    endloop
  endfacet
  facet normal -0.707107 0 -0.707107
    outer loop
      vertex 62.601 -2 22.342
      vertex 62.342 2 22.601
      vertex 62.601 2 22.342
    endloop
  endfacet
  facet normal -0.707107 -0 -0.707107
    outer loop
      vertex 62.342 2 22.601
      vertex 62.601 -2 22.342
      vertex 62.342 -2 22.601
    endloop
  endfacet
  facet normal -0.891017 0 -0.453971
    outer loop
      vertex 63.1974 -2 21.4236
      vertex 63.0311 2 21.75
      vertex 63.1974 2 21.4236
    endloop
  endfacet
  facet normal -0.891017 -0 -0.453971
    outer loop
      vertex 63.0311 2 21.75
      vertex 63.1974 -2 21.4236
      vertex 63.0311 -2 21.75
    endloop
  endfacet
  facet normal -0.777181 0 -0.629277
    outer loop
      vertex 62.8316 -2 22.0572
      vertex 62.601 2 22.342
      vertex 62.8316 2 22.0572
    endloop
  endfacet
  facet normal -0.777181 -0 -0.629277
    outer loop
      vertex 62.601 2 22.342
      vertex 62.8316 -2 22.0572
      vertex 62.601 -2 22.342
    endloop
  endfacet
  facet normal 0.0524013 0 -0.998626
    outer loop
      vertex 59.6341 -2 23.4808
      vertex 60 2 23.5
      vertex 60 -2 23.5
    endloop
  endfacet
  facet normal 0.0524013 0 -0.998626
    outer loop
      vertex 60 2 23.5
      vertex 59.6341 -2 23.4808
      vertex 59.6341 2 23.4808
    endloop
  endfacet
  facet normal 0.707107 0 -0.707107
    outer loop
      vertex 57.658 -2 22.601
      vertex 57.399 2 22.342
      vertex 57.658 2 22.601
    endloop
  endfacet
  facet normal 0.707107 0 -0.707107
    outer loop
      vertex 57.399 2 22.342
      vertex 57.658 -2 22.601
      vertex 57.399 -2 22.342
    endloop
  endfacet
  facet normal 0.838668 0 -0.544643
    outer loop
      vertex 57.1684 -2 22.0572
      vertex 56.9689 2 21.75
      vertex 57.1684 2 22.0572
    endloop
  endfacet
  facet normal 0.838668 0 -0.544643
    outer loop
      vertex 56.9689 2 21.75
      vertex 57.1684 -2 22.0572
      vertex 56.9689 -2 21.75
    endloop
  endfacet
  facet normal 0.933564 0 -0.358412
    outer loop
      vertex 56.8026 -2 21.4236
      vertex 56.6713 2 21.0816
      vertex 56.8026 2 21.4236
    endloop
  endfacet
  facet normal 0.933564 0 -0.358412
    outer loop
      vertex 56.6713 2 21.0816
      vertex 56.8026 -2 21.4236
      vertex 56.6713 -2 21.0816
    endloop
  endfacet
  facet normal 0.987696 0 -0.156383
    outer loop
      vertex 56.5765 -2 20.7277
      vertex 56.5192 2 20.3658
      vertex 56.5765 2 20.7277
    endloop
  endfacet
  facet normal 0.987696 0 -0.156383
    outer loop
      vertex 56.5192 2 20.3658
      vertex 56.5765 -2 20.7277
      vertex 56.5192 -2 20.3658
    endloop
  endfacet
  facet normal -0.453971 0 -0.891017
    outer loop
      vertex 61.4236 -2 23.1974
      vertex 61.75 2 23.0311
      vertex 61.75 -2 23.0311
    endloop
  endfacet
  facet normal -0.453971 0 -0.891017
    outer loop
      vertex 61.75 2 23.0311
      vertex 61.4236 -2 23.1974
      vertex 61.4236 2 23.1974
    endloop
  endfacet
  facet normal -0.629277 0 -0.777181
    outer loop
      vertex 62.0572 -2 22.8316
      vertex 62.342 2 22.601
      vertex 62.342 -2 22.601
    endloop
  endfacet
  facet normal -0.629277 0 -0.777181
    outer loop
      vertex 62.342 2 22.601
      vertex 62.0572 -2 22.8316
      vertex 62.0572 2 22.8316
    endloop
  endfacet
  facet normal -0.838668 0 -0.544643
    outer loop
      vertex 63.0311 -2 21.75
      vertex 62.8316 2 22.0572
      vertex 63.0311 2 21.75
    endloop
  endfacet
  facet normal -0.838668 -0 -0.544643
    outer loop
      vertex 62.8316 2 22.0572
      vertex 63.0311 -2 21.75
      vertex 62.8316 -2 22.0572
    endloop
  endfacet
  facet normal -0.0524155 0 -0.998625
    outer loop
      vertex 60 -2 23.5
      vertex 60.3658 2 23.4808
      vertex 60.3658 -2 23.4808
    endloop
  endfacet
  facet normal -0.0524155 0 -0.998625
    outer loop
      vertex 60.3658 2 23.4808
      vertex 60 -2 23.5
      vertex 60 2 23.5
    endloop
  endfacet
  facet normal 0.453971 0 -0.891017
    outer loop
      vertex 58.25 -2 23.0311
      vertex 58.5764 2 23.1974
      vertex 58.5764 -2 23.1974
    endloop
  endfacet
  facet normal 0.453971 0 -0.891017
    outer loop
      vertex 58.5764 2 23.1974
      vertex 58.25 -2 23.0311
      vertex 58.25 2 23.0311
    endloop
  endfacet
  facet normal 0.62941 0 -0.777073
    outer loop
      vertex 57.658 -2 22.601
      vertex 57.9427 2 22.8316
      vertex 57.9427 -2 22.8316
    endloop
  endfacet
  facet normal 0.62941 0 -0.777073
    outer loop
      vertex 57.9427 2 22.8316
      vertex 57.658 -2 22.601
      vertex 57.658 2 22.601
    endloop
  endfacet
  facet normal 0.777181 0 -0.629277
    outer loop
      vertex 57.399 -2 22.342
      vertex 57.1684 2 22.0572
      vertex 57.399 2 22.342
    endloop
  endfacet
  facet normal 0.777181 0 -0.629277
    outer loop
      vertex 57.1684 2 22.0572
      vertex 57.399 -2 22.342
      vertex 57.1684 -2 22.0572
    endloop
  endfacet
  facet normal 0.965944 0 -0.25875
    outer loop
      vertex 56.6713 -2 21.0816
      vertex 56.5765 2 20.7277
      vertex 56.6713 2 21.0816
    endloop
  endfacet
  facet normal 0.965944 0 -0.25875
    outer loop
      vertex 56.5765 2 20.7277
      vertex 56.6713 -2 21.0816
      vertex 56.5765 -2 20.7277
    endloop
  endfacet
  facet normal 0.156425 0 -0.98769
    outer loop
      vertex 59.2723 -2 23.4235
      vertex 59.6341 2 23.4808
      vertex 59.6341 -2 23.4808
    endloop
  endfacet
  facet normal 0.156425 0 -0.98769
    outer loop
      vertex 59.6341 2 23.4808
      vertex 59.2723 -2 23.4235
      vertex 59.2723 2 23.4235
    endloop
  endfacet
  facet normal 0.25875 0 -0.965944
    outer loop
      vertex 58.9184 -2 23.3287
      vertex 59.2723 2 23.4235
      vertex 59.2723 -2 23.4235
    endloop
  endfacet
  facet normal 0.25875 0 -0.965944
    outer loop
      vertex 59.2723 2 23.4235
      vertex 58.9184 -2 23.3287
      vertex 58.9184 2 23.3287
    endloop
  endfacet
  facet normal 0.358412 0 -0.933564
    outer loop
      vertex 58.5764 -2 23.1974
      vertex 58.9184 2 23.3287
      vertex 58.9184 -2 23.3287
    endloop
  endfacet
  facet normal 0.358412 0 -0.933564
    outer loop
      vertex 58.9184 2 23.3287
      vertex 58.5764 -2 23.1974
      vertex 58.5764 2 23.1974
    endloop
  endfacet
  facet normal 0.544518 0 -0.838749
    outer loop
      vertex 57.9427 -2 22.8316
      vertex 58.25 2 23.0311
      vertex 58.25 -2 23.0311
    endloop
  endfacet
  facet normal 0.544518 0 -0.838749
    outer loop
      vertex 58.25 2 23.0311
      vertex 57.9427 -2 22.8316
      vertex 57.9427 2 22.8316
    endloop
  endfacet
  facet normal 0.998628 0.0523582 0
    outer loop
      vertex 19.8 37.2 8
      vertex 19.7863 37.4613 2
      vertex 19.7863 37.4613 8
    endloop
  endfacet
  facet normal 0.998628 0.0523582 0
    outer loop
      vertex 19.7863 37.4613 2
      vertex 19.8 37.2 8
      vertex 19.8 37.2 2
    endloop
  endfacet
  facet normal -0.998628 0.0523582 0
    outer loop
      vertex 14.8 37.2 2
      vertex 14.8137 37.4613 8
      vertex 14.8137 37.4613 2
    endloop
  endfacet
  facet normal -0.998628 0.0523582 0
    outer loop
      vertex 14.8137 37.4613 8
      vertex 14.8 37.2 2
      vertex 14.8 37.2 8
    endloop
  endfacet
  facet normal 0.0523582 0.998628 -0
    outer loop
      vertex 17.5613 39.6863 2
      vertex 17.3 39.7 8
      vertex 17.5613 39.6863 8
    endloop
  endfacet
  facet normal 0.0523582 0.998628 0
    outer loop
      vertex 17.3 39.7 8
      vertex 17.5613 39.6863 2
      vertex 17.3 39.7 2
    endloop
  endfacet
  facet normal -0.0523582 -0.998628 0
    outer loop
      vertex 17.0387 34.7137 2
      vertex 17.3 34.7 8
      vertex 17.0387 34.7137 8
    endloop
  endfacet
  facet normal -0.0523582 -0.998628 -0
    outer loop
      vertex 17.3 34.7 8
      vertex 17.0387 34.7137 2
      vertex 17.3 34.7 2
    endloop
  endfacet
  facet normal 0.707107 0.707107 0
    outer loop
      vertex 19.1579 38.8728 8
      vertex 18.9728 39.0579 2
      vertex 18.9728 39.0579 8
    endloop
  endfacet
  facet normal 0.707107 0.707107 0
    outer loop
      vertex 18.9728 39.0579 2
      vertex 19.1579 38.8728 8
      vertex 19.1579 38.8728 2
    endloop
  endfacet
  facet normal -0.629253 0.7772 0
    outer loop
      vertex 15.8305 39.2225 2
      vertex 15.6272 39.0579 8
      vertex 15.8305 39.2225 8
    endloop
  endfacet
  facet normal -0.629253 0.7772 0
    outer loop
      vertex 15.6272 39.0579 8
      vertex 15.8305 39.2225 2
      vertex 15.6272 39.0579 2
    endloop
  endfacet
  facet normal -0.358108 0.93368 0
    outer loop
      vertex 16.5275 39.5776 2
      vertex 16.2832 39.4839 8
      vertex 16.5275 39.5776 8
    endloop
  endfacet
  facet normal -0.358108 0.93368 0
    outer loop
      vertex 16.2832 39.4839 8
      vertex 16.5275 39.5776 2
      vertex 16.2832 39.4839 2
    endloop
  endfacet
  facet normal -0.965841 -0.259137 0
    outer loop
      vertex 14.9224 36.4275 2
      vertex 14.8546 36.6802 8
      vertex 14.8546 36.6802 2
    endloop
  endfacet
  facet normal -0.965841 -0.259137 0
    outer loop
      vertex 14.8546 36.6802 8
      vertex 14.9224 36.4275 2
      vertex 14.9224 36.4275 8
    endloop
  endfacet
  facet normal 0.891039 0.453926 0
    outer loop
      vertex 19.5839 38.2168 8
      vertex 19.4651 38.45 2
      vertex 19.4651 38.45 8
    endloop
  endfacet
  facet normal 0.891039 0.453926 0
    outer loop
      vertex 19.4651 38.45 2
      vertex 19.5839 38.2168 8
      vertex 19.5839 38.2168 2
    endloop
  endfacet
  facet normal 0.453926 0.891039 -0
    outer loop
      vertex 18.55 39.3651 2
      vertex 18.3168 39.4839 8
      vertex 18.55 39.3651 8
    endloop
  endfacet
  facet normal 0.453926 0.891039 0
    outer loop
      vertex 18.3168 39.4839 8
      vertex 18.55 39.3651 2
      vertex 18.3168 39.4839 2
    endloop
  endfacet
  facet normal 0.544787 0.838575 -0
    outer loop
      vertex 18.7695 39.2225 2
      vertex 18.55 39.3651 8
      vertex 18.7695 39.2225 8
    endloop
  endfacet
  facet normal 0.544787 0.838575 0
    outer loop
      vertex 18.55 39.3651 8
      vertex 18.7695 39.2225 2
      vertex 18.55 39.3651 2
    endloop
  endfacet
  facet normal -0.838575 0.544787 0
    outer loop
      vertex 15.1349 38.45 2
      vertex 15.2775 38.6695 8
      vertex 15.2775 38.6695 2
    endloop
  endfacet
  facet normal -0.838575 0.544787 0
    outer loop
      vertex 15.2775 38.6695 8
      vertex 15.1349 38.45 2
      vertex 15.1349 38.45 8
    endloop
  endfacet
  facet normal -0.7772 0.629253 0
    outer loop
      vertex 15.2775 38.6695 2
      vertex 15.4421 38.8728 8
      vertex 15.4421 38.8728 2
    endloop
  endfacet
  facet normal -0.7772 0.629253 0
    outer loop
      vertex 15.4421 38.8728 8
      vertex 15.2775 38.6695 2
      vertex 15.2775 38.6695 8
    endloop
  endfacet
  facet normal -0.453926 0.891039 0
    outer loop
      vertex 16.2832 39.4839 2
      vertex 16.05 39.3651 8
      vertex 16.2832 39.4839 8
    endloop
  endfacet
  facet normal -0.453926 0.891039 0
    outer loop
      vertex 16.05 39.3651 8
      vertex 16.2832 39.4839 2
      vertex 16.05 39.3651 2
    endloop
  endfacet
  facet normal -0.156277 0.987713 0
    outer loop
      vertex 17.0387 39.6863 2
      vertex 16.7802 39.6454 8
      vertex 17.0387 39.6863 8
    endloop
  endfacet
  facet normal -0.156277 0.987713 0
    outer loop
      vertex 16.7802 39.6454 8
      vertex 17.0387 39.6863 2
      vertex 16.7802 39.6454 2
    endloop
  endfacet
  facet normal 0.891039 -0.453926 0
    outer loop
      vertex 19.4651 35.95 8
      vertex 19.5839 36.1832 2
      vertex 19.5839 36.1832 8
    endloop
  endfacet
  facet normal 0.891039 -0.453926 0
    outer loop
      vertex 19.5839 36.1832 2
      vertex 19.4651 35.95 8
      vertex 19.4651 35.95 2
    endloop
  endfacet
  facet normal 0.259137 -0.965841 0
    outer loop
      vertex 17.8198 34.7546 2
      vertex 18.0725 34.8224 8
      vertex 17.8198 34.7546 8
    endloop
  endfacet
  facet normal 0.259137 -0.965841 0
    outer loop
      vertex 18.0725 34.8224 8
      vertex 17.8198 34.7546 2
      vertex 18.0725 34.8224 2
    endloop
  endfacet
  facet normal 0.707107 -0.707107 0
    outer loop
      vertex 18.9728 35.3421 8
      vertex 19.1579 35.5272 2
      vertex 19.1579 35.5272 8
    endloop
  endfacet
  facet normal 0.707107 -0.707107 0
    outer loop
      vertex 19.1579 35.5272 2
      vertex 18.9728 35.3421 8
      vertex 18.9728 35.3421 2
    endloop
  endfacet
  facet normal 0.965841 -0.259137 0
    outer loop
      vertex 19.6776 36.4275 8
      vertex 19.7454 36.6802 2
      vertex 19.7454 36.6802 8
    endloop
  endfacet
  facet normal 0.965841 -0.259137 0
    outer loop
      vertex 19.7454 36.6802 2
      vertex 19.6776 36.4275 8
      vertex 19.6776 36.4275 2
    endloop
  endfacet
  facet normal -0.358108 -0.93368 0
    outer loop
      vertex 16.2832 34.9161 2
      vertex 16.5275 34.8224 8
      vertex 16.2832 34.9161 8
    endloop
  endfacet
  facet normal -0.358108 -0.93368 -0
    outer loop
      vertex 16.5275 34.8224 8
      vertex 16.2832 34.9161 2
      vertex 16.5275 34.8224 2
    endloop
  endfacet
  facet normal -0.891039 -0.453926 0
    outer loop
      vertex 15.1349 35.95 2
      vertex 15.0161 36.1832 8
      vertex 15.0161 36.1832 2
    endloop
  endfacet
  facet normal -0.891039 -0.453926 0
    outer loop
      vertex 15.0161 36.1832 8
      vertex 15.1349 35.95 2
      vertex 15.1349 35.95 8
    endloop
  endfacet
  facet normal -0.838575 -0.544787 0
    outer loop
      vertex 15.2775 35.7305 2
      vertex 15.1349 35.95 8
      vertex 15.1349 35.95 2
    endloop
  endfacet
  facet normal -0.838575 -0.544787 0
    outer loop
      vertex 15.1349 35.95 8
      vertex 15.2775 35.7305 2
      vertex 15.2775 35.7305 8
    endloop
  endfacet
  facet normal 0.965841 0.259137 0
    outer loop
      vertex 19.7454 37.7198 8
      vertex 19.6776 37.9725 2
      vertex 19.6776 37.9725 8
    endloop
  endfacet
  facet normal 0.965841 0.259137 0
    outer loop
      vertex 19.6776 37.9725 2
      vertex 19.7454 37.7198 8
      vertex 19.7454 37.7198 2
    endloop
  endfacet
  facet normal 0.987713 0.156277 0
    outer loop
      vertex 19.7863 37.4613 8
      vertex 19.7454 37.7198 2
      vertex 19.7454 37.7198 8
    endloop
  endfacet
  facet normal 0.987713 0.156277 0
    outer loop
      vertex 19.7454 37.7198 2
      vertex 19.7863 37.4613 8
      vertex 19.7863 37.4613 2
    endloop
  endfacet
  facet normal 0.93368 0.358108 0
    outer loop
      vertex 19.6776 37.9725 8
      vertex 19.5839 38.2168 2
      vertex 19.5839 38.2168 8
    endloop
  endfacet
  facet normal 0.93368 0.358108 0
    outer loop
      vertex 19.5839 38.2168 2
      vertex 19.6776 37.9725 8
      vertex 19.6776 37.9725 2
    endloop
  endfacet
  facet normal 0.7772 0.629253 0
    outer loop
      vertex 19.3225 38.6695 8
      vertex 19.1579 38.8728 2
      vertex 19.1579 38.8728 8
    endloop
  endfacet
  facet normal 0.7772 0.629253 0
    outer loop
      vertex 19.1579 38.8728 2
      vertex 19.3225 38.6695 8
      vertex 19.3225 38.6695 2
    endloop
  endfacet
  facet normal 0.838575 0.544787 0
    outer loop
      vertex 19.4651 38.45 8
      vertex 19.3225 38.6695 2
      vertex 19.3225 38.6695 8
    endloop
  endfacet
  facet normal 0.838575 0.544787 0
    outer loop
      vertex 19.3225 38.6695 2
      vertex 19.4651 38.45 8
      vertex 19.4651 38.45 2
    endloop
  endfacet
  facet normal 0.259137 0.965841 -0
    outer loop
      vertex 18.0725 39.5776 2
      vertex 17.8198 39.6454 8
      vertex 18.0725 39.5776 8
    endloop
  endfacet
  facet normal 0.259137 0.965841 0
    outer loop
      vertex 17.8198 39.6454 8
      vertex 18.0725 39.5776 2
      vertex 17.8198 39.6454 2
    endloop
  endfacet
  facet normal 0.156277 0.987713 -0
    outer loop
      vertex 17.8198 39.6454 2
      vertex 17.5613 39.6863 8
      vertex 17.8198 39.6454 8
    endloop
  endfacet
  facet normal 0.156277 0.987713 0
    outer loop
      vertex 17.5613 39.6863 8
      vertex 17.8198 39.6454 2
      vertex 17.5613 39.6863 2
    endloop
  endfacet
  facet normal 0.629253 0.7772 -0
    outer loop
      vertex 18.9728 39.0579 2
      vertex 18.7695 39.2225 8
      vertex 18.9728 39.0579 8
    endloop
  endfacet
  facet normal 0.629253 0.7772 0
    outer loop
      vertex 18.7695 39.2225 8
      vertex 18.9728 39.0579 2
      vertex 18.7695 39.2225 2
    endloop
  endfacet
  facet normal -0.965841 0.259137 0
    outer loop
      vertex 14.8546 37.7198 2
      vertex 14.9224 37.9725 8
      vertex 14.9224 37.9725 2
    endloop
  endfacet
  facet normal -0.965841 0.259137 0
    outer loop
      vertex 14.9224 37.9725 8
      vertex 14.8546 37.7198 2
      vertex 14.8546 37.7198 8
    endloop
  endfacet
  facet normal -0.891039 0.453926 0
    outer loop
      vertex 15.0161 38.2168 2
      vertex 15.1349 38.45 8
      vertex 15.1349 38.45 2
    endloop
  endfacet
  facet normal -0.891039 0.453926 0
    outer loop
      vertex 15.1349 38.45 8
      vertex 15.0161 38.2168 2
      vertex 15.0161 38.2168 8
    endloop
  endfacet
  facet normal -0.987713 0.156277 0
    outer loop
      vertex 14.8137 37.4613 2
      vertex 14.8546 37.7198 8
      vertex 14.8546 37.7198 2
    endloop
  endfacet
  facet normal -0.987713 0.156277 0
    outer loop
      vertex 14.8546 37.7198 8
      vertex 14.8137 37.4613 2
      vertex 14.8137 37.4613 8
    endloop
  endfacet
  facet normal 0 0 1
    outer loop
      vertex 18.35 37.2 8
      vertex 19.8 37.2 8
      vertex 19.7863 37.4613 8
    endloop
  endfacet
  facet normal 0 0 1
    outer loop
      vertex 18.3442 37.3098 8
      vertex 19.7863 37.4613 8
      vertex 19.7454 37.7198 8
    endloop
  endfacet
  facet normal 0 0 1
    outer loop
      vertex 19.8 37.2 8
      vertex 18.35 37.2 8
      vertex 19.7863 36.9387 8
    endloop
  endfacet
  facet normal 0 0 1
    outer loop
      vertex 18.3271 37.4183 8
      vertex 19.7454 37.7198 8
      vertex 19.6776 37.9725 8
    endloop
  endfacet
  facet normal -0 0 1
    outer loop
      vertex 18.3442 37.0902 8
      vertex 19.7863 36.9387 8
      vertex 18.35 37.2 8
    endloop
  endfacet
  facet normal 0 0 1
    outer loop
      vertex 18.2986 37.5245 8
      vertex 19.6776 37.9725 8
      vertex 19.5839 38.2168 8
    endloop
  endfacet
  facet normal 0 0 1
    outer loop
      vertex 19.7863 36.9387 8
      vertex 18.3442 37.0902 8
      vertex 19.7454 36.6802 8
    endloop
  endfacet
  facet normal 0 0 1
    outer loop
      vertex 18.2592 37.6271 8
      vertex 19.5839 38.2168 8
      vertex 19.4651 38.45 8
    endloop
  endfacet
  facet normal -0 0 1
    outer loop
      vertex 18.3271 36.9817 8
      vertex 19.7454 36.6802 8
      vertex 18.3442 37.0902 8
    endloop
  endfacet
  facet normal 0 0 1
    outer loop
      vertex 18.2093 37.725 8
      vertex 19.4651 38.45 8
      vertex 19.3225 38.6695 8
    endloop
  endfacet
  facet normal 0 0 1
    outer loop
      vertex 19.7454 36.6802 8
      vertex 18.3271 36.9817 8
      vertex 19.6776 36.4275 8
    endloop
  endfacet
  facet normal 0 0 1
    outer loop
      vertex 18.1495 37.8172 8
      vertex 19.3225 38.6695 8
      vertex 19.1579 38.8728 8
    endloop
  endfacet
  facet normal -0 0 1
    outer loop
      vertex 18.2986 36.8755 8
      vertex 19.6776 36.4275 8
      vertex 18.3271 36.9817 8
    endloop
  endfacet
  facet normal 0 0 1
    outer loop
      vertex 18.0803 37.9026 8
      vertex 19.1579 38.8728 8
      vertex 18.9728 39.0579 8
    endloop
  endfacet
  facet normal 0 0 1
    outer loop
      vertex 19.6776 36.4275 8
      vertex 18.2986 36.8755 8
      vertex 19.5839 36.1832 8
    endloop
  endfacet
  facet normal 0 0 1
    outer loop
      vertex 18.0026 37.9803 8
      vertex 18.9728 39.0579 8
      vertex 18.7695 39.2225 8
    endloop
  endfacet
  facet normal -0 0 1
    outer loop
      vertex 18.2592 36.7729 8
      vertex 19.5839 36.1832 8
      vertex 18.2986 36.8755 8
    endloop
  endfacet
  facet normal 0 0 1
    outer loop
      vertex 17.9172 38.0495 8
      vertex 18.7695 39.2225 8
      vertex 18.55 39.3651 8
    endloop
  endfacet
  facet normal 0 0 1
    outer loop
      vertex 19.5839 36.1832 8
      vertex 18.2592 36.7729 8
      vertex 19.4651 35.95 8
    endloop
  endfacet
  facet normal -0 0 1
    outer loop
      vertex 18.2093 36.675 8
      vertex 19.4651 35.95 8
      vertex 18.2592 36.7729 8
    endloop
  endfacet
  facet normal 0 0 1
    outer loop
      vertex 19.7863 37.4613 8
      vertex 18.3442 37.3098 8
      vertex 18.35 37.2 8
    endloop
  endfacet
  facet normal 0 0 1
    outer loop
      vertex 19.7454 37.7198 8
      vertex 18.3271 37.4183 8
      vertex 18.3442 37.3098 8
    endloop
  endfacet
  facet normal 0 0 1
    outer loop
      vertex 17.825 38.1093 8
      vertex 18.55 39.3651 8
      vertex 18.3168 39.4839 8
    endloop
  endfacet
  facet normal 0 0 1
    outer loop
      vertex 19.6776 37.9725 8
      vertex 18.2986 37.5245 8
      vertex 18.3271 37.4183 8
    endloop
  endfacet
  facet normal 0 0 1
    outer loop
      vertex 19.5839 38.2168 8
      vertex 18.2592 37.6271 8
      vertex 18.2986 37.5245 8
    endloop
  endfacet
  facet normal 0 0 1
    outer loop
      vertex 19.4651 38.45 8
      vertex 18.2093 37.725 8
      vertex 18.2592 37.6271 8
    endloop
  endfacet
  facet normal 0 0 1
    outer loop
      vertex 19.3225 38.6695 8
      vertex 18.1495 37.8172 8
      vertex 18.2093 37.725 8
    endloop
  endfacet
  facet normal 0 0 1
    outer loop
      vertex 19.1579 38.8728 8
      vertex 18.0803 37.9026 8
      vertex 18.1495 37.8172 8
    endloop
  endfacet
  facet normal 0 0 1
    outer loop
      vertex 17.7271 38.1592 8
      vertex 18.3168 39.4839 8
      vertex 18.0725 39.5776 8
    endloop
  endfacet
  facet normal 0 0 1
    outer loop
      vertex 18.9728 39.0579 8
      vertex 18.0026 37.9803 8
      vertex 18.0803 37.9026 8
    endloop
  endfacet
  facet normal 0 0 1
    outer loop
      vertex 18.7695 39.2225 8
      vertex 17.9172 38.0495 8
      vertex 18.0026 37.9803 8
    endloop
  endfacet
  facet normal 0 0 1
    outer loop
      vertex 18.55 39.3651 8
      vertex 17.825 38.1093 8
      vertex 17.9172 38.0495 8
    endloop
  endfacet
  facet normal 0 0 1
    outer loop
      vertex 17.6245 38.1986 8
      vertex 18.0725 39.5776 8
      vertex 17.8198 39.6454 8
    endloop
  endfacet
  facet normal 0 0 1
    outer loop
      vertex 18.3168 39.4839 8
      vertex 17.7271 38.1592 8
      vertex 17.825 38.1093 8
    endloop
  endfacet
  facet normal 0 0 1
    outer loop
      vertex 18.0725 39.5776 8
      vertex 17.6245 38.1986 8
      vertex 17.7271 38.1592 8
    endloop
  endfacet
  facet normal 0 0 1
    outer loop
      vertex 17.5183 38.2271 8
      vertex 17.8198 39.6454 8
      vertex 17.5613 39.6863 8
    endloop
  endfacet
  facet normal 0 0 1
    outer loop
      vertex 17.8198 39.6454 8
      vertex 17.5183 38.2271 8
      vertex 17.6245 38.1986 8
    endloop
  endfacet
  facet normal 0 0 1
    outer loop
      vertex 17.5613 39.6863 8
      vertex 17.4098 38.2442 8
      vertex 17.5183 38.2271 8
    endloop
  endfacet
  facet normal 0 0 1
    outer loop
      vertex 17.3 39.7 8
      vertex 17.4098 38.2442 8
      vertex 17.5613 39.6863 8
    endloop
  endfacet
  facet normal 0 0 1
    outer loop
      vertex 17.3 39.7 8
      vertex 17.3 38.25 8
      vertex 17.4098 38.2442 8
    endloop
  endfacet
  facet normal 0 0 1
    outer loop
      vertex 17.3 39.7 8
      vertex 17.1902 38.2442 8
      vertex 17.3 38.25 8
    endloop
  endfacet
  facet normal -0 0 1
    outer loop
      vertex 17.0387 39.6863 8
      vertex 17.1902 38.2442 8
      vertex 17.3 39.7 8
    endloop
  endfacet
  facet normal 0 0 1
    outer loop
      vertex 17.1902 38.2442 8
      vertex 17.0387 39.6863 8
      vertex 17.0817 38.2271 8
    endloop
  endfacet
  facet normal -0 0 1
    outer loop
      vertex 16.7802 39.6454 8
      vertex 17.0817 38.2271 8
      vertex 17.0387 39.6863 8
    endloop
  endfacet
  facet normal 0 0 1
    outer loop
      vertex 17.0817 38.2271 8
      vertex 16.7802 39.6454 8
      vertex 16.9755 38.1986 8
    endloop
  endfacet
  facet normal -0 0 1
    outer loop
      vertex 16.5275 39.5776 8
      vertex 16.9755 38.1986 8
      vertex 16.7802 39.6454 8
    endloop
  endfacet
  facet normal 0 0 1
    outer loop
      vertex 16.9755 38.1986 8
      vertex 16.5275 39.5776 8
      vertex 16.8729 38.1592 8
    endloop
  endfacet
  facet normal -0 0 1
    outer loop
      vertex 16.2832 39.4839 8
      vertex 16.8729 38.1592 8
      vertex 16.5275 39.5776 8
    endloop
  endfacet
  facet normal 0 0 1
    outer loop
      vertex 16.8729 38.1592 8
      vertex 16.2832 39.4839 8
      vertex 16.775 38.1093 8
    endloop
  endfacet
  facet normal -0 0 1
    outer loop
      vertex 16.05 39.3651 8
      vertex 16.775 38.1093 8
      vertex 16.2832 39.4839 8
    endloop
  endfacet
  facet normal 0 0 1
    outer loop
      vertex 16.775 38.1093 8
      vertex 16.05 39.3651 8
      vertex 16.6828 38.0495 8
    endloop
  endfacet
  facet normal -0 0 1
    outer loop
      vertex 15.8305 39.2225 8
      vertex 16.6828 38.0495 8
      vertex 16.05 39.3651 8
    endloop
  endfacet
  facet normal 0 0 1
    outer loop
      vertex 16.6828 38.0495 8
      vertex 15.8305 39.2225 8
      vertex 16.5974 37.9803 8
    endloop
  endfacet
  facet normal -0 0 1
    outer loop
      vertex 15.6272 39.0579 8
      vertex 16.5974 37.9803 8
      vertex 15.8305 39.2225 8
    endloop
  endfacet
  facet normal 0 0 1
    outer loop
      vertex 16.5974 37.9803 8
      vertex 15.6272 39.0579 8
      vertex 16.5197 37.9026 8
    endloop
  endfacet
  facet normal -0 0 1
    outer loop
      vertex 15.4421 38.8728 8
      vertex 16.5197 37.9026 8
      vertex 15.6272 39.0579 8
    endloop
  endfacet
  facet normal 0 0 1
    outer loop
      vertex 16.5197 37.9026 8
      vertex 15.4421 38.8728 8
      vertex 16.4505 37.8172 8
    endloop
  endfacet
  facet normal -0 0 1
    outer loop
      vertex 15.2775 38.6695 8
      vertex 16.4505 37.8172 8
      vertex 15.4421 38.8728 8
    endloop
  endfacet
  facet normal 0 0 1
    outer loop
      vertex 16.4505 37.8172 8
      vertex 15.2775 38.6695 8
      vertex 16.3907 37.725 8
    endloop
  endfacet
  facet normal -0 0 1
    outer loop
      vertex 15.1349 38.45 8
      vertex 16.3907 37.725 8
      vertex 15.2775 38.6695 8
    endloop
  endfacet
  facet normal 0 0 1
    outer loop
      vertex 19.4651 35.95 8
      vertex 18.2093 36.675 8
      vertex 19.3225 35.7305 8
    endloop
  endfacet
  facet normal -0 0 1
    outer loop
      vertex 18.1495 36.5828 8
      vertex 19.3225 35.7305 8
      vertex 18.2093 36.675 8
    endloop
  endfacet
  facet normal 0 0 1
    outer loop
      vertex 19.3225 35.7305 8
      vertex 18.1495 36.5828 8
      vertex 19.1579 35.5272 8
    endloop
  endfacet
  facet normal -0 0 1
    outer loop
      vertex 18.0803 36.4974 8
      vertex 19.1579 35.5272 8
      vertex 18.1495 36.5828 8
    endloop
  endfacet
  facet normal 0 0 1
    outer loop
      vertex 19.1579 35.5272 8
      vertex 18.0803 36.4974 8
      vertex 18.9728 35.3421 8
    endloop
  endfacet
  facet normal -0 0 1
    outer loop
      vertex 18.0026 36.4197 8
      vertex 18.9728 35.3421 8
      vertex 18.0803 36.4974 8
    endloop
  endfacet
  facet normal 0 0 1
    outer loop
      vertex 18.9728 35.3421 8
      vertex 18.0026 36.4197 8
      vertex 18.7695 35.1775 8
    endloop
  endfacet
  facet normal -0 0 1
    outer loop
      vertex 17.9172 36.3505 8
      vertex 18.7695 35.1775 8
      vertex 18.0026 36.4197 8
    endloop
  endfacet
  facet normal 0 0 1
    outer loop
      vertex 18.7695 35.1775 8
      vertex 17.9172 36.3505 8
      vertex 18.55 35.0349 8
    endloop
  endfacet
  facet normal -0 0 1
    outer loop
      vertex 17.825 36.2907 8
      vertex 18.55 35.0349 8
      vertex 17.9172 36.3505 8
    endloop
  endfacet
  facet normal 0 0 1
    outer loop
      vertex 18.55 35.0349 8
      vertex 17.825 36.2907 8
      vertex 18.3168 34.9161 8
    endloop
  endfacet
  facet normal -0 0 1
    outer loop
      vertex 17.7271 36.2408 8
      vertex 18.3168 34.9161 8
      vertex 17.825 36.2907 8
    endloop
  endfacet
  facet normal 0 0 1
    outer loop
      vertex 18.3168 34.9161 8
      vertex 17.7271 36.2408 8
      vertex 18.0725 34.8224 8
    endloop
  endfacet
  facet normal -0 0 1
    outer loop
      vertex 17.6245 36.2014 8
      vertex 18.0725 34.8224 8
      vertex 17.7271 36.2408 8
    endloop
  endfacet
  facet normal 0 0 1
    outer loop
      vertex 18.0725 34.8224 8
      vertex 17.6245 36.2014 8
      vertex 17.8198 34.7546 8
    endloop
  endfacet
  facet normal -0 0 1
    outer loop
      vertex 17.5183 36.1729 8
      vertex 17.8198 34.7546 8
      vertex 17.6245 36.2014 8
    endloop
  endfacet
  facet normal 0 0 1
    outer loop
      vertex 17.8198 34.7546 8
      vertex 17.5183 36.1729 8
      vertex 17.5613 34.7137 8
    endloop
  endfacet
  facet normal -0 0 1
    outer loop
      vertex 17.4098 36.1558 8
      vertex 17.5613 34.7137 8
      vertex 17.5183 36.1729 8
    endloop
  endfacet
  facet normal -0 0 1
    outer loop
      vertex 17.3 36.15 8
      vertex 17.5613 34.7137 8
      vertex 17.4098 36.1558 8
    endloop
  endfacet
  facet normal 0 0 1
    outer loop
      vertex 17.3 36.15 8
      vertex 17.3 34.7 8
      vertex 17.5613 34.7137 8
    endloop
  endfacet
  facet normal 0 0 1
    outer loop
      vertex 17.1902 36.1558 8
      vertex 17.3 34.7 8
      vertex 17.3 36.15 8
    endloop
  endfacet
  facet normal 0 0 1
    outer loop
      vertex 17.0387 34.7137 8
      vertex 17.1902 36.1558 8
      vertex 17.0817 36.1729 8
    endloop
  endfacet
  facet normal 0 0 1
    outer loop
      vertex 17.1902 36.1558 8
      vertex 17.0387 34.7137 8
      vertex 17.3 34.7 8
    endloop
  endfacet
  facet normal 0 0 1
    outer loop
      vertex 16.7802 34.7546 8
      vertex 17.0817 36.1729 8
      vertex 16.9755 36.2014 8
    endloop
  endfacet
  facet normal 0 0 1
    outer loop
      vertex 16.5275 34.8224 8
      vertex 16.9755 36.2014 8
      vertex 16.8729 36.2408 8
    endloop
  endfacet
  facet normal 0 0 1
    outer loop
      vertex 17.0817 36.1729 8
      vertex 16.7802 34.7546 8
      vertex 17.0387 34.7137 8
    endloop
  endfacet
  facet normal 0 0 1
    outer loop
      vertex 16.2832 34.9161 8
      vertex 16.8729 36.2408 8
      vertex 16.775 36.2907 8
    endloop
  endfacet
  facet normal 0 0 1
    outer loop
      vertex 16.05 35.0349 8
      vertex 16.775 36.2907 8
      vertex 16.6828 36.3505 8
    endloop
  endfacet
  facet normal 0 0 1
    outer loop
      vertex 15.8305 35.1775 8
      vertex 16.6828 36.3505 8
      vertex 16.5974 36.4197 8
    endloop
  endfacet
  facet normal 0 0 1
    outer loop
      vertex 16.9755 36.2014 8
      vertex 16.5275 34.8224 8
      vertex 16.7802 34.7546 8
    endloop
  endfacet
  facet normal 0 0 1
    outer loop
      vertex 15.6272 35.3421 8
      vertex 16.5974 36.4197 8
      vertex 16.5197 36.4974 8
    endloop
  endfacet
  facet normal 0 0 1
    outer loop
      vertex 15.4421 35.5272 8
      vertex 16.5197 36.4974 8
      vertex 16.4505 36.5828 8
    endloop
  endfacet
  facet normal 0 0 1
    outer loop
      vertex 15.2775 35.7305 8
      vertex 16.4505 36.5828 8
      vertex 16.3907 36.675 8
    endloop
  endfacet
  facet normal 0 0 1
    outer loop
      vertex 15.1349 35.95 8
      vertex 16.3907 36.675 8
      vertex 16.3408 36.7729 8
    endloop
  endfacet
  facet normal 0 0 1
    outer loop
      vertex 15.0161 36.1832 8
      vertex 16.3408 36.7729 8
      vertex 16.3014 36.8755 8
    endloop
  endfacet
  facet normal 0 0 1
    outer loop
      vertex 16.8729 36.2408 8
      vertex 16.2832 34.9161 8
      vertex 16.5275 34.8224 8
    endloop
  endfacet
  facet normal 0 0 1
    outer loop
      vertex 14.9224 36.4275 8
      vertex 16.3014 36.8755 8
      vertex 16.2729 36.9817 8
    endloop
  endfacet
  facet normal 0 0 1
    outer loop
      vertex 14.8546 36.6802 8
      vertex 16.2729 36.9817 8
      vertex 16.2558 37.0902 8
    endloop
  endfacet
  facet normal 0 0 1
    outer loop
      vertex 14.8137 36.9387 8
      vertex 16.2558 37.0902 8
      vertex 16.25 37.2 8
    endloop
  endfacet
  facet normal 0 0 1
    outer loop
      vertex 16.3907 37.725 8
      vertex 15.1349 38.45 8
      vertex 16.3408 37.6271 8
    endloop
  endfacet
  facet normal 0 0 1
    outer loop
      vertex 16.775 36.2907 8
      vertex 16.05 35.0349 8
      vertex 16.2832 34.9161 8
    endloop
  endfacet
  facet normal -0 0 1
    outer loop
      vertex 15.0161 38.2168 8
      vertex 16.3408 37.6271 8
      vertex 15.1349 38.45 8
    endloop
  endfacet
  facet normal 0 0 1
    outer loop
      vertex 16.6828 36.3505 8
      vertex 15.8305 35.1775 8
      vertex 16.05 35.0349 8
    endloop
  endfacet
  facet normal 0 0 1
    outer loop
      vertex 16.3408 37.6271 8
      vertex 15.0161 38.2168 8
      vertex 16.3014 37.5245 8
    endloop
  endfacet
  facet normal 0 0 1
    outer loop
      vertex 16.5974 36.4197 8
      vertex 15.6272 35.3421 8
      vertex 15.8305 35.1775 8
    endloop
  endfacet
  facet normal -0 0 1
    outer loop
      vertex 14.9224 37.9725 8
      vertex 16.3014 37.5245 8
      vertex 15.0161 38.2168 8
    endloop
  endfacet
  facet normal 0 0 1
    outer loop
      vertex 16.5197 36.4974 8
      vertex 15.4421 35.5272 8
      vertex 15.6272 35.3421 8
    endloop
  endfacet
  facet normal 0 0 1
    outer loop
      vertex 16.3014 37.5245 8
      vertex 14.9224 37.9725 8
      vertex 16.2729 37.4183 8
    endloop
  endfacet
  facet normal 0 0 1
    outer loop
      vertex 16.4505 36.5828 8
      vertex 15.2775 35.7305 8
      vertex 15.4421 35.5272 8
    endloop
  endfacet
  facet normal -0 0 1
    outer loop
      vertex 14.8546 37.7198 8
      vertex 16.2729 37.4183 8
      vertex 14.9224 37.9725 8
    endloop
  endfacet
  facet normal 0 0 1
    outer loop
      vertex 16.3907 36.675 8
      vertex 15.1349 35.95 8
      vertex 15.2775 35.7305 8
    endloop
  endfacet
  facet normal 0 0 1
    outer loop
      vertex 16.2729 37.4183 8
      vertex 14.8546 37.7198 8
      vertex 16.2558 37.3098 8
    endloop
  endfacet
  facet normal 0 0 1
    outer loop
      vertex 16.3408 36.7729 8
      vertex 15.0161 36.1832 8
      vertex 15.1349 35.95 8
    endloop
  endfacet
  facet normal -0 0 1
    outer loop
      vertex 14.8137 37.4613 8
      vertex 16.2558 37.3098 8
      vertex 14.8546 37.7198 8
    endloop
  endfacet
  facet normal 0 0 1
    outer loop
      vertex 16.3014 36.8755 8
      vertex 14.9224 36.4275 8
      vertex 15.0161 36.1832 8
    endloop
  endfacet
  facet normal 0 0 1
    outer loop
      vertex 16.2558 37.3098 8
      vertex 14.8137 37.4613 8
      vertex 16.25 37.2 8
    endloop
  endfacet
  facet normal 0 0 1
    outer loop
      vertex 16.2729 36.9817 8
      vertex 14.8546 36.6802 8
      vertex 14.9224 36.4275 8
    endloop
  endfacet
  facet normal 0 0 1
    outer loop
      vertex 14.8 37.2 8
      vertex 16.25 37.2 8
      vertex 14.8137 37.4613 8
    endloop
  endfacet
  facet normal 0 0 1
    outer loop
      vertex 16.2558 37.0902 8
      vertex 14.8137 36.9387 8
      vertex 14.8546 36.6802 8
    endloop
  endfacet
  facet normal 0 0 1
    outer loop
      vertex 16.25 37.2 8
      vertex 14.8 37.2 8
      vertex 14.8137 36.9387 8
    endloop
  endfacet
  facet normal -0.0523582 0.998628 0
    outer loop
      vertex 17.3 39.7 2
      vertex 17.0387 39.6863 8
      vertex 17.3 39.7 8
    endloop
  endfacet
  facet normal -0.0523582 0.998628 0
    outer loop
      vertex 17.0387 39.6863 8
      vertex 17.3 39.7 2
      vertex 17.0387 39.6863 2
    endloop
  endfacet
  facet normal 0.998628 -0.0523582 0
    outer loop
      vertex 19.7863 36.9387 8
      vertex 19.8 37.2 2
      vertex 19.8 37.2 8
    endloop
  endfacet
  facet normal 0.998628 -0.0523582 0
    outer loop
      vertex 19.8 37.2 2
      vertex 19.7863 36.9387 8
      vertex 19.7863 36.9387 2
    endloop
  endfacet
  facet normal 0.0523582 -0.998628 0
    outer loop
      vertex 17.3 34.7 2
      vertex 17.5613 34.7137 8
      vertex 17.3 34.7 8
    endloop
  endfacet
  facet normal 0.0523582 -0.998628 0
    outer loop
      vertex 17.5613 34.7137 8
      vertex 17.3 34.7 2
      vertex 17.5613 34.7137 2
    endloop
  endfacet
  facet normal 0.453926 -0.891039 0
    outer loop
      vertex 18.3168 34.9161 2
      vertex 18.55 35.0349 8
      vertex 18.3168 34.9161 8
    endloop
  endfacet
  facet normal 0.453926 -0.891039 0
    outer loop
      vertex 18.55 35.0349 8
      vertex 18.3168 34.9161 2
      vertex 18.55 35.0349 2
    endloop
  endfacet
  facet normal 0.629253 -0.7772 0
    outer loop
      vertex 18.7695 35.1775 2
      vertex 18.9728 35.3421 8
      vertex 18.7695 35.1775 8
    endloop
  endfacet
  facet normal 0.629253 -0.7772 0
    outer loop
      vertex 18.9728 35.3421 8
      vertex 18.7695 35.1775 2
      vertex 18.9728 35.3421 2
    endloop
  endfacet
  facet normal 0.544787 -0.838575 0
    outer loop
      vertex 18.55 35.0349 2
      vertex 18.7695 35.1775 8
      vertex 18.55 35.0349 8
    endloop
  endfacet
  facet normal 0.544787 -0.838575 0
    outer loop
      vertex 18.7695 35.1775 8
      vertex 18.55 35.0349 2
      vertex 18.7695 35.1775 2
    endloop
  endfacet
  facet normal 0.7772 -0.629253 0
    outer loop
      vertex 19.1579 35.5272 8
      vertex 19.3225 35.7305 2
      vertex 19.3225 35.7305 8
    endloop
  endfacet
  facet normal 0.7772 -0.629253 0
    outer loop
      vertex 19.3225 35.7305 2
      vertex 19.1579 35.5272 8
      vertex 19.1579 35.5272 2
    endloop
  endfacet
  facet normal 0.838575 -0.544787 0
    outer loop
      vertex 19.3225 35.7305 8
      vertex 19.4651 35.95 2
      vertex 19.4651 35.95 8
    endloop
  endfacet
  facet normal 0.838575 -0.544787 0
    outer loop
      vertex 19.4651 35.95 2
      vertex 19.3225 35.7305 8
      vertex 19.3225 35.7305 2
    endloop
  endfacet
  facet normal -0.707107 -0.707107 0
    outer loop
      vertex 15.6272 35.3421 2
      vertex 15.4421 35.5272 8
      vertex 15.4421 35.5272 2
    endloop
  endfacet
  facet normal -0.707107 -0.707107 0
    outer loop
      vertex 15.4421 35.5272 8
      vertex 15.6272 35.3421 2
      vertex 15.6272 35.3421 8
    endloop
  endfacet
  facet normal -0.629253 -0.7772 0
    outer loop
      vertex 15.6272 35.3421 2
      vertex 15.8305 35.1775 8
      vertex 15.6272 35.3421 8
    endloop
  endfacet
  facet normal -0.629253 -0.7772 -0
    outer loop
      vertex 15.8305 35.1775 8
      vertex 15.6272 35.3421 2
      vertex 15.8305 35.1775 2
    endloop
  endfacet
  facet normal -0.544787 -0.838575 0
    outer loop
      vertex 15.8305 35.1775 2
      vertex 16.05 35.0349 8
      vertex 15.8305 35.1775 8
    endloop
  endfacet
  facet normal -0.544787 -0.838575 -0
    outer loop
      vertex 16.05 35.0349 8
      vertex 15.8305 35.1775 2
      vertex 16.05 35.0349 2
    endloop
  endfacet
  facet normal -0.156277 -0.987713 0
    outer loop
      vertex 16.7802 34.7546 2
      vertex 17.0387 34.7137 8
      vertex 16.7802 34.7546 8
    endloop
  endfacet
  facet normal -0.156277 -0.987713 -0
    outer loop
      vertex 17.0387 34.7137 8
      vertex 16.7802 34.7546 2
      vertex 17.0387 34.7137 2
    endloop
  endfacet
  facet normal -0.7772 -0.629253 0
    outer loop
      vertex 15.4421 35.5272 2
      vertex 15.2775 35.7305 8
      vertex 15.2775 35.7305 2
    endloop
  endfacet
  facet normal -0.7772 -0.629253 0
    outer loop
      vertex 15.2775 35.7305 8
      vertex 15.4421 35.5272 2
      vertex 15.4421 35.5272 8
    endloop
  endfacet
  facet normal -0.93368 -0.358108 0
    outer loop
      vertex 15.0161 36.1832 2
      vertex 14.9224 36.4275 8
      vertex 14.9224 36.4275 2
    endloop
  endfacet
  facet normal -0.93368 -0.358108 0
    outer loop
      vertex 14.9224 36.4275 8
      vertex 15.0161 36.1832 2
      vertex 15.0161 36.1832 8
    endloop
  endfacet
  facet normal -0.998628 -0.0523582 0
    outer loop
      vertex 14.8137 36.9387 2
      vertex 14.8 37.2 8
      vertex 14.8 37.2 2
    endloop
  endfacet
  facet normal -0.998628 -0.0523582 0
    outer loop
      vertex 14.8 37.2 8
      vertex 14.8137 36.9387 2
      vertex 14.8137 36.9387 8
    endloop
  endfacet
  facet normal 0.358108 0.93368 -0
    outer loop
      vertex 18.3168 39.4839 2
      vertex 18.0725 39.5776 8
      vertex 18.3168 39.4839 8
    endloop
  endfacet
  facet normal 0.358108 0.93368 0
    outer loop
      vertex 18.0725 39.5776 8
      vertex 18.3168 39.4839 2
      vertex 18.0725 39.5776 2
    endloop
  endfacet
  facet normal -0.707107 0.707107 0
    outer loop
      vertex 15.4421 38.8728 2
      vertex 15.6272 39.0579 8
      vertex 15.6272 39.0579 2
    endloop
  endfacet
  facet normal -0.707107 0.707107 0
    outer loop
      vertex 15.6272 39.0579 8
      vertex 15.4421 38.8728 2
      vertex 15.4421 38.8728 8
    endloop
  endfacet
  facet normal -0.93368 0.358108 0
    outer loop
      vertex 14.9224 37.9725 2
      vertex 15.0161 38.2168 8
      vertex 15.0161 38.2168 2
    endloop
  endfacet
  facet normal -0.93368 0.358108 0
    outer loop
      vertex 15.0161 38.2168 8
      vertex 14.9224 37.9725 2
      vertex 14.9224 37.9725 8
    endloop
  endfacet
  facet normal -0.544787 0.838575 0
    outer loop
      vertex 16.05 39.3651 2
      vertex 15.8305 39.2225 8
      vertex 16.05 39.3651 8
    endloop
  endfacet
  facet normal -0.544787 0.838575 0
    outer loop
      vertex 15.8305 39.2225 8
      vertex 16.05 39.3651 2
      vertex 15.8305 39.2225 2
    endloop
  endfacet
  facet normal -0.259137 0.965841 0
    outer loop
      vertex 16.7802 39.6454 2
      vertex 16.5275 39.5776 8
      vertex 16.7802 39.6454 8
    endloop
  endfacet
  facet normal -0.259137 0.965841 0
    outer loop
      vertex 16.5275 39.5776 8
      vertex 16.7802 39.6454 2
      vertex 16.5275 39.5776 2
    endloop
  endfacet
  facet normal 0.156277 -0.987713 0
    outer loop
      vertex 17.5613 34.7137 2
      vertex 17.8198 34.7546 8
      vertex 17.5613 34.7137 8
    endloop
  endfacet
  facet normal 0.156277 -0.987713 0
    outer loop
      vertex 17.8198 34.7546 8
      vertex 17.5613 34.7137 2
      vertex 17.8198 34.7546 2
    endloop
  endfacet
  facet normal 0.358108 -0.93368 0
    outer loop
      vertex 18.0725 34.8224 2
      vertex 18.3168 34.9161 8
      vertex 18.0725 34.8224 8
    endloop
  endfacet
  facet normal 0.358108 -0.93368 0
    outer loop
      vertex 18.3168 34.9161 8
      vertex 18.0725 34.8224 2
      vertex 18.3168 34.9161 2
    endloop
  endfacet
  facet normal 0.93368 -0.358108 0
    outer loop
      vertex 19.5839 36.1832 8
      vertex 19.6776 36.4275 2
      vertex 19.6776 36.4275 8
    endloop
  endfacet
  facet normal 0.93368 -0.358108 0
    outer loop
      vertex 19.6776 36.4275 2
      vertex 19.5839 36.1832 8
      vertex 19.5839 36.1832 2
    endloop
  endfacet
  facet normal 0.987713 -0.156277 0
    outer loop
      vertex 19.7454 36.6802 8
      vertex 19.7863 36.9387 2
      vertex 19.7863 36.9387 8
    endloop
  endfacet
  facet normal 0.987713 -0.156277 0
    outer loop
      vertex 19.7863 36.9387 2
      vertex 19.7454 36.6802 8
      vertex 19.7454 36.6802 2
    endloop
  endfacet
  facet normal -0.453926 -0.891039 0
    outer loop
      vertex 16.05 35.0349 2
      vertex 16.2832 34.9161 8
      vertex 16.05 35.0349 8
    endloop
  endfacet
  facet normal -0.453926 -0.891039 -0
    outer loop
      vertex 16.2832 34.9161 8
      vertex 16.05 35.0349 2
      vertex 16.2832 34.9161 2
    endloop
  endfacet
  facet normal -0.259137 -0.965841 0
    outer loop
      vertex 16.5275 34.8224 2
      vertex 16.7802 34.7546 8
      vertex 16.5275 34.8224 8
    endloop
  endfacet
  facet normal -0.259137 -0.965841 -0
    outer loop
      vertex 16.7802 34.7546 8
      vertex 16.5275 34.8224 2
      vertex 16.7802 34.7546 2
    endloop
  endfacet
  facet normal -0.987713 -0.156277 0
    outer loop
      vertex 14.8546 36.6802 2
      vertex 14.8137 36.9387 8
      vertex 14.8137 36.9387 2
    endloop
  endfacet
  facet normal -0.987713 -0.156277 0
    outer loop
      vertex 14.8137 36.9387 8
      vertex 14.8546 36.6802 2
      vertex 14.8546 36.6802 8
    endloop
  endfacet
  facet normal -0.998608 -0.0527498 0
    outer loop
      vertex 18.35 37.2 2
      vertex 18.3442 37.3098 8
      vertex 18.3442 37.3098 2
    endloop
  endfacet
  facet normal -0.998608 -0.0527498 0
    outer loop
      vertex 18.3442 37.3098 8
      vertex 18.35 37.2 2
      vertex 18.35 37.2 8
    endloop
  endfacet
  facet normal 0.998608 -0.0527498 0
    outer loop
      vertex 16.25 37.2 8
      vertex 16.2558 37.3098 2
      vertex 16.2558 37.3098 8
    endloop
  endfacet
  facet normal 0.998608 -0.0527498 0
    outer loop
      vertex 16.2558 37.3098 2
      vertex 16.25 37.2 8
      vertex 16.25 37.2 2
    endloop
  endfacet
  facet normal 0.0527498 -0.998608 0
    outer loop
      vertex 17.1902 38.2442 2
      vertex 17.3 38.25 8
      vertex 17.1902 38.2442 8
    endloop
  endfacet
  facet normal 0.0527498 -0.998608 0
    outer loop
      vertex 17.3 38.25 8
      vertex 17.1902 38.2442 2
      vertex 17.3 38.25 2
    endloop
  endfacet
  facet normal -0.0527498 0.998608 0
    outer loop
      vertex 17.4098 36.1558 2
      vertex 17.3 36.15 8
      vertex 17.4098 36.1558 8
    endloop
  endfacet
  facet normal -0.0527498 0.998608 0
    outer loop
      vertex 17.3 36.15 8
      vertex 17.4098 36.1558 2
      vertex 17.3 36.15 2
    endloop
  endfacet
  facet normal -0.707107 -0.707107 0
    outer loop
      vertex 18.0026 37.9803 2
      vertex 18.0803 37.9026 8
      vertex 18.0026 37.9803 8
    endloop
  endfacet
  facet normal -0.707107 -0.707107 -0
    outer loop
      vertex 18.0803 37.9026 8
      vertex 18.0026 37.9803 2
      vertex 18.0803 37.9026 2
    endloop
  endfacet
  facet normal 0.707107 -0.707107 0
    outer loop
      vertex 16.5197 37.9026 2
      vertex 16.5974 37.9803 8
      vertex 16.5197 37.9026 8
    endloop
  endfacet
  facet normal 0.707107 -0.707107 0
    outer loop
      vertex 16.5974 37.9803 8
      vertex 16.5197 37.9026 2
      vertex 16.5974 37.9803 2
    endloop
  endfacet
  facet normal 0.454117 -0.890942 0
    outer loop
      vertex 16.775 38.1093 2
      vertex 16.8729 38.1592 8
      vertex 16.775 38.1093 8
    endloop
  endfacet
  facet normal 0.454117 -0.890942 0
    outer loop
      vertex 16.8729 38.1592 8
      vertex 16.775 38.1093 2
      vertex 16.8729 38.1592 2
    endloop
  endfacet
  facet normal -0.838984 0.544156 0
    outer loop
      vertex 18.1495 36.5828 2
      vertex 18.2093 36.675 8
      vertex 18.2093 36.675 2
    endloop
  endfacet
  facet normal -0.838984 0.544156 0
    outer loop
      vertex 18.2093 36.675 8
      vertex 18.1495 36.5828 2
      vertex 18.1495 36.5828 8
    endloop
  endfacet
  facet normal -0.890942 -0.454117 0
    outer loop
      vertex 18.2592 37.6271 2
      vertex 18.2093 37.725 8
      vertex 18.2093 37.725 2
    endloop
  endfacet
  facet normal -0.890942 -0.454117 0
    outer loop
      vertex 18.2093 37.725 8
      vertex 18.2592 37.6271 2
      vertex 18.2592 37.6271 8
    endloop
  endfacet
  facet normal -0.358491 -0.933533 0
    outer loop
      vertex 17.6245 38.1986 2
      vertex 17.7271 38.1592 8
      vertex 17.6245 38.1986 8
    endloop
  endfacet
  facet normal -0.358491 -0.933533 -0
    outer loop
      vertex 17.7271 38.1592 8
      vertex 17.6245 38.1986 2
      vertex 17.7271 38.1592 2
    endloop
  endfacet
  facet normal -0.544156 -0.838984 0
    outer loop
      vertex 17.825 38.1093 2
      vertex 17.9172 38.0495 8
      vertex 17.825 38.1093 8
    endloop
  endfacet
  facet normal -0.544156 -0.838984 -0
    outer loop
      vertex 17.9172 38.0495 8
      vertex 17.825 38.1093 2
      vertex 17.9172 38.0495 2
    endloop
  endfacet
  facet normal 0.933533 -0.358491 0
    outer loop
      vertex 16.3014 37.5245 8
      vertex 16.3408 37.6271 2
      vertex 16.3408 37.6271 8
    endloop
  endfacet
  facet normal 0.933533 -0.358491 0
    outer loop
      vertex 16.3408 37.6271 2
      vertex 16.3014 37.5245 8
      vertex 16.3014 37.5245 2
    endloop
  endfacet
  facet normal 0.965826 -0.259191 0
    outer loop
      vertex 16.2729 37.4183 8
      vertex 16.3014 37.5245 2
      vertex 16.3014 37.5245 8
    endloop
  endfacet
  facet normal 0.965826 -0.259191 0
    outer loop
      vertex 16.3014 37.5245 2
      vertex 16.2729 37.4183 8
      vertex 16.2729 37.4183 2
    endloop
  endfacet
  facet normal 0.259191 -0.965826 0
    outer loop
      vertex 16.9755 38.1986 2
      vertex 17.0817 38.2271 8
      vertex 16.9755 38.1986 8
    endloop
  endfacet
  facet normal 0.259191 -0.965826 0
    outer loop
      vertex 17.0817 38.2271 8
      vertex 16.9755 38.1986 2
      vertex 17.0817 38.2271 2
    endloop
  endfacet
  facet normal -0.965826 0.259191 0
    outer loop
      vertex 18.2986 36.8755 2
      vertex 18.3271 36.9817 8
      vertex 18.3271 36.9817 2
    endloop
  endfacet
  facet normal -0.965826 0.259191 0
    outer loop
      vertex 18.3271 36.9817 8
      vertex 18.2986 36.8755 2
      vertex 18.2986 36.8755 8
    endloop
  endfacet
  facet normal -0.155682 0.987807 0
    outer loop
      vertex 17.5183 36.1729 2
      vertex 17.4098 36.1558 8
      vertex 17.5183 36.1729 8
    endloop
  endfacet
  facet normal -0.155682 0.987807 0
    outer loop
      vertex 17.4098 36.1558 8
      vertex 17.5183 36.1729 2
      vertex 17.4098 36.1558 2
    endloop
  endfacet
  facet normal -0.965826 -0.259191 0
    outer loop
      vertex 18.3271 37.4183 2
      vertex 18.2986 37.5245 8
      vertex 18.2986 37.5245 2
    endloop
  endfacet
  facet normal -0.965826 -0.259191 0
    outer loop
      vertex 18.2986 37.5245 8
      vertex 18.3271 37.4183 2
      vertex 18.3271 37.4183 8
    endloop
  endfacet
  facet normal -0.987807 -0.155682 0
    outer loop
      vertex 18.3442 37.3098 2
      vertex 18.3271 37.4183 8
      vertex 18.3271 37.4183 2
    endloop
  endfacet
  facet normal -0.987807 -0.155682 0
    outer loop
      vertex 18.3271 37.4183 8
      vertex 18.3442 37.3098 2
      vertex 18.3442 37.3098 8
    endloop
  endfacet
  facet normal -0.933533 -0.358491 0
    outer loop
      vertex 18.2986 37.5245 2
      vertex 18.2592 37.6271 8
      vertex 18.2592 37.6271 2
    endloop
  endfacet
  facet normal -0.933533 -0.358491 0
    outer loop
      vertex 18.2592 37.6271 8
      vertex 18.2986 37.5245 2
      vertex 18.2986 37.5245 8
    endloop
  endfacet
  facet normal -0.776948 -0.629565 0
    outer loop
      vertex 18.1495 37.8172 2
      vertex 18.0803 37.9026 8
      vertex 18.0803 37.9026 2
    endloop
  endfacet
  facet normal -0.776948 -0.629565 0
    outer loop
      vertex 18.0803 37.9026 8
      vertex 18.1495 37.8172 2
      vertex 18.1495 37.8172 8
    endloop
  endfacet
  facet normal -0.838984 -0.544156 0
    outer loop
      vertex 18.2093 37.725 2
      vertex 18.1495 37.8172 8
      vertex 18.1495 37.8172 2
    endloop
  endfacet
  facet normal -0.838984 -0.544156 0
    outer loop
      vertex 18.1495 37.8172 8
      vertex 18.2093 37.725 2
      vertex 18.2093 37.725 8
    endloop
  endfacet
  facet normal -0.155682 -0.987807 0
    outer loop
      vertex 17.4098 38.2442 2
      vertex 17.5183 38.2271 8
      vertex 17.4098 38.2442 8
    endloop
  endfacet
  facet normal -0.155682 -0.987807 -0
    outer loop
      vertex 17.5183 38.2271 8
      vertex 17.4098 38.2442 2
      vertex 17.5183 38.2271 2
    endloop
  endfacet
  facet normal -0.259191 -0.965826 0
    outer loop
      vertex 17.5183 38.2271 2
      vertex 17.6245 38.1986 8
      vertex 17.5183 38.2271 8
    endloop
  endfacet
  facet normal -0.259191 -0.965826 -0
    outer loop
      vertex 17.6245 38.1986 8
      vertex 17.5183 38.2271 2
      vertex 17.6245 38.1986 2
    endloop
  endfacet
  facet normal -0.0527498 -0.998608 0
    outer loop
      vertex 17.3 38.25 2
      vertex 17.4098 38.2442 8
      vertex 17.3 38.25 8
    endloop
  endfacet
  facet normal -0.0527498 -0.998608 -0
    outer loop
      vertex 17.4098 38.2442 8
      vertex 17.3 38.25 2
      vertex 17.4098 38.2442 2
    endloop
  endfacet
  facet normal -0.454117 -0.890942 0
    outer loop
      vertex 17.7271 38.1592 2
      vertex 17.825 38.1093 8
      vertex 17.7271 38.1592 8
    endloop
  endfacet
  facet normal -0.454117 -0.890942 -0
    outer loop
      vertex 17.825 38.1093 8
      vertex 17.7271 38.1592 2
      vertex 17.825 38.1093 2
    endloop
  endfacet
  facet normal -0.629565 -0.776948 0
    outer loop
      vertex 17.9172 38.0495 2
      vertex 18.0026 37.9803 8
      vertex 17.9172 38.0495 8
    endloop
  endfacet
  facet normal -0.629565 -0.776948 -0
    outer loop
      vertex 18.0026 37.9803 8
      vertex 17.9172 38.0495 2
      vertex 18.0026 37.9803 2
    endloop
  endfacet
  facet normal 0.838984 -0.544156 0
    outer loop
      vertex 16.3907 37.725 8
      vertex 16.4505 37.8172 2
      vertex 16.4505 37.8172 8
    endloop
  endfacet
  facet normal 0.838984 -0.544156 0
    outer loop
      vertex 16.4505 37.8172 2
      vertex 16.3907 37.725 8
      vertex 16.3907 37.725 2
    endloop
  endfacet
  facet normal 0.776948 -0.629565 0
    outer loop
      vertex 16.4505 37.8172 8
      vertex 16.5197 37.9026 2
      vertex 16.5197 37.9026 8
    endloop
  endfacet
  facet normal 0.776948 -0.629565 0
    outer loop
      vertex 16.5197 37.9026 2
      vertex 16.4505 37.8172 8
      vertex 16.4505 37.8172 2
    endloop
  endfacet
  facet normal 0.890942 -0.454117 0
    outer loop
      vertex 16.3408 37.6271 8
      vertex 16.3907 37.725 2
      vertex 16.3907 37.725 8
    endloop
  endfacet
  facet normal 0.890942 -0.454117 0
    outer loop
      vertex 16.3907 37.725 2
      vertex 16.3408 37.6271 8
      vertex 16.3408 37.6271 2
    endloop
  endfacet
  facet normal 0.987807 -0.155682 0
    outer loop
      vertex 16.2558 37.3098 8
      vertex 16.2729 37.4183 2
      vertex 16.2729 37.4183 8
    endloop
  endfacet
  facet normal 0.987807 -0.155682 0
    outer loop
      vertex 16.2729 37.4183 2
      vertex 16.2558 37.3098 8
      vertex 16.2558 37.3098 2
    endloop
  endfacet
  facet normal 0.544156 -0.838984 0
    outer loop
      vertex 16.6828 38.0495 2
      vertex 16.775 38.1093 8
      vertex 16.6828 38.0495 8
    endloop
  endfacet
  facet normal 0.544156 -0.838984 0
    outer loop
      vertex 16.775 38.1093 8
      vertex 16.6828 38.0495 2
      vertex 16.775 38.1093 2
    endloop
  endfacet
  facet normal 0.629565 -0.776948 0
    outer loop
      vertex 16.5974 37.9803 2
      vertex 16.6828 38.0495 8
      vertex 16.5974 37.9803 8
    endloop
  endfacet
  facet normal 0.629565 -0.776948 0
    outer loop
      vertex 16.6828 38.0495 8
      vertex 16.5974 37.9803 2
      vertex 16.6828 38.0495 2
    endloop
  endfacet
  facet normal 0.358491 -0.933533 0
    outer loop
      vertex 16.8729 38.1592 2
      vertex 16.9755 38.1986 8
      vertex 16.8729 38.1592 8
    endloop
  endfacet
  facet normal 0.358491 -0.933533 0
    outer loop
      vertex 16.9755 38.1986 8
      vertex 16.8729 38.1592 2
      vertex 16.9755 38.1986 2
    endloop
  endfacet
  facet normal 0.155682 -0.987807 0
    outer loop
      vertex 17.0817 38.2271 2
      vertex 17.1902 38.2442 8
      vertex 17.0817 38.2271 8
    endloop
  endfacet
  facet normal 0.155682 -0.987807 0
    outer loop
      vertex 17.1902 38.2442 8
      vertex 17.0817 38.2271 2
      vertex 17.1902 38.2442 2
    endloop
  endfacet
  facet normal -0.707107 0.707107 0
    outer loop
      vertex 18.0026 36.4197 2
      vertex 18.0803 36.4974 8
      vertex 18.0803 36.4974 2
    endloop
  endfacet
  facet normal -0.707107 0.707107 0
    outer loop
      vertex 18.0803 36.4974 8
      vertex 18.0026 36.4197 2
      vertex 18.0026 36.4197 8
    endloop
  endfacet
  facet normal -0.987807 0.155682 0
    outer loop
      vertex 18.3271 36.9817 2
      vertex 18.3442 37.0902 8
      vertex 18.3442 37.0902 2
    endloop
  endfacet
  facet normal -0.987807 0.155682 0
    outer loop
      vertex 18.3442 37.0902 8
      vertex 18.3271 36.9817 2
      vertex 18.3271 36.9817 8
    endloop
  endfacet
  facet normal -0.998608 0.0527498 0
    outer loop
      vertex 18.3442 37.0902 2
      vertex 18.35 37.2 8
      vertex 18.35 37.2 2
    endloop
  endfacet
  facet normal -0.998608 0.0527498 0
    outer loop
      vertex 18.35 37.2 8
      vertex 18.3442 37.0902 2
      vertex 18.3442 37.0902 8
    endloop
  endfacet
  facet normal -0.890942 0.454117 0
    outer loop
      vertex 18.2093 36.675 2
      vertex 18.2592 36.7729 8
      vertex 18.2592 36.7729 2
    endloop
  endfacet
  facet normal -0.890942 0.454117 0
    outer loop
      vertex 18.2592 36.7729 8
      vertex 18.2093 36.675 2
      vertex 18.2093 36.675 8
    endloop
  endfacet
  facet normal -0.776948 0.629565 0
    outer loop
      vertex 18.0803 36.4974 2
      vertex 18.1495 36.5828 8
      vertex 18.1495 36.5828 2
    endloop
  endfacet
  facet normal -0.776948 0.629565 0
    outer loop
      vertex 18.1495 36.5828 8
      vertex 18.0803 36.4974 2
      vertex 18.0803 36.4974 8
    endloop
  endfacet
  facet normal 0.776948 0.629565 0
    outer loop
      vertex 16.5197 36.4974 8
      vertex 16.4505 36.5828 2
      vertex 16.4505 36.5828 8
    endloop
  endfacet
  facet normal 0.776948 0.629565 0
    outer loop
      vertex 16.4505 36.5828 2
      vertex 16.5197 36.4974 8
      vertex 16.5197 36.4974 2
    endloop
  endfacet
  facet normal 0.965826 0.259191 0
    outer loop
      vertex 16.3014 36.8755 8
      vertex 16.2729 36.9817 2
      vertex 16.2729 36.9817 8
    endloop
  endfacet
  facet normal 0.965826 0.259191 0
    outer loop
      vertex 16.2729 36.9817 2
      vertex 16.3014 36.8755 8
      vertex 16.3014 36.8755 2
    endloop
  endfacet
  facet normal -0.358491 0.933533 0
    outer loop
      vertex 17.7271 36.2408 2
      vertex 17.6245 36.2014 8
      vertex 17.7271 36.2408 8
    endloop
  endfacet
  facet normal -0.358491 0.933533 0
    outer loop
      vertex 17.6245 36.2014 8
      vertex 17.7271 36.2408 2
      vertex 17.6245 36.2014 2
    endloop
  endfacet
  facet normal -0.259191 0.965826 0
    outer loop
      vertex 17.6245 36.2014 2
      vertex 17.5183 36.1729 8
      vertex 17.6245 36.2014 8
    endloop
  endfacet
  facet normal -0.259191 0.965826 0
    outer loop
      vertex 17.5183 36.1729 8
      vertex 17.6245 36.2014 2
      vertex 17.5183 36.1729 2
    endloop
  endfacet
  facet normal -0.629565 0.776948 0
    outer loop
      vertex 18.0026 36.4197 2
      vertex 17.9172 36.3505 8
      vertex 18.0026 36.4197 8
    endloop
  endfacet
  facet normal -0.629565 0.776948 0
    outer loop
      vertex 17.9172 36.3505 8
      vertex 18.0026 36.4197 2
      vertex 17.9172 36.3505 2
    endloop
  endfacet
  facet normal -0.544156 0.838984 0
    outer loop
      vertex 17.9172 36.3505 2
      vertex 17.825 36.2907 8
      vertex 17.9172 36.3505 8
    endloop
  endfacet
  facet normal -0.544156 0.838984 0
    outer loop
      vertex 17.825 36.2907 8
      vertex 17.9172 36.3505 2
      vertex 17.825 36.2907 2
    endloop
  endfacet
  facet normal -0.933533 0.358491 0
    outer loop
      vertex 18.2592 36.7729 2
      vertex 18.2986 36.8755 8
      vertex 18.2986 36.8755 2
    endloop
  endfacet
  facet normal -0.933533 0.358491 0
    outer loop
      vertex 18.2986 36.8755 8
      vertex 18.2592 36.7729 2
      vertex 18.2592 36.7729 8
    endloop
  endfacet
  facet normal 0.0527498 0.998608 -0
    outer loop
      vertex 17.3 36.15 2
      vertex 17.1902 36.1558 8
      vertex 17.3 36.15 8
    endloop
  endfacet
  facet normal 0.0527498 0.998608 0
    outer loop
      vertex 17.1902 36.1558 8
      vertex 17.3 36.15 2
      vertex 17.1902 36.1558 2
    endloop
  endfacet
  facet normal 0.155682 0.987807 -0
    outer loop
      vertex 17.1902 36.1558 2
      vertex 17.0817 36.1729 8
      vertex 17.1902 36.1558 8
    endloop
  endfacet
  facet normal 0.155682 0.987807 0
    outer loop
      vertex 17.0817 36.1729 8
      vertex 17.1902 36.1558 2
      vertex 17.0817 36.1729 2
    endloop
  endfacet
  facet normal 0.838984 0.544156 0
    outer loop
      vertex 16.4505 36.5828 8
      vertex 16.3907 36.675 2
      vertex 16.3907 36.675 8
    endloop
  endfacet
  facet normal 0.838984 0.544156 0
    outer loop
      vertex 16.3907 36.675 2
      vertex 16.4505 36.5828 8
      vertex 16.4505 36.5828 2
    endloop
  endfacet
  facet normal 0.707107 0.707107 0
    outer loop
      vertex 16.5974 36.4197 8
      vertex 16.5197 36.4974 2
      vertex 16.5197 36.4974 8
    endloop
  endfacet
  facet normal 0.707107 0.707107 0
    outer loop
      vertex 16.5197 36.4974 2
      vertex 16.5974 36.4197 8
      vertex 16.5974 36.4197 2
    endloop
  endfacet
  facet normal 0.933533 0.358491 0
    outer loop
      vertex 16.3408 36.7729 8
      vertex 16.3014 36.8755 2
      vertex 16.3014 36.8755 8
    endloop
  endfacet
  facet normal 0.933533 0.358491 0
    outer loop
      vertex 16.3014 36.8755 2
      vertex 16.3408 36.7729 8
      vertex 16.3408 36.7729 2
    endloop
  endfacet
  facet normal 0.987807 0.155682 0
    outer loop
      vertex 16.2729 36.9817 8
      vertex 16.2558 37.0902 2
      vertex 16.2558 37.0902 8
    endloop
  endfacet
  facet normal 0.987807 0.155682 0
    outer loop
      vertex 16.2558 37.0902 2
      vertex 16.2729 36.9817 8
      vertex 16.2729 36.9817 2
    endloop
  endfacet
  facet normal 0.998608 0.0527498 0
    outer loop
      vertex 16.2558 37.0902 8
      vertex 16.25 37.2 2
      vertex 16.25 37.2 8
    endloop
  endfacet
  facet normal 0.998608 0.0527498 0
    outer loop
      vertex 16.25 37.2 2
      vertex 16.2558 37.0902 8
      vertex 16.2558 37.0902 2
    endloop
  endfacet
  facet normal -0.454117 0.890942 0
    outer loop
      vertex 17.825 36.2907 2
      vertex 17.7271 36.2408 8
      vertex 17.825 36.2907 8
    endloop
  endfacet
  facet normal -0.454117 0.890942 0
    outer loop
      vertex 17.7271 36.2408 8
      vertex 17.825 36.2907 2
      vertex 17.7271 36.2408 2
    endloop
  endfacet
  facet normal 0.629565 0.776948 -0
    outer loop
      vertex 16.6828 36.3505 2
      vertex 16.5974 36.4197 8
      vertex 16.6828 36.3505 8
    endloop
  endfacet
  facet normal 0.629565 0.776948 0
    outer loop
      vertex 16.5974 36.4197 8
      vertex 16.6828 36.3505 2
      vertex 16.5974 36.4197 2
    endloop
  endfacet
  facet normal 0.259191 0.965826 -0
    outer loop
      vertex 17.0817 36.1729 2
      vertex 16.9755 36.2014 8
      vertex 17.0817 36.1729 8
    endloop
  endfacet
  facet normal 0.259191 0.965826 0
    outer loop
      vertex 16.9755 36.2014 8
      vertex 17.0817 36.1729 2
      vertex 16.9755 36.2014 2
    endloop
  endfacet
  facet normal 0.890942 0.454117 0
    outer loop
      vertex 16.3907 36.675 8
      vertex 16.3408 36.7729 2
      vertex 16.3408 36.7729 8
    endloop
  endfacet
  facet normal 0.890942 0.454117 0
    outer loop
      vertex 16.3408 36.7729 2
      vertex 16.3907 36.675 8
      vertex 16.3907 36.675 2
    endloop
  endfacet
  facet normal 0.358491 0.933533 -0
    outer loop
      vertex 16.9755 36.2014 2
      vertex 16.8729 36.2408 8
      vertex 16.9755 36.2014 8
    endloop
  endfacet
  facet normal 0.358491 0.933533 0
    outer loop
      vertex 16.8729 36.2408 8
      vertex 16.9755 36.2014 2
      vertex 16.8729 36.2408 2
    endloop
  endfacet
  facet normal 0.454117 0.890942 -0
    outer loop
      vertex 16.8729 36.2408 2
      vertex 16.775 36.2907 8
      vertex 16.8729 36.2408 8
    endloop
  endfacet
  facet normal 0.454117 0.890942 0
    outer loop
      vertex 16.775 36.2907 8
      vertex 16.8729 36.2408 2
      vertex 16.775 36.2907 2
    endloop
  endfacet
  facet normal 0.544156 0.838984 -0
    outer loop
      vertex 16.775 36.2907 2
      vertex 16.6828 36.3505 8
      vertex 16.775 36.2907 8
    endloop
  endfacet
  facet normal 0.544156 0.838984 0
    outer loop
      vertex 16.6828 36.3505 8
      vertex 16.775 36.2907 2
      vertex 16.6828 36.3505 2
    endloop
  endfacet
  facet normal 0.998628 0.0523582 0
    outer loop
      vertex 65.2 37.2 8
      vertex 65.1863 37.4613 2
      vertex 65.1863 37.4613 8
    endloop
  endfacet
  facet normal 0.998628 0.0523582 0
    outer loop
      vertex 65.1863 37.4613 2
      vertex 65.2 37.2 8
      vertex 65.2 37.2 2
    endloop
  endfacet
  facet normal -0.998628 0.0523582 0
    outer loop
      vertex 60.2 37.2 2
      vertex 60.2137 37.4613 8
      vertex 60.2137 37.4613 2
    endloop
  endfacet
  facet normal -0.998628 0.0523582 0
    outer loop
      vertex 60.2137 37.4613 8
      vertex 60.2 37.2 2
      vertex 60.2 37.2 8
    endloop
  endfacet
  facet normal 0.0523582 0.998628 -0
    outer loop
      vertex 62.9613 39.6863 2
      vertex 62.7 39.7 8
      vertex 62.9613 39.6863 8
    endloop
  endfacet
  facet normal 0.0523582 0.998628 0
    outer loop
      vertex 62.7 39.7 8
      vertex 62.9613 39.6863 2
      vertex 62.7 39.7 2
    endloop
  endfacet
  facet normal -0.0523582 -0.998628 0
    outer loop
      vertex 62.4387 34.7137 2
      vertex 62.7 34.7 8
      vertex 62.4387 34.7137 8
    endloop
  endfacet
  facet normal -0.0523582 -0.998628 -0
    outer loop
      vertex 62.7 34.7 8
      vertex 62.4387 34.7137 2
      vertex 62.7 34.7 2
    endloop
  endfacet
  facet normal 0.707107 0.707107 0
    outer loop
      vertex 64.5579 38.8728 8
      vertex 64.3728 39.0579 2
      vertex 64.3728 39.0579 8
    endloop
  endfacet
  facet normal 0.707107 0.707107 0
    outer loop
      vertex 64.3728 39.0579 2
      vertex 64.5579 38.8728 8
      vertex 64.5579 38.8728 2
    endloop
  endfacet
  facet normal -0.629253 0.7772 0
    outer loop
      vertex 61.2305 39.2225 2
      vertex 61.0272 39.0579 8
      vertex 61.2305 39.2225 8
    endloop
  endfacet
  facet normal -0.629253 0.7772 0
    outer loop
      vertex 61.0272 39.0579 8
      vertex 61.2305 39.2225 2
      vertex 61.0272 39.0579 2
    endloop
  endfacet
  facet normal -0.358108 0.93368 0
    outer loop
      vertex 61.9275 39.5776 2
      vertex 61.6832 39.4839 8
      vertex 61.9275 39.5776 8
    endloop
  endfacet
  facet normal -0.358108 0.93368 0
    outer loop
      vertex 61.6832 39.4839 8
      vertex 61.9275 39.5776 2
      vertex 61.6832 39.4839 2
    endloop
  endfacet
  facet normal -0.965841 -0.259137 0
    outer loop
      vertex 60.3224 36.4275 2
      vertex 60.2546 36.6802 8
      vertex 60.2546 36.6802 2
    endloop
  endfacet
  facet normal -0.965841 -0.259137 0
    outer loop
      vertex 60.2546 36.6802 8
      vertex 60.3224 36.4275 2
      vertex 60.3224 36.4275 8
    endloop
  endfacet
  facet normal 0.891039 0.453926 0
    outer loop
      vertex 64.9839 38.2168 8
      vertex 64.8651 38.45 2
      vertex 64.8651 38.45 8
    endloop
  endfacet
  facet normal 0.891039 0.453926 0
    outer loop
      vertex 64.8651 38.45 2
      vertex 64.9839 38.2168 8
      vertex 64.9839 38.2168 2
    endloop
  endfacet
  facet normal 0.453926 0.891039 -0
    outer loop
      vertex 63.95 39.3651 2
      vertex 63.7168 39.4839 8
      vertex 63.95 39.3651 8
    endloop
  endfacet
  facet normal 0.453926 0.891039 0
    outer loop
      vertex 63.7168 39.4839 8
      vertex 63.95 39.3651 2
      vertex 63.7168 39.4839 2
    endloop
  endfacet
  facet normal 0.544787 0.838575 -0
    outer loop
      vertex 64.1695 39.2225 2
      vertex 63.95 39.3651 8
      vertex 64.1695 39.2225 8
    endloop
  endfacet
  facet normal 0.544787 0.838575 0
    outer loop
      vertex 63.95 39.3651 8
      vertex 64.1695 39.2225 2
      vertex 63.95 39.3651 2
    endloop
  endfacet
  facet normal -0.838575 0.544787 0
    outer loop
      vertex 60.5349 38.45 2
      vertex 60.6775 38.6695 8
      vertex 60.6775 38.6695 2
    endloop
  endfacet
  facet normal -0.838575 0.544787 0
    outer loop
      vertex 60.6775 38.6695 8
      vertex 60.5349 38.45 2
      vertex 60.5349 38.45 8
    endloop
  endfacet
  facet normal -0.7772 0.629253 0
    outer loop
      vertex 60.6775 38.6695 2
      vertex 60.8421 38.8728 8
      vertex 60.8421 38.8728 2
    endloop
  endfacet
  facet normal -0.7772 0.629253 0
    outer loop
      vertex 60.8421 38.8728 8
      vertex 60.6775 38.6695 2
      vertex 60.6775 38.6695 8
    endloop
  endfacet
  facet normal -0.453926 0.891039 0
    outer loop
      vertex 61.6832 39.4839 2
      vertex 61.45 39.3651 8
      vertex 61.6832 39.4839 8
    endloop
  endfacet
  facet normal -0.453926 0.891039 0
    outer loop
      vertex 61.45 39.3651 8
      vertex 61.6832 39.4839 2
      vertex 61.45 39.3651 2
    endloop
  endfacet
  facet normal -0.156277 0.987713 0
    outer loop
      vertex 62.4387 39.6863 2
      vertex 62.1802 39.6454 8
      vertex 62.4387 39.6863 8
    endloop
  endfacet
  facet normal -0.156277 0.987713 0
    outer loop
      vertex 62.1802 39.6454 8
      vertex 62.4387 39.6863 2
      vertex 62.1802 39.6454 2
    endloop
  endfacet
  facet normal 0.891039 -0.453926 0
    outer loop
      vertex 64.8651 35.95 8
      vertex 64.9839 36.1832 2
      vertex 64.9839 36.1832 8
    endloop
  endfacet
  facet normal 0.891039 -0.453926 0
    outer loop
      vertex 64.9839 36.1832 2
      vertex 64.8651 35.95 8
      vertex 64.8651 35.95 2
    endloop
  endfacet
  facet normal 0.259137 -0.965841 0
    outer loop
      vertex 63.2198 34.7546 2
      vertex 63.4725 34.8224 8
      vertex 63.2198 34.7546 8
    endloop
  endfacet
  facet normal 0.259137 -0.965841 0
    outer loop
      vertex 63.4725 34.8224 8
      vertex 63.2198 34.7546 2
      vertex 63.4725 34.8224 2
    endloop
  endfacet
  facet normal 0.707107 -0.707107 0
    outer loop
      vertex 64.3728 35.3421 8
      vertex 64.5579 35.5272 2
      vertex 64.5579 35.5272 8
    endloop
  endfacet
  facet normal 0.707107 -0.707107 0
    outer loop
      vertex 64.5579 35.5272 2
      vertex 64.3728 35.3421 8
      vertex 64.3728 35.3421 2
    endloop
  endfacet
  facet normal 0.965841 -0.259137 0
    outer loop
      vertex 65.0776 36.4275 8
      vertex 65.1454 36.6802 2
      vertex 65.1454 36.6802 8
    endloop
  endfacet
  facet normal 0.965841 -0.259137 0
    outer loop
      vertex 65.1454 36.6802 2
      vertex 65.0776 36.4275 8
      vertex 65.0776 36.4275 2
    endloop
  endfacet
  facet normal -0.358108 -0.93368 0
    outer loop
      vertex 61.6832 34.9161 2
      vertex 61.9275 34.8224 8
      vertex 61.6832 34.9161 8
    endloop
  endfacet
  facet normal -0.358108 -0.93368 -0
    outer loop
      vertex 61.9275 34.8224 8
      vertex 61.6832 34.9161 2
      vertex 61.9275 34.8224 2
    endloop
  endfacet
  facet normal -0.891039 -0.453926 0
    outer loop
      vertex 60.5349 35.95 2
      vertex 60.4161 36.1832 8
      vertex 60.4161 36.1832 2
    endloop
  endfacet
  facet normal -0.891039 -0.453926 0
    outer loop
      vertex 60.4161 36.1832 8
      vertex 60.5349 35.95 2
      vertex 60.5349 35.95 8
    endloop
  endfacet
  facet normal -0.838575 -0.544787 0
    outer loop
      vertex 60.6775 35.7305 2
      vertex 60.5349 35.95 8
      vertex 60.5349 35.95 2
    endloop
  endfacet
  facet normal -0.838575 -0.544787 0
    outer loop
      vertex 60.5349 35.95 8
      vertex 60.6775 35.7305 2
      vertex 60.6775 35.7305 8
    endloop
  endfacet
  facet normal 0.965841 0.259137 0
    outer loop
      vertex 65.1454 37.7198 8
      vertex 65.0776 37.9725 2
      vertex 65.0776 37.9725 8
    endloop
  endfacet
  facet normal 0.965841 0.259137 0
    outer loop
      vertex 65.0776 37.9725 2
      vertex 65.1454 37.7198 8
      vertex 65.1454 37.7198 2
    endloop
  endfacet
  facet normal 0.987713 0.156277 0
    outer loop
      vertex 65.1863 37.4613 8
      vertex 65.1454 37.7198 2
      vertex 65.1454 37.7198 8
    endloop
  endfacet
  facet normal 0.987713 0.156277 0
    outer loop
      vertex 65.1454 37.7198 2
      vertex 65.1863 37.4613 8
      vertex 65.1863 37.4613 2
    endloop
  endfacet
  facet normal 0.93368 0.358108 0
    outer loop
      vertex 65.0776 37.9725 8
      vertex 64.9839 38.2168 2
      vertex 64.9839 38.2168 8
    endloop
  endfacet
  facet normal 0.93368 0.358108 0
    outer loop
      vertex 64.9839 38.2168 2
      vertex 65.0776 37.9725 8
      vertex 65.0776 37.9725 2
    endloop
  endfacet
  facet normal 0.7772 0.629253 0
    outer loop
      vertex 64.7225 38.6695 8
      vertex 64.5579 38.8728 2
      vertex 64.5579 38.8728 8
    endloop
  endfacet
  facet normal 0.7772 0.629253 0
    outer loop
      vertex 64.5579 38.8728 2
      vertex 64.7225 38.6695 8
      vertex 64.7225 38.6695 2
    endloop
  endfacet
  facet normal 0.838575 0.544787 0
    outer loop
      vertex 64.8651 38.45 8
      vertex 64.7225 38.6695 2
      vertex 64.7225 38.6695 8
    endloop
  endfacet
  facet normal 0.838575 0.544787 0
    outer loop
      vertex 64.7225 38.6695 2
      vertex 64.8651 38.45 8
      vertex 64.8651 38.45 2
    endloop
  endfacet
  facet normal 0.259137 0.965841 -0
    outer loop
      vertex 63.4725 39.5776 2
      vertex 63.2198 39.6454 8
      vertex 63.4725 39.5776 8
    endloop
  endfacet
  facet normal 0.259137 0.965841 0
    outer loop
      vertex 63.2198 39.6454 8
      vertex 63.4725 39.5776 2
      vertex 63.2198 39.6454 2
    endloop
  endfacet
  facet normal 0.156277 0.987713 -0
    outer loop
      vertex 63.2198 39.6454 2
      vertex 62.9613 39.6863 8
      vertex 63.2198 39.6454 8
    endloop
  endfacet
  facet normal 0.156277 0.987713 0
    outer loop
      vertex 62.9613 39.6863 8
      vertex 63.2198 39.6454 2
      vertex 62.9613 39.6863 2
    endloop
  endfacet
  facet normal 0.629253 0.7772 -0
    outer loop
      vertex 64.3728 39.0579 2
      vertex 64.1695 39.2225 8
      vertex 64.3728 39.0579 8
    endloop
  endfacet
  facet normal 0.629253 0.7772 0
    outer loop
      vertex 64.1695 39.2225 8
      vertex 64.3728 39.0579 2
      vertex 64.1695 39.2225 2
    endloop
  endfacet
  facet normal -0.965841 0.259137 0
    outer loop
      vertex 60.2546 37.7198 2
      vertex 60.3224 37.9725 8
      vertex 60.3224 37.9725 2
    endloop
  endfacet
  facet normal -0.965841 0.259137 0
    outer loop
      vertex 60.3224 37.9725 8
      vertex 60.2546 37.7198 2
      vertex 60.2546 37.7198 8
    endloop
  endfacet
  facet normal -0.891039 0.453926 0
    outer loop
      vertex 60.4161 38.2168 2
      vertex 60.5349 38.45 8
      vertex 60.5349 38.45 2
    endloop
  endfacet
  facet normal -0.891039 0.453926 0
    outer loop
      vertex 60.5349 38.45 8
      vertex 60.4161 38.2168 2
      vertex 60.4161 38.2168 8
    endloop
  endfacet
  facet normal -0.987713 0.156277 0
    outer loop
      vertex 60.2137 37.4613 2
      vertex 60.2546 37.7198 8
      vertex 60.2546 37.7198 2
    endloop
  endfacet
  facet normal -0.987713 0.156277 0
    outer loop
      vertex 60.2546 37.7198 8
      vertex 60.2137 37.4613 2
      vertex 60.2137 37.4613 8
    endloop
  endfacet
  facet normal 0 0 1
    outer loop
      vertex 63.75 37.2 8
      vertex 65.2 37.2 8
      vertex 65.1863 37.4613 8
    endloop
  endfacet
  facet normal 0 0 1
    outer loop
      vertex 63.7442 37.3098 8
      vertex 65.1863 37.4613 8
      vertex 65.1454 37.7198 8
    endloop
  endfacet
  facet normal 0 0 1
    outer loop
      vertex 65.2 37.2 8
      vertex 63.75 37.2 8
      vertex 65.1863 36.9387 8
    endloop
  endfacet
  facet normal 0 0 1
    outer loop
      vertex 63.7271 37.4183 8
      vertex 65.1454 37.7198 8
      vertex 65.0776 37.9725 8
    endloop
  endfacet
  facet normal -0 0 1
    outer loop
      vertex 63.7442 37.0902 8
      vertex 65.1863 36.9387 8
      vertex 63.75 37.2 8
    endloop
  endfacet
  facet normal 0 0 1
    outer loop
      vertex 63.6986 37.5245 8
      vertex 65.0776 37.9725 8
      vertex 64.9839 38.2168 8
    endloop
  endfacet
  facet normal 0 0 1
    outer loop
      vertex 65.1863 36.9387 8
      vertex 63.7442 37.0902 8
      vertex 65.1454 36.6802 8
    endloop
  endfacet
  facet normal 0 0 1
    outer loop
      vertex 63.6592 37.6271 8
      vertex 64.9839 38.2168 8
      vertex 64.8651 38.45 8
    endloop
  endfacet
  facet normal -0 0 1
    outer loop
      vertex 63.7271 36.9817 8
      vertex 65.1454 36.6802 8
      vertex 63.7442 37.0902 8
    endloop
  endfacet
  facet normal 0 0 1
    outer loop
      vertex 63.6093 37.725 8
      vertex 64.8651 38.45 8
      vertex 64.7225 38.6695 8
    endloop
  endfacet
  facet normal 0 0 1
    outer loop
      vertex 65.1454 36.6802 8
      vertex 63.7271 36.9817 8
      vertex 65.0776 36.4275 8
    endloop
  endfacet
  facet normal 0 0 1
    outer loop
      vertex 63.5495 37.8172 8
      vertex 64.7225 38.6695 8
      vertex 64.5579 38.8728 8
    endloop
  endfacet
  facet normal -0 0 1
    outer loop
      vertex 63.6986 36.8755 8
      vertex 65.0776 36.4275 8
      vertex 63.7271 36.9817 8
    endloop
  endfacet
  facet normal 0 0 1
    outer loop
      vertex 63.4803 37.9026 8
      vertex 64.5579 38.8728 8
      vertex 64.3728 39.0579 8
    endloop
  endfacet
  facet normal 0 0 1
    outer loop
      vertex 65.0776 36.4275 8
      vertex 63.6986 36.8755 8
      vertex 64.9839 36.1832 8
    endloop
  endfacet
  facet normal 0 0 1
    outer loop
      vertex 63.4026 37.9803 8
      vertex 64.3728 39.0579 8
      vertex 64.1695 39.2225 8
    endloop
  endfacet
  facet normal -0 0 1
    outer loop
      vertex 63.6592 36.7729 8
      vertex 64.9839 36.1832 8
      vertex 63.6986 36.8755 8
    endloop
  endfacet
  facet normal 0 0 1
    outer loop
      vertex 63.3172 38.0495 8
      vertex 64.1695 39.2225 8
      vertex 63.95 39.3651 8
    endloop
  endfacet
  facet normal 0 0 1
    outer loop
      vertex 64.9839 36.1832 8
      vertex 63.6592 36.7729 8
      vertex 64.8651 35.95 8
    endloop
  endfacet
  facet normal -0 0 1
    outer loop
      vertex 63.6093 36.675 8
      vertex 64.8651 35.95 8
      vertex 63.6592 36.7729 8
    endloop
  endfacet
  facet normal 0 0 1
    outer loop
      vertex 65.1863 37.4613 8
      vertex 63.7442 37.3098 8
      vertex 63.75 37.2 8
    endloop
  endfacet
  facet normal 0 0 1
    outer loop
      vertex 65.1454 37.7198 8
      vertex 63.7271 37.4183 8
      vertex 63.7442 37.3098 8
    endloop
  endfacet
  facet normal 0 0 1
    outer loop
      vertex 63.225 38.1093 8
      vertex 63.95 39.3651 8
      vertex 63.7168 39.4839 8
    endloop
  endfacet
  facet normal 0 0 1
    outer loop
      vertex 65.0776 37.9725 8
      vertex 63.6986 37.5245 8
      vertex 63.7271 37.4183 8
    endloop
  endfacet
  facet normal 0 0 1
    outer loop
      vertex 64.9839 38.2168 8
      vertex 63.6592 37.6271 8
      vertex 63.6986 37.5245 8
    endloop
  endfacet
  facet normal 0 0 1
    outer loop
      vertex 64.8651 38.45 8
      vertex 63.6093 37.725 8
      vertex 63.6592 37.6271 8
    endloop
  endfacet
  facet normal 0 0 1
    outer loop
      vertex 64.7225 38.6695 8
      vertex 63.5495 37.8172 8
      vertex 63.6093 37.725 8
    endloop
  endfacet
  facet normal 0 0 1
    outer loop
      vertex 64.5579 38.8728 8
      vertex 63.4803 37.9026 8
      vertex 63.5495 37.8172 8
    endloop
  endfacet
  facet normal 0 0 1
    outer loop
      vertex 63.1271 38.1592 8
      vertex 63.7168 39.4839 8
      vertex 63.4725 39.5776 8
    endloop
  endfacet
  facet normal 0 0 1
    outer loop
      vertex 64.3728 39.0579 8
      vertex 63.4026 37.9803 8
      vertex 63.4803 37.9026 8
    endloop
  endfacet
  facet normal 0 0 1
    outer loop
      vertex 64.1695 39.2225 8
      vertex 63.3172 38.0495 8
      vertex 63.4026 37.9803 8
    endloop
  endfacet
  facet normal 0 0 1
    outer loop
      vertex 63.95 39.3651 8
      vertex 63.225 38.1093 8
      vertex 63.3172 38.0495 8
    endloop
  endfacet
  facet normal 0 0 1
    outer loop
      vertex 63.0245 38.1986 8
      vertex 63.4725 39.5776 8
      vertex 63.2198 39.6454 8
    endloop
  endfacet
  facet normal 0 0 1
    outer loop
      vertex 63.7168 39.4839 8
      vertex 63.1271 38.1592 8
      vertex 63.225 38.1093 8
    endloop
  endfacet
  facet normal 0 0 1
    outer loop
      vertex 63.4725 39.5776 8
      vertex 63.0245 38.1986 8
      vertex 63.1271 38.1592 8
    endloop
  endfacet
  facet normal 0 0 1
    outer loop
      vertex 62.9183 38.2271 8
      vertex 63.2198 39.6454 8
      vertex 62.9613 39.6863 8
    endloop
  endfacet
  facet normal 0 0 1
    outer loop
      vertex 63.2198 39.6454 8
      vertex 62.9183 38.2271 8
      vertex 63.0245 38.1986 8
    endloop
  endfacet
  facet normal 0 0 1
    outer loop
      vertex 62.9613 39.6863 8
      vertex 62.8098 38.2442 8
      vertex 62.9183 38.2271 8
    endloop
  endfacet
  facet normal 0 0 1
    outer loop
      vertex 62.7 39.7 8
      vertex 62.8098 38.2442 8
      vertex 62.9613 39.6863 8
    endloop
  endfacet
  facet normal 0 0 1
    outer loop
      vertex 62.7 39.7 8
      vertex 62.7 38.25 8
      vertex 62.8098 38.2442 8
    endloop
  endfacet
  facet normal 0 0 1
    outer loop
      vertex 62.7 39.7 8
      vertex 62.5902 38.2442 8
      vertex 62.7 38.25 8
    endloop
  endfacet
  facet normal -0 0 1
    outer loop
      vertex 62.4387 39.6863 8
      vertex 62.5902 38.2442 8
      vertex 62.7 39.7 8
    endloop
  endfacet
  facet normal 0 0 1
    outer loop
      vertex 62.5902 38.2442 8
      vertex 62.4387 39.6863 8
      vertex 62.4817 38.2271 8
    endloop
  endfacet
  facet normal -0 0 1
    outer loop
      vertex 62.1802 39.6454 8
      vertex 62.4817 38.2271 8
      vertex 62.4387 39.6863 8
    endloop
  endfacet
  facet normal 0 0 1
    outer loop
      vertex 62.4817 38.2271 8
      vertex 62.1802 39.6454 8
      vertex 62.3755 38.1986 8
    endloop
  endfacet
  facet normal -0 0 1
    outer loop
      vertex 61.9275 39.5776 8
      vertex 62.3755 38.1986 8
      vertex 62.1802 39.6454 8
    endloop
  endfacet
  facet normal 0 0 1
    outer loop
      vertex 62.3755 38.1986 8
      vertex 61.9275 39.5776 8
      vertex 62.2729 38.1592 8
    endloop
  endfacet
  facet normal -0 0 1
    outer loop
      vertex 61.6832 39.4839 8
      vertex 62.2729 38.1592 8
      vertex 61.9275 39.5776 8
    endloop
  endfacet
  facet normal 0 0 1
    outer loop
      vertex 62.2729 38.1592 8
      vertex 61.6832 39.4839 8
      vertex 62.175 38.1093 8
    endloop
  endfacet
  facet normal -0 0 1
    outer loop
      vertex 61.45 39.3651 8
      vertex 62.175 38.1093 8
      vertex 61.6832 39.4839 8
    endloop
  endfacet
  facet normal 0 0 1
    outer loop
      vertex 62.175 38.1093 8
      vertex 61.45 39.3651 8
      vertex 62.0828 38.0495 8
    endloop
  endfacet
  facet normal -0 0 1
    outer loop
      vertex 61.2305 39.2225 8
      vertex 62.0828 38.0495 8
      vertex 61.45 39.3651 8
    endloop
  endfacet
  facet normal 0 0 1
    outer loop
      vertex 62.0828 38.0495 8
      vertex 61.2305 39.2225 8
      vertex 61.9974 37.9803 8
    endloop
  endfacet
  facet normal -0 0 1
    outer loop
      vertex 61.0272 39.0579 8
      vertex 61.9974 37.9803 8
      vertex 61.2305 39.2225 8
    endloop
  endfacet
  facet normal 0 0 1
    outer loop
      vertex 61.9974 37.9803 8
      vertex 61.0272 39.0579 8
      vertex 61.9197 37.9026 8
    endloop
  endfacet
  facet normal -0 0 1
    outer loop
      vertex 60.8421 38.8728 8
      vertex 61.9197 37.9026 8
      vertex 61.0272 39.0579 8
    endloop
  endfacet
  facet normal 0 0 1
    outer loop
      vertex 61.9197 37.9026 8
      vertex 60.8421 38.8728 8
      vertex 61.8505 37.8172 8
    endloop
  endfacet
  facet normal -0 0 1
    outer loop
      vertex 60.6775 38.6695 8
      vertex 61.8505 37.8172 8
      vertex 60.8421 38.8728 8
    endloop
  endfacet
  facet normal 0 0 1
    outer loop
      vertex 61.8505 37.8172 8
      vertex 60.6775 38.6695 8
      vertex 61.7907 37.725 8
    endloop
  endfacet
  facet normal -0 0 1
    outer loop
      vertex 60.5349 38.45 8
      vertex 61.7907 37.725 8
      vertex 60.6775 38.6695 8
    endloop
  endfacet
  facet normal 0 0 1
    outer loop
      vertex 64.8651 35.95 8
      vertex 63.6093 36.675 8
      vertex 64.7225 35.7305 8
    endloop
  endfacet
  facet normal -0 0 1
    outer loop
      vertex 63.5495 36.5828 8
      vertex 64.7225 35.7305 8
      vertex 63.6093 36.675 8
    endloop
  endfacet
  facet normal 0 0 1
    outer loop
      vertex 64.7225 35.7305 8
      vertex 63.5495 36.5828 8
      vertex 64.5579 35.5272 8
    endloop
  endfacet
  facet normal -0 0 1
    outer loop
      vertex 63.4803 36.4974 8
      vertex 64.5579 35.5272 8
      vertex 63.5495 36.5828 8
    endloop
  endfacet
  facet normal 0 0 1
    outer loop
      vertex 64.5579 35.5272 8
      vertex 63.4803 36.4974 8
      vertex 64.3728 35.3421 8
    endloop
  endfacet
  facet normal -0 0 1
    outer loop
      vertex 63.4026 36.4197 8
      vertex 64.3728 35.3421 8
      vertex 63.4803 36.4974 8
    endloop
  endfacet
  facet normal 0 0 1
    outer loop
      vertex 64.3728 35.3421 8
      vertex 63.4026 36.4197 8
      vertex 64.1695 35.1775 8
    endloop
  endfacet
  facet normal -0 0 1
    outer loop
      vertex 63.3172 36.3505 8
      vertex 64.1695 35.1775 8
      vertex 63.4026 36.4197 8
    endloop
  endfacet
  facet normal 0 0 1
    outer loop
      vertex 64.1695 35.1775 8
      vertex 63.3172 36.3505 8
      vertex 63.95 35.0349 8
    endloop
  endfacet
  facet normal -0 0 1
    outer loop
      vertex 63.225 36.2907 8
      vertex 63.95 35.0349 8
      vertex 63.3172 36.3505 8
    endloop
  endfacet
  facet normal 0 0 1
    outer loop
      vertex 63.95 35.0349 8
      vertex 63.225 36.2907 8
      vertex 63.7168 34.9161 8
    endloop
  endfacet
  facet normal -0 0 1
    outer loop
      vertex 63.1271 36.2408 8
      vertex 63.7168 34.9161 8
      vertex 63.225 36.2907 8
    endloop
  endfacet
  facet normal 0 0 1
    outer loop
      vertex 63.7168 34.9161 8
      vertex 63.1271 36.2408 8
      vertex 63.4725 34.8224 8
    endloop
  endfacet
  facet normal -0 0 1
    outer loop
      vertex 63.0245 36.2014 8
      vertex 63.4725 34.8224 8
      vertex 63.1271 36.2408 8
    endloop
  endfacet
  facet normal 0 0 1
    outer loop
      vertex 63.4725 34.8224 8
      vertex 63.0245 36.2014 8
      vertex 63.2198 34.7546 8
    endloop
  endfacet
  facet normal -0 0 1
    outer loop
      vertex 62.9183 36.1729 8
      vertex 63.2198 34.7546 8
      vertex 63.0245 36.2014 8
    endloop
  endfacet
  facet normal 0 0 1
    outer loop
      vertex 63.2198 34.7546 8
      vertex 62.9183 36.1729 8
      vertex 62.9613 34.7137 8
    endloop
  endfacet
  facet normal -0 0 1
    outer loop
      vertex 62.8098 36.1558 8
      vertex 62.9613 34.7137 8
      vertex 62.9183 36.1729 8
    endloop
  endfacet
  facet normal -0 0 1
    outer loop
      vertex 62.7 36.15 8
      vertex 62.9613 34.7137 8
      vertex 62.8098 36.1558 8
    endloop
  endfacet
  facet normal 0 0 1
    outer loop
      vertex 62.7 36.15 8
      vertex 62.7 34.7 8
      vertex 62.9613 34.7137 8
    endloop
  endfacet
  facet normal 0 0 1
    outer loop
      vertex 62.5902 36.1558 8
      vertex 62.7 34.7 8
      vertex 62.7 36.15 8
    endloop
  endfacet
  facet normal 0 0 1
    outer loop
      vertex 62.4387 34.7137 8
      vertex 62.5902 36.1558 8
      vertex 62.4817 36.1729 8
    endloop
  endfacet
  facet normal 0 0 1
    outer loop
      vertex 62.5902 36.1558 8
      vertex 62.4387 34.7137 8
      vertex 62.7 34.7 8
    endloop
  endfacet
  facet normal 0 0 1
    outer loop
      vertex 62.1802 34.7546 8
      vertex 62.4817 36.1729 8
      vertex 62.3755 36.2014 8
    endloop
  endfacet
  facet normal 0 0 1
    outer loop
      vertex 61.9275 34.8224 8
      vertex 62.3755 36.2014 8
      vertex 62.2729 36.2408 8
    endloop
  endfacet
  facet normal 0 0 1
    outer loop
      vertex 62.4817 36.1729 8
      vertex 62.1802 34.7546 8
      vertex 62.4387 34.7137 8
    endloop
  endfacet
  facet normal 0 0 1
    outer loop
      vertex 61.6832 34.9161 8
      vertex 62.2729 36.2408 8
      vertex 62.175 36.2907 8
    endloop
  endfacet
  facet normal 0 0 1
    outer loop
      vertex 61.45 35.0349 8
      vertex 62.175 36.2907 8
      vertex 62.0828 36.3505 8
    endloop
  endfacet
  facet normal 0 0 1
    outer loop
      vertex 61.2305 35.1775 8
      vertex 62.0828 36.3505 8
      vertex 61.9974 36.4197 8
    endloop
  endfacet
  facet normal 0 0 1
    outer loop
      vertex 62.3755 36.2014 8
      vertex 61.9275 34.8224 8
      vertex 62.1802 34.7546 8
    endloop
  endfacet
  facet normal 0 0 1
    outer loop
      vertex 61.0272 35.3421 8
      vertex 61.9974 36.4197 8
      vertex 61.9197 36.4974 8
    endloop
  endfacet
  facet normal 0 0 1
    outer loop
      vertex 60.8421 35.5272 8
      vertex 61.9197 36.4974 8
      vertex 61.8505 36.5828 8
    endloop
  endfacet
  facet normal 0 0 1
    outer loop
      vertex 60.6775 35.7305 8
      vertex 61.8505 36.5828 8
      vertex 61.7907 36.675 8
    endloop
  endfacet
  facet normal 0 0 1
    outer loop
      vertex 60.5349 35.95 8
      vertex 61.7907 36.675 8
      vertex 61.7408 36.7729 8
    endloop
  endfacet
  facet normal 0 0 1
    outer loop
      vertex 60.4161 36.1832 8
      vertex 61.7408 36.7729 8
      vertex 61.7014 36.8755 8
    endloop
  endfacet
  facet normal 0 0 1
    outer loop
      vertex 62.2729 36.2408 8
      vertex 61.6832 34.9161 8
      vertex 61.9275 34.8224 8
    endloop
  endfacet
  facet normal 0 0 1
    outer loop
      vertex 60.3224 36.4275 8
      vertex 61.7014 36.8755 8
      vertex 61.6729 36.9817 8
    endloop
  endfacet
  facet normal 0 0 1
    outer loop
      vertex 60.2546 36.6802 8
      vertex 61.6729 36.9817 8
      vertex 61.6558 37.0902 8
    endloop
  endfacet
  facet normal 0 0 1
    outer loop
      vertex 60.2137 36.9387 8
      vertex 61.6558 37.0902 8
      vertex 61.65 37.2 8
    endloop
  endfacet
  facet normal 0 0 1
    outer loop
      vertex 61.7907 37.725 8
      vertex 60.5349 38.45 8
      vertex 61.7408 37.6271 8
    endloop
  endfacet
  facet normal 0 0 1
    outer loop
      vertex 62.175 36.2907 8
      vertex 61.45 35.0349 8
      vertex 61.6832 34.9161 8
    endloop
  endfacet
  facet normal -0 0 1
    outer loop
      vertex 60.4161 38.2168 8
      vertex 61.7408 37.6271 8
      vertex 60.5349 38.45 8
    endloop
  endfacet
  facet normal 0 0 1
    outer loop
      vertex 62.0828 36.3505 8
      vertex 61.2305 35.1775 8
      vertex 61.45 35.0349 8
    endloop
  endfacet
  facet normal 0 0 1
    outer loop
      vertex 61.7408 37.6271 8
      vertex 60.4161 38.2168 8
      vertex 61.7014 37.5245 8
    endloop
  endfacet
  facet normal 0 0 1
    outer loop
      vertex 61.9974 36.4197 8
      vertex 61.0272 35.3421 8
      vertex 61.2305 35.1775 8
    endloop
  endfacet
  facet normal -0 0 1
    outer loop
      vertex 60.3224 37.9725 8
      vertex 61.7014 37.5245 8
      vertex 60.4161 38.2168 8
    endloop
  endfacet
  facet normal 0 0 1
    outer loop
      vertex 61.9197 36.4974 8
      vertex 60.8421 35.5272 8
      vertex 61.0272 35.3421 8
    endloop
  endfacet
  facet normal 0 0 1
    outer loop
      vertex 61.7014 37.5245 8
      vertex 60.3224 37.9725 8
      vertex 61.6729 37.4183 8
    endloop
  endfacet
  facet normal 0 0 1
    outer loop
      vertex 61.8505 36.5828 8
      vertex 60.6775 35.7305 8
      vertex 60.8421 35.5272 8
    endloop
  endfacet
  facet normal -0 0 1
    outer loop
      vertex 60.2546 37.7198 8
      vertex 61.6729 37.4183 8
      vertex 60.3224 37.9725 8
    endloop
  endfacet
  facet normal 0 0 1
    outer loop
      vertex 61.7907 36.675 8
      vertex 60.5349 35.95 8
      vertex 60.6775 35.7305 8
    endloop
  endfacet
  facet normal 0 0 1
    outer loop
      vertex 61.6729 37.4183 8
      vertex 60.2546 37.7198 8
      vertex 61.6558 37.3098 8
    endloop
  endfacet
  facet normal 0 0 1
    outer loop
      vertex 61.7408 36.7729 8
      vertex 60.4161 36.1832 8
      vertex 60.5349 35.95 8
    endloop
  endfacet
  facet normal -0 0 1
    outer loop
      vertex 60.2137 37.4613 8
      vertex 61.6558 37.3098 8
      vertex 60.2546 37.7198 8
    endloop
  endfacet
  facet normal 0 0 1
    outer loop
      vertex 61.7014 36.8755 8
      vertex 60.3224 36.4275 8
      vertex 60.4161 36.1832 8
    endloop
  endfacet
  facet normal 0 0 1
    outer loop
      vertex 61.6558 37.3098 8
      vertex 60.2137 37.4613 8
      vertex 61.65 37.2 8
    endloop
  endfacet
  facet normal 0 0 1
    outer loop
      vertex 61.6729 36.9817 8
      vertex 60.2546 36.6802 8
      vertex 60.3224 36.4275 8
    endloop
  endfacet
  facet normal 0 0 1
    outer loop
      vertex 60.2 37.2 8
      vertex 61.65 37.2 8
      vertex 60.2137 37.4613 8
    endloop
  endfacet
  facet normal 0 0 1
    outer loop
      vertex 61.6558 37.0902 8
      vertex 60.2137 36.9387 8
      vertex 60.2546 36.6802 8
    endloop
  endfacet
  facet normal 0 0 1
    outer loop
      vertex 61.65 37.2 8
      vertex 60.2 37.2 8
      vertex 60.2137 36.9387 8
    endloop
  endfacet
  facet normal -0.0523582 0.998628 0
    outer loop
      vertex 62.7 39.7 2
      vertex 62.4387 39.6863 8
      vertex 62.7 39.7 8
    endloop
  endfacet
  facet normal -0.0523582 0.998628 0
    outer loop
      vertex 62.4387 39.6863 8
      vertex 62.7 39.7 2
      vertex 62.4387 39.6863 2
    endloop
  endfacet
  facet normal 0.998628 -0.0523582 0
    outer loop
      vertex 65.1863 36.9387 8
      vertex 65.2 37.2 2
      vertex 65.2 37.2 8
    endloop
  endfacet
  facet normal 0.998628 -0.0523582 0
    outer loop
      vertex 65.2 37.2 2
      vertex 65.1863 36.9387 8
      vertex 65.1863 36.9387 2
    endloop
  endfacet
  facet normal 0.0523582 -0.998628 0
    outer loop
      vertex 62.7 34.7 2
      vertex 62.9613 34.7137 8
      vertex 62.7 34.7 8
    endloop
  endfacet
  facet normal 0.0523582 -0.998628 0
    outer loop
      vertex 62.9613 34.7137 8
      vertex 62.7 34.7 2
      vertex 62.9613 34.7137 2
    endloop
  endfacet
  facet normal 0.453926 -0.891039 0
    outer loop
      vertex 63.7168 34.9161 2
      vertex 63.95 35.0349 8
      vertex 63.7168 34.9161 8
    endloop
  endfacet
  facet normal 0.453926 -0.891039 0
    outer loop
      vertex 63.95 35.0349 8
      vertex 63.7168 34.9161 2
      vertex 63.95 35.0349 2
    endloop
  endfacet
  facet normal 0.629253 -0.7772 0
    outer loop
      vertex 64.1695 35.1775 2
      vertex 64.3728 35.3421 8
      vertex 64.1695 35.1775 8
    endloop
  endfacet
  facet normal 0.629253 -0.7772 0
    outer loop
      vertex 64.3728 35.3421 8
      vertex 64.1695 35.1775 2
      vertex 64.3728 35.3421 2
    endloop
  endfacet
  facet normal 0.544787 -0.838575 0
    outer loop
      vertex 63.95 35.0349 2
      vertex 64.1695 35.1775 8
      vertex 63.95 35.0349 8
    endloop
  endfacet
  facet normal 0.544787 -0.838575 0
    outer loop
      vertex 64.1695 35.1775 8
      vertex 63.95 35.0349 2
      vertex 64.1695 35.1775 2
    endloop
  endfacet
  facet normal 0.7772 -0.629253 0
    outer loop
      vertex 64.5579 35.5272 8
      vertex 64.7225 35.7305 2
      vertex 64.7225 35.7305 8
    endloop
  endfacet
  facet normal 0.7772 -0.629253 0
    outer loop
      vertex 64.7225 35.7305 2
      vertex 64.5579 35.5272 8
      vertex 64.5579 35.5272 2
    endloop
  endfacet
  facet normal 0.838575 -0.544787 0
    outer loop
      vertex 64.7225 35.7305 8
      vertex 64.8651 35.95 2
      vertex 64.8651 35.95 8
    endloop
  endfacet
  facet normal 0.838575 -0.544787 0
    outer loop
      vertex 64.8651 35.95 2
      vertex 64.7225 35.7305 8
      vertex 64.7225 35.7305 2
    endloop
  endfacet
  facet normal -0.707107 -0.707107 0
    outer loop
      vertex 61.0272 35.3421 2
      vertex 60.8421 35.5272 8
      vertex 60.8421 35.5272 2
    endloop
  endfacet
  facet normal -0.707107 -0.707107 0
    outer loop
      vertex 60.8421 35.5272 8
      vertex 61.0272 35.3421 2
      vertex 61.0272 35.3421 8
    endloop
  endfacet
  facet normal -0.629253 -0.7772 0
    outer loop
      vertex 61.0272 35.3421 2
      vertex 61.2305 35.1775 8
      vertex 61.0272 35.3421 8
    endloop
  endfacet
  facet normal -0.629253 -0.7772 -0
    outer loop
      vertex 61.2305 35.1775 8
      vertex 61.0272 35.3421 2
      vertex 61.2305 35.1775 2
    endloop
  endfacet
  facet normal -0.544787 -0.838575 0
    outer loop
      vertex 61.2305 35.1775 2
      vertex 61.45 35.0349 8
      vertex 61.2305 35.1775 8
    endloop
  endfacet
  facet normal -0.544787 -0.838575 -0
    outer loop
      vertex 61.45 35.0349 8
      vertex 61.2305 35.1775 2
      vertex 61.45 35.0349 2
    endloop
  endfacet
  facet normal -0.156277 -0.987713 0
    outer loop
      vertex 62.1802 34.7546 2
      vertex 62.4387 34.7137 8
      vertex 62.1802 34.7546 8
    endloop
  endfacet
  facet normal -0.156277 -0.987713 -0
    outer loop
      vertex 62.4387 34.7137 8
      vertex 62.1802 34.7546 2
      vertex 62.4387 34.7137 2
    endloop
  endfacet
  facet normal -0.7772 -0.629253 0
    outer loop
      vertex 60.8421 35.5272 2
      vertex 60.6775 35.7305 8
      vertex 60.6775 35.7305 2
    endloop
  endfacet
  facet normal -0.7772 -0.629253 0
    outer loop
      vertex 60.6775 35.7305 8
      vertex 60.8421 35.5272 2
      vertex 60.8421 35.5272 8
    endloop
  endfacet
  facet normal -0.93368 -0.358108 0
    outer loop
      vertex 60.4161 36.1832 2
      vertex 60.3224 36.4275 8
      vertex 60.3224 36.4275 2
    endloop
  endfacet
  facet normal -0.93368 -0.358108 0
    outer loop
      vertex 60.3224 36.4275 8
      vertex 60.4161 36.1832 2
      vertex 60.4161 36.1832 8
    endloop
  endfacet
  facet normal -0.998628 -0.0523582 0
    outer loop
      vertex 60.2137 36.9387 2
      vertex 60.2 37.2 8
      vertex 60.2 37.2 2
    endloop
  endfacet
  facet normal -0.998628 -0.0523582 0
    outer loop
      vertex 60.2 37.2 8
      vertex 60.2137 36.9387 2
      vertex 60.2137 36.9387 8
    endloop
  endfacet
  facet normal 0.358108 0.93368 -0
    outer loop
      vertex 63.7168 39.4839 2
      vertex 63.4725 39.5776 8
      vertex 63.7168 39.4839 8
    endloop
  endfacet
  facet normal 0.358108 0.93368 0
    outer loop
      vertex 63.4725 39.5776 8
      vertex 63.7168 39.4839 2
      vertex 63.4725 39.5776 2
    endloop
  endfacet
  facet normal -0.707107 0.707107 0
    outer loop
      vertex 60.8421 38.8728 2
      vertex 61.0272 39.0579 8
      vertex 61.0272 39.0579 2
    endloop
  endfacet
  facet normal -0.707107 0.707107 0
    outer loop
      vertex 61.0272 39.0579 8
      vertex 60.8421 38.8728 2
      vertex 60.8421 38.8728 8
    endloop
  endfacet
  facet normal -0.93368 0.358108 0
    outer loop
      vertex 60.3224 37.9725 2
      vertex 60.4161 38.2168 8
      vertex 60.4161 38.2168 2
    endloop
  endfacet
  facet normal -0.93368 0.358108 0
    outer loop
      vertex 60.4161 38.2168 8
      vertex 60.3224 37.9725 2
      vertex 60.3224 37.9725 8
    endloop
  endfacet
  facet normal -0.544787 0.838575 0
    outer loop
      vertex 61.45 39.3651 2
      vertex 61.2305 39.2225 8
      vertex 61.45 39.3651 8
    endloop
  endfacet
  facet normal -0.544787 0.838575 0
    outer loop
      vertex 61.2305 39.2225 8
      vertex 61.45 39.3651 2
      vertex 61.2305 39.2225 2
    endloop
  endfacet
  facet normal -0.259137 0.965841 0
    outer loop
      vertex 62.1802 39.6454 2
      vertex 61.9275 39.5776 8
      vertex 62.1802 39.6454 8
    endloop
  endfacet
  facet normal -0.259137 0.965841 0
    outer loop
      vertex 61.9275 39.5776 8
      vertex 62.1802 39.6454 2
      vertex 61.9275 39.5776 2
    endloop
  endfacet
  facet normal 0.156277 -0.987713 0
    outer loop
      vertex 62.9613 34.7137 2
      vertex 63.2198 34.7546 8
      vertex 62.9613 34.7137 8
    endloop
  endfacet
  facet normal 0.156277 -0.987713 0
    outer loop
      vertex 63.2198 34.7546 8
      vertex 62.9613 34.7137 2
      vertex 63.2198 34.7546 2
    endloop
  endfacet
  facet normal 0.358108 -0.93368 0
    outer loop
      vertex 63.4725 34.8224 2
      vertex 63.7168 34.9161 8
      vertex 63.4725 34.8224 8
    endloop
  endfacet
  facet normal 0.358108 -0.93368 0
    outer loop
      vertex 63.7168 34.9161 8
      vertex 63.4725 34.8224 2
      vertex 63.7168 34.9161 2
    endloop
  endfacet
  facet normal 0.93368 -0.358108 0
    outer loop
      vertex 64.9839 36.1832 8
      vertex 65.0776 36.4275 2
      vertex 65.0776 36.4275 8
    endloop
  endfacet
  facet normal 0.93368 -0.358108 0
    outer loop
      vertex 65.0776 36.4275 2
      vertex 64.9839 36.1832 8
      vertex 64.9839 36.1832 2
    endloop
  endfacet
  facet normal 0.987713 -0.156277 0
    outer loop
      vertex 65.1454 36.6802 8
      vertex 65.1863 36.9387 2
      vertex 65.1863 36.9387 8
    endloop
  endfacet
  facet normal 0.987713 -0.156277 0
    outer loop
      vertex 65.1863 36.9387 2
      vertex 65.1454 36.6802 8
      vertex 65.1454 36.6802 2
    endloop
  endfacet
  facet normal -0.453926 -0.891039 0
    outer loop
      vertex 61.45 35.0349 2
      vertex 61.6832 34.9161 8
      vertex 61.45 35.0349 8
    endloop
  endfacet
  facet normal -0.453926 -0.891039 -0
    outer loop
      vertex 61.6832 34.9161 8
      vertex 61.45 35.0349 2
      vertex 61.6832 34.9161 2
    endloop
  endfacet
  facet normal -0.259137 -0.965841 0
    outer loop
      vertex 61.9275 34.8224 2
      vertex 62.1802 34.7546 8
      vertex 61.9275 34.8224 8
    endloop
  endfacet
  facet normal -0.259137 -0.965841 -0
    outer loop
      vertex 62.1802 34.7546 8
      vertex 61.9275 34.8224 2
      vertex 62.1802 34.7546 2
    endloop
  endfacet
  facet normal -0.987713 -0.156277 0
    outer loop
      vertex 60.2546 36.6802 2
      vertex 60.2137 36.9387 8
      vertex 60.2137 36.9387 2
    endloop
  endfacet
  facet normal -0.987713 -0.156277 0
    outer loop
      vertex 60.2137 36.9387 8
      vertex 60.2546 36.6802 2
      vertex 60.2546 36.6802 8
    endloop
  endfacet
  facet normal -0.998608 -0.0527498 0
    outer loop
      vertex 63.75 37.2 2
      vertex 63.7442 37.3098 8
      vertex 63.7442 37.3098 2
    endloop
  endfacet
  facet normal -0.998608 -0.0527498 0
    outer loop
      vertex 63.7442 37.3098 8
      vertex 63.75 37.2 2
      vertex 63.75 37.2 8
    endloop
  endfacet
  facet normal 0.998608 -0.0527498 0
    outer loop
      vertex 61.65 37.2 8
      vertex 61.6558 37.3098 2
      vertex 61.6558 37.3098 8
    endloop
  endfacet
  facet normal 0.998608 -0.0527498 0
    outer loop
      vertex 61.6558 37.3098 2
      vertex 61.65 37.2 8
      vertex 61.65 37.2 2
    endloop
  endfacet
  facet normal 0.0527498 -0.998608 0
    outer loop
      vertex 62.5902 38.2442 2
      vertex 62.7 38.25 8
      vertex 62.5902 38.2442 8
    endloop
  endfacet
  facet normal 0.0527498 -0.998608 0
    outer loop
      vertex 62.7 38.25 8
      vertex 62.5902 38.2442 2
      vertex 62.7 38.25 2
    endloop
  endfacet
  facet normal -0.0527498 0.998608 0
    outer loop
      vertex 62.8098 36.1558 2
      vertex 62.7 36.15 8
      vertex 62.8098 36.1558 8
    endloop
  endfacet
  facet normal -0.0527498 0.998608 0
    outer loop
      vertex 62.7 36.15 8
      vertex 62.8098 36.1558 2
      vertex 62.7 36.15 2
    endloop
  endfacet
  facet normal -0.707107 -0.707107 0
    outer loop
      vertex 63.4803 37.9026 2
      vertex 63.4026 37.9803 8
      vertex 63.4026 37.9803 2
    endloop
  endfacet
  facet normal -0.707107 -0.707107 0
    outer loop
      vertex 63.4026 37.9803 8
      vertex 63.4803 37.9026 2
      vertex 63.4803 37.9026 8
    endloop
  endfacet
  facet normal 0.707107 -0.707107 0
    outer loop
      vertex 61.9197 37.9026 2
      vertex 61.9974 37.9803 8
      vertex 61.9197 37.9026 8
    endloop
  endfacet
  facet normal 0.707107 -0.707107 0
    outer loop
      vertex 61.9974 37.9803 8
      vertex 61.9197 37.9026 2
      vertex 61.9974 37.9803 2
    endloop
  endfacet
  facet normal 0.454117 -0.890942 0
    outer loop
      vertex 62.175 38.1093 2
      vertex 62.2729 38.1592 8
      vertex 62.175 38.1093 8
    endloop
  endfacet
  facet normal 0.454117 -0.890942 0
    outer loop
      vertex 62.2729 38.1592 8
      vertex 62.175 38.1093 2
      vertex 62.2729 38.1592 2
    endloop
  endfacet
  facet normal -0.838984 0.544156 0
    outer loop
      vertex 63.5495 36.5828 2
      vertex 63.6093 36.675 8
      vertex 63.6093 36.675 2
    endloop
  endfacet
  facet normal -0.838984 0.544156 0
    outer loop
      vertex 63.6093 36.675 8
      vertex 63.5495 36.5828 2
      vertex 63.5495 36.5828 8
    endloop
  endfacet
  facet normal -0.890942 -0.454117 0
    outer loop
      vertex 63.6592 37.6271 2
      vertex 63.6093 37.725 8
      vertex 63.6093 37.725 2
    endloop
  endfacet
  facet normal -0.890942 -0.454117 0
    outer loop
      vertex 63.6093 37.725 8
      vertex 63.6592 37.6271 2
      vertex 63.6592 37.6271 8
    endloop
  endfacet
  facet normal -0.358491 -0.933533 0
    outer loop
      vertex 63.0245 38.1986 2
      vertex 63.1271 38.1592 8
      vertex 63.0245 38.1986 8
    endloop
  endfacet
  facet normal -0.358491 -0.933533 -0
    outer loop
      vertex 63.1271 38.1592 8
      vertex 63.0245 38.1986 2
      vertex 63.1271 38.1592 2
    endloop
  endfacet
  facet normal -0.544156 -0.838984 0
    outer loop
      vertex 63.225 38.1093 2
      vertex 63.3172 38.0495 8
      vertex 63.225 38.1093 8
    endloop
  endfacet
  facet normal -0.544156 -0.838984 -0
    outer loop
      vertex 63.3172 38.0495 8
      vertex 63.225 38.1093 2
      vertex 63.3172 38.0495 2
    endloop
  endfacet
  facet normal 0.933533 -0.358491 0
    outer loop
      vertex 61.7014 37.5245 8
      vertex 61.7408 37.6271 2
      vertex 61.7408 37.6271 8
    endloop
  endfacet
  facet normal 0.933533 -0.358491 0
    outer loop
      vertex 61.7408 37.6271 2
      vertex 61.7014 37.5245 8
      vertex 61.7014 37.5245 2
    endloop
  endfacet
  facet normal 0.965826 -0.259191 0
    outer loop
      vertex 61.6729 37.4183 8
      vertex 61.7014 37.5245 2
      vertex 61.7014 37.5245 8
    endloop
  endfacet
  facet normal 0.965826 -0.259191 0
    outer loop
      vertex 61.7014 37.5245 2
      vertex 61.6729 37.4183 8
      vertex 61.6729 37.4183 2
    endloop
  endfacet
  facet normal 0.259191 -0.965826 0
    outer loop
      vertex 62.3755 38.1986 2
      vertex 62.4817 38.2271 8
      vertex 62.3755 38.1986 8
    endloop
  endfacet
  facet normal 0.259191 -0.965826 0
    outer loop
      vertex 62.4817 38.2271 8
      vertex 62.3755 38.1986 2
      vertex 62.4817 38.2271 2
    endloop
  endfacet
  facet normal -0.965826 0.259191 0
    outer loop
      vertex 63.6986 36.8755 2
      vertex 63.7271 36.9817 8
      vertex 63.7271 36.9817 2
    endloop
  endfacet
  facet normal -0.965826 0.259191 0
    outer loop
      vertex 63.7271 36.9817 8
      vertex 63.6986 36.8755 2
      vertex 63.6986 36.8755 8
    endloop
  endfacet
  facet normal -0.155682 0.987807 0
    outer loop
      vertex 62.9183 36.1729 2
      vertex 62.8098 36.1558 8
      vertex 62.9183 36.1729 8
    endloop
  endfacet
  facet normal -0.155682 0.987807 0
    outer loop
      vertex 62.8098 36.1558 8
      vertex 62.9183 36.1729 2
      vertex 62.8098 36.1558 2
    endloop
  endfacet
  facet normal -0.965826 -0.259191 0
    outer loop
      vertex 63.7271 37.4183 2
      vertex 63.6986 37.5245 8
      vertex 63.6986 37.5245 2
    endloop
  endfacet
  facet normal -0.965826 -0.259191 0
    outer loop
      vertex 63.6986 37.5245 8
      vertex 63.7271 37.4183 2
      vertex 63.7271 37.4183 8
    endloop
  endfacet
  facet normal -0.987807 -0.155682 0
    outer loop
      vertex 63.7442 37.3098 2
      vertex 63.7271 37.4183 8
      vertex 63.7271 37.4183 2
    endloop
  endfacet
  facet normal -0.987807 -0.155682 0
    outer loop
      vertex 63.7271 37.4183 8
      vertex 63.7442 37.3098 2
      vertex 63.7442 37.3098 8
    endloop
  endfacet
  facet normal -0.933533 -0.358491 0
    outer loop
      vertex 63.6986 37.5245 2
      vertex 63.6592 37.6271 8
      vertex 63.6592 37.6271 2
    endloop
  endfacet
  facet normal -0.933533 -0.358491 0
    outer loop
      vertex 63.6592 37.6271 8
      vertex 63.6986 37.5245 2
      vertex 63.6986 37.5245 8
    endloop
  endfacet
  facet normal -0.776948 -0.629565 0
    outer loop
      vertex 63.5495 37.8172 2
      vertex 63.4803 37.9026 8
      vertex 63.4803 37.9026 2
    endloop
  endfacet
  facet normal -0.776948 -0.629565 0
    outer loop
      vertex 63.4803 37.9026 8
      vertex 63.5495 37.8172 2
      vertex 63.5495 37.8172 8
    endloop
  endfacet
  facet normal -0.838984 -0.544156 0
    outer loop
      vertex 63.6093 37.725 2
      vertex 63.5495 37.8172 8
      vertex 63.5495 37.8172 2
    endloop
  endfacet
  facet normal -0.838984 -0.544156 0
    outer loop
      vertex 63.5495 37.8172 8
      vertex 63.6093 37.725 2
      vertex 63.6093 37.725 8
    endloop
  endfacet
  facet normal -0.155682 -0.987807 0
    outer loop
      vertex 62.8098 38.2442 2
      vertex 62.9183 38.2271 8
      vertex 62.8098 38.2442 8
    endloop
  endfacet
  facet normal -0.155682 -0.987807 -0
    outer loop
      vertex 62.9183 38.2271 8
      vertex 62.8098 38.2442 2
      vertex 62.9183 38.2271 2
    endloop
  endfacet
  facet normal -0.259191 -0.965826 0
    outer loop
      vertex 62.9183 38.2271 2
      vertex 63.0245 38.1986 8
      vertex 62.9183 38.2271 8
    endloop
  endfacet
  facet normal -0.259191 -0.965826 -0
    outer loop
      vertex 63.0245 38.1986 8
      vertex 62.9183 38.2271 2
      vertex 63.0245 38.1986 2
    endloop
  endfacet
  facet normal -0.0527498 -0.998608 0
    outer loop
      vertex 62.7 38.25 2
      vertex 62.8098 38.2442 8
      vertex 62.7 38.25 8
    endloop
  endfacet
  facet normal -0.0527498 -0.998608 -0
    outer loop
      vertex 62.8098 38.2442 8
      vertex 62.7 38.25 2
      vertex 62.8098 38.2442 2
    endloop
  endfacet
  facet normal -0.454117 -0.890942 0
    outer loop
      vertex 63.1271 38.1592 2
      vertex 63.225 38.1093 8
      vertex 63.1271 38.1592 8
    endloop
  endfacet
  facet normal -0.454117 -0.890942 -0
    outer loop
      vertex 63.225 38.1093 8
      vertex 63.1271 38.1592 2
      vertex 63.225 38.1093 2
    endloop
  endfacet
  facet normal -0.629565 -0.776948 0
    outer loop
      vertex 63.3172 38.0495 2
      vertex 63.4026 37.9803 8
      vertex 63.3172 38.0495 8
    endloop
  endfacet
  facet normal -0.629565 -0.776948 -0
    outer loop
      vertex 63.4026 37.9803 8
      vertex 63.3172 38.0495 2
      vertex 63.4026 37.9803 2
    endloop
  endfacet
  facet normal 0.838984 -0.544156 0
    outer loop
      vertex 61.7907 37.725 8
      vertex 61.8505 37.8172 2
      vertex 61.8505 37.8172 8
    endloop
  endfacet
  facet normal 0.838984 -0.544156 0
    outer loop
      vertex 61.8505 37.8172 2
      vertex 61.7907 37.725 8
      vertex 61.7907 37.725 2
    endloop
  endfacet
  facet normal 0.776948 -0.629565 0
    outer loop
      vertex 61.8505 37.8172 8
      vertex 61.9197 37.9026 2
      vertex 61.9197 37.9026 8
    endloop
  endfacet
  facet normal 0.776948 -0.629565 0
    outer loop
      vertex 61.9197 37.9026 2
      vertex 61.8505 37.8172 8
      vertex 61.8505 37.8172 2
    endloop
  endfacet
  facet normal 0.890942 -0.454117 0
    outer loop
      vertex 61.7408 37.6271 8
      vertex 61.7907 37.725 2
      vertex 61.7907 37.725 8
    endloop
  endfacet
  facet normal 0.890942 -0.454117 0
    outer loop
      vertex 61.7907 37.725 2
      vertex 61.7408 37.6271 8
      vertex 61.7408 37.6271 2
    endloop
  endfacet
  facet normal 0.987807 -0.155682 0
    outer loop
      vertex 61.6558 37.3098 8
      vertex 61.6729 37.4183 2
      vertex 61.6729 37.4183 8
    endloop
  endfacet
  facet normal 0.987807 -0.155682 0
    outer loop
      vertex 61.6729 37.4183 2
      vertex 61.6558 37.3098 8
      vertex 61.6558 37.3098 2
    endloop
  endfacet
  facet normal 0.544156 -0.838984 0
    outer loop
      vertex 62.0828 38.0495 2
      vertex 62.175 38.1093 8
      vertex 62.0828 38.0495 8
    endloop
  endfacet
  facet normal 0.544156 -0.838984 0
    outer loop
      vertex 62.175 38.1093 8
      vertex 62.0828 38.0495 2
      vertex 62.175 38.1093 2
    endloop
  endfacet
  facet normal 0.629565 -0.776948 0
    outer loop
      vertex 61.9974 37.9803 2
      vertex 62.0828 38.0495 8
      vertex 61.9974 37.9803 8
    endloop
  endfacet
  facet normal 0.629565 -0.776948 0
    outer loop
      vertex 62.0828 38.0495 8
      vertex 61.9974 37.9803 2
      vertex 62.0828 38.0495 2
    endloop
  endfacet
  facet normal 0.358491 -0.933533 0
    outer loop
      vertex 62.2729 38.1592 2
      vertex 62.3755 38.1986 8
      vertex 62.2729 38.1592 8
    endloop
  endfacet
  facet normal 0.358491 -0.933533 0
    outer loop
      vertex 62.3755 38.1986 8
      vertex 62.2729 38.1592 2
      vertex 62.3755 38.1986 2
    endloop
  endfacet
  facet normal 0.155682 -0.987807 0
    outer loop
      vertex 62.4817 38.2271 2
      vertex 62.5902 38.2442 8
      vertex 62.4817 38.2271 8
    endloop
  endfacet
  facet normal 0.155682 -0.987807 0
    outer loop
      vertex 62.5902 38.2442 8
      vertex 62.4817 38.2271 2
      vertex 62.5902 38.2442 2
    endloop
  endfacet
  facet normal -0.707107 0.707107 0
    outer loop
      vertex 63.4026 36.4197 2
      vertex 63.4803 36.4974 8
      vertex 63.4803 36.4974 2
    endloop
  endfacet
  facet normal -0.707107 0.707107 0
    outer loop
      vertex 63.4803 36.4974 8
      vertex 63.4026 36.4197 2
      vertex 63.4026 36.4197 8
    endloop
  endfacet
  facet normal -0.987807 0.155682 0
    outer loop
      vertex 63.7271 36.9817 2
      vertex 63.7442 37.0902 8
      vertex 63.7442 37.0902 2
    endloop
  endfacet
  facet normal -0.987807 0.155682 0
    outer loop
      vertex 63.7442 37.0902 8
      vertex 63.7271 36.9817 2
      vertex 63.7271 36.9817 8
    endloop
  endfacet
  facet normal -0.998608 0.0527498 0
    outer loop
      vertex 63.7442 37.0902 2
      vertex 63.75 37.2 8
      vertex 63.75 37.2 2
    endloop
  endfacet
  facet normal -0.998608 0.0527498 0
    outer loop
      vertex 63.75 37.2 8
      vertex 63.7442 37.0902 2
      vertex 63.7442 37.0902 8
    endloop
  endfacet
  facet normal -0.890942 0.454117 0
    outer loop
      vertex 63.6093 36.675 2
      vertex 63.6592 36.7729 8
      vertex 63.6592 36.7729 2
    endloop
  endfacet
  facet normal -0.890942 0.454117 0
    outer loop
      vertex 63.6592 36.7729 8
      vertex 63.6093 36.675 2
      vertex 63.6093 36.675 8
    endloop
  endfacet
  facet normal -0.776948 0.629565 0
    outer loop
      vertex 63.4803 36.4974 2
      vertex 63.5495 36.5828 8
      vertex 63.5495 36.5828 2
    endloop
  endfacet
  facet normal -0.776948 0.629565 0
    outer loop
      vertex 63.5495 36.5828 8
      vertex 63.4803 36.4974 2
      vertex 63.4803 36.4974 8
    endloop
  endfacet
  facet normal 0.776948 0.629565 0
    outer loop
      vertex 61.9197 36.4974 8
      vertex 61.8505 36.5828 2
      vertex 61.8505 36.5828 8
    endloop
  endfacet
  facet normal 0.776948 0.629565 0
    outer loop
      vertex 61.8505 36.5828 2
      vertex 61.9197 36.4974 8
      vertex 61.9197 36.4974 2
    endloop
  endfacet
  facet normal 0.965826 0.259191 0
    outer loop
      vertex 61.7014 36.8755 8
      vertex 61.6729 36.9817 2
      vertex 61.6729 36.9817 8
    endloop
  endfacet
  facet normal 0.965826 0.259191 0
    outer loop
      vertex 61.6729 36.9817 2
      vertex 61.7014 36.8755 8
      vertex 61.7014 36.8755 2
    endloop
  endfacet
  facet normal -0.358491 0.933533 0
    outer loop
      vertex 63.1271 36.2408 2
      vertex 63.0245 36.2014 8
      vertex 63.1271 36.2408 8
    endloop
  endfacet
  facet normal -0.358491 0.933533 0
    outer loop
      vertex 63.0245 36.2014 8
      vertex 63.1271 36.2408 2
      vertex 63.0245 36.2014 2
    endloop
  endfacet
  facet normal -0.259191 0.965826 0
    outer loop
      vertex 63.0245 36.2014 2
      vertex 62.9183 36.1729 8
      vertex 63.0245 36.2014 8
    endloop
  endfacet
  facet normal -0.259191 0.965826 0
    outer loop
      vertex 62.9183 36.1729 8
      vertex 63.0245 36.2014 2
      vertex 62.9183 36.1729 2
    endloop
  endfacet
  facet normal -0.629565 0.776948 0
    outer loop
      vertex 63.4026 36.4197 2
      vertex 63.3172 36.3505 8
      vertex 63.4026 36.4197 8
    endloop
  endfacet
  facet normal -0.629565 0.776948 0
    outer loop
      vertex 63.3172 36.3505 8
      vertex 63.4026 36.4197 2
      vertex 63.3172 36.3505 2
    endloop
  endfacet
  facet normal -0.544156 0.838984 0
    outer loop
      vertex 63.3172 36.3505 2
      vertex 63.225 36.2907 8
      vertex 63.3172 36.3505 8
    endloop
  endfacet
  facet normal -0.544156 0.838984 0
    outer loop
      vertex 63.225 36.2907 8
      vertex 63.3172 36.3505 2
      vertex 63.225 36.2907 2
    endloop
  endfacet
  facet normal -0.933533 0.358491 0
    outer loop
      vertex 63.6592 36.7729 2
      vertex 63.6986 36.8755 8
      vertex 63.6986 36.8755 2
    endloop
  endfacet
  facet normal -0.933533 0.358491 0
    outer loop
      vertex 63.6986 36.8755 8
      vertex 63.6592 36.7729 2
      vertex 63.6592 36.7729 8
    endloop
  endfacet
  facet normal 0.0527498 0.998608 -0
    outer loop
      vertex 62.7 36.15 2
      vertex 62.5902 36.1558 8
      vertex 62.7 36.15 8
    endloop
  endfacet
  facet normal 0.0527498 0.998608 0
    outer loop
      vertex 62.5902 36.1558 8
      vertex 62.7 36.15 2
      vertex 62.5902 36.1558 2
    endloop
  endfacet
  facet normal 0.155682 0.987807 -0
    outer loop
      vertex 62.5902 36.1558 2
      vertex 62.4817 36.1729 8
      vertex 62.5902 36.1558 8
    endloop
  endfacet
  facet normal 0.155682 0.987807 0
    outer loop
      vertex 62.4817 36.1729 8
      vertex 62.5902 36.1558 2
      vertex 62.4817 36.1729 2
    endloop
  endfacet
  facet normal 0.838984 0.544156 0
    outer loop
      vertex 61.8505 36.5828 8
      vertex 61.7907 36.675 2
      vertex 61.7907 36.675 8
    endloop
  endfacet
  facet normal 0.838984 0.544156 0
    outer loop
      vertex 61.7907 36.675 2
      vertex 61.8505 36.5828 8
      vertex 61.8505 36.5828 2
    endloop
  endfacet
  facet normal 0.707107 0.707107 0
    outer loop
      vertex 61.9974 36.4197 8
      vertex 61.9197 36.4974 2
      vertex 61.9197 36.4974 8
    endloop
  endfacet
  facet normal 0.707107 0.707107 0
    outer loop
      vertex 61.9197 36.4974 2
      vertex 61.9974 36.4197 8
      vertex 61.9974 36.4197 2
    endloop
  endfacet
  facet normal 0.933533 0.358491 0
    outer loop
      vertex 61.7408 36.7729 8
      vertex 61.7014 36.8755 2
      vertex 61.7014 36.8755 8
    endloop
  endfacet
  facet normal 0.933533 0.358491 0
    outer loop
      vertex 61.7014 36.8755 2
      vertex 61.7408 36.7729 8
      vertex 61.7408 36.7729 2
    endloop
  endfacet
  facet normal 0.987807 0.155682 0
    outer loop
      vertex 61.6729 36.9817 8
      vertex 61.6558 37.0902 2
      vertex 61.6558 37.0902 8
    endloop
  endfacet
  facet normal 0.987807 0.155682 0
    outer loop
      vertex 61.6558 37.0902 2
      vertex 61.6729 36.9817 8
      vertex 61.6729 36.9817 2
    endloop
  endfacet
  facet normal 0.998608 0.0527498 0
    outer loop
      vertex 61.6558 37.0902 8
      vertex 61.65 37.2 2
      vertex 61.65 37.2 8
    endloop
  endfacet
  facet normal 0.998608 0.0527498 0
    outer loop
      vertex 61.65 37.2 2
      vertex 61.6558 37.0902 8
      vertex 61.6558 37.0902 2
    endloop
  endfacet
  facet normal -0.454117 0.890942 0
    outer loop
      vertex 63.225 36.2907 2
      vertex 63.1271 36.2408 8
      vertex 63.225 36.2907 8
    endloop
  endfacet
  facet normal -0.454117 0.890942 0
    outer loop
      vertex 63.1271 36.2408 8
      vertex 63.225 36.2907 2
      vertex 63.1271 36.2408 2
    endloop
  endfacet
  facet normal 0.629565 0.776948 -0
    outer loop
      vertex 62.0828 36.3505 2
      vertex 61.9974 36.4197 8
      vertex 62.0828 36.3505 8
    endloop
  endfacet
  facet normal 0.629565 0.776948 0
    outer loop
      vertex 61.9974 36.4197 8
      vertex 62.0828 36.3505 2
      vertex 61.9974 36.4197 2
    endloop
  endfacet
  facet normal 0.259191 0.965826 -0
    outer loop
      vertex 62.4817 36.1729 2
      vertex 62.3755 36.2014 8
      vertex 62.4817 36.1729 8
    endloop
  endfacet
  facet normal 0.259191 0.965826 0
    outer loop
      vertex 62.3755 36.2014 8
      vertex 62.4817 36.1729 2
      vertex 62.3755 36.2014 2
    endloop
  endfacet
  facet normal 0.890942 0.454117 0
    outer loop
      vertex 61.7907 36.675 8
      vertex 61.7408 36.7729 2
      vertex 61.7408 36.7729 8
    endloop
  endfacet
  facet normal 0.890942 0.454117 0
    outer loop
      vertex 61.7408 36.7729 2
      vertex 61.7907 36.675 8
      vertex 61.7907 36.675 2
    endloop
  endfacet
  facet normal 0.358491 0.933533 -0
    outer loop
      vertex 62.3755 36.2014 2
      vertex 62.2729 36.2408 8
      vertex 62.3755 36.2014 8
    endloop
  endfacet
  facet normal 0.358491 0.933533 0
    outer loop
      vertex 62.2729 36.2408 8
      vertex 62.3755 36.2014 2
      vertex 62.2729 36.2408 2
    endloop
  endfacet
  facet normal 0.454117 0.890942 -0
    outer loop
      vertex 62.2729 36.2408 2
      vertex 62.175 36.2907 8
      vertex 62.2729 36.2408 8
    endloop
  endfacet
  facet normal 0.454117 0.890942 0
    outer loop
      vertex 62.175 36.2907 8
      vertex 62.2729 36.2408 2
      vertex 62.175 36.2907 2
    endloop
  endfacet
  facet normal 0.544156 0.838984 -0
    outer loop
      vertex 62.175 36.2907 2
      vertex 62.0828 36.3505 8
      vertex 62.175 36.2907 8
    endloop
  endfacet
  facet normal 0.544156 0.838984 0
    outer loop
      vertex 62.0828 36.3505 8
      vertex 62.175 36.2907 2
      vertex 62.0828 36.3505 2
    endloop
  endfacet
  facet normal 0.998628 0.0523582 0
    outer loop
      vertex 19.8 60 8
      vertex 19.7863 60.2613 2
      vertex 19.7863 60.2613 8
    endloop
  endfacet
  facet normal 0.998628 0.0523582 0
    outer loop
      vertex 19.7863 60.2613 2
      vertex 19.8 60 8
      vertex 19.8 60 2
    endloop
  endfacet
  facet normal -0.998628 0.0523582 0
    outer loop
      vertex 14.8 60 2
      vertex 14.8137 60.2613 8
      vertex 14.8137 60.2613 2
    endloop
  endfacet
  facet normal -0.998628 0.0523582 0
    outer loop
      vertex 14.8137 60.2613 8
      vertex 14.8 60 2
      vertex 14.8 60 8
    endloop
  endfacet
  facet normal 0.0523582 0.998628 -0
    outer loop
      vertex 17.5613 62.4863 2
      vertex 17.3 62.5 8
      vertex 17.5613 62.4863 8
    endloop
  endfacet
  facet normal 0.0523582 0.998628 0
    outer loop
      vertex 17.3 62.5 8
      vertex 17.5613 62.4863 2
      vertex 17.3 62.5 2
    endloop
  endfacet
  facet normal -0.0523582 -0.998628 0
    outer loop
      vertex 17.0387 57.5137 2
      vertex 17.3 57.5 8
      vertex 17.0387 57.5137 8
    endloop
  endfacet
  facet normal -0.0523582 -0.998628 -0
    outer loop
      vertex 17.3 57.5 8
      vertex 17.0387 57.5137 2
      vertex 17.3 57.5 2
    endloop
  endfacet
  facet normal 0.707107 0.707107 0
    outer loop
      vertex 19.1579 61.6728 8
      vertex 18.9728 61.8579 2
      vertex 18.9728 61.8579 8
    endloop
  endfacet
  facet normal 0.707107 0.707107 0
    outer loop
      vertex 18.9728 61.8579 2
      vertex 19.1579 61.6728 8
      vertex 19.1579 61.6728 2
    endloop
  endfacet
  facet normal -0.629253 0.7772 0
    outer loop
      vertex 15.8305 62.0225 2
      vertex 15.6272 61.8579 8
      vertex 15.8305 62.0225 8
    endloop
  endfacet
  facet normal -0.629253 0.7772 0
    outer loop
      vertex 15.6272 61.8579 8
      vertex 15.8305 62.0225 2
      vertex 15.6272 61.8579 2
    endloop
  endfacet
  facet normal -0.358108 0.93368 0
    outer loop
      vertex 16.5275 62.3776 2
      vertex 16.2832 62.2839 8
      vertex 16.5275 62.3776 8
    endloop
  endfacet
  facet normal -0.358108 0.93368 0
    outer loop
      vertex 16.2832 62.2839 8
      vertex 16.5275 62.3776 2
      vertex 16.2832 62.2839 2
    endloop
  endfacet
  facet normal -0.965841 -0.259137 0
    outer loop
      vertex 14.9224 59.2275 2
      vertex 14.8546 59.4802 8
      vertex 14.8546 59.4802 2
    endloop
  endfacet
  facet normal -0.965841 -0.259137 0
    outer loop
      vertex 14.8546 59.4802 8
      vertex 14.9224 59.2275 2
      vertex 14.9224 59.2275 8
    endloop
  endfacet
  facet normal 0.891039 0.453926 0
    outer loop
      vertex 19.5839 61.0168 8
      vertex 19.4651 61.25 2
      vertex 19.4651 61.25 8
    endloop
  endfacet
  facet normal 0.891039 0.453926 0
    outer loop
      vertex 19.4651 61.25 2
      vertex 19.5839 61.0168 8
      vertex 19.5839 61.0168 2
    endloop
  endfacet
  facet normal 0.453926 0.891039 -0
    outer loop
      vertex 18.55 62.1651 2
      vertex 18.3168 62.2839 8
      vertex 18.55 62.1651 8
    endloop
  endfacet
  facet normal 0.453926 0.891039 0
    outer loop
      vertex 18.3168 62.2839 8
      vertex 18.55 62.1651 2
      vertex 18.3168 62.2839 2
    endloop
  endfacet
  facet normal 0.544787 0.838575 -0
    outer loop
      vertex 18.7695 62.0225 2
      vertex 18.55 62.1651 8
      vertex 18.7695 62.0225 8
    endloop
  endfacet
  facet normal 0.544787 0.838575 0
    outer loop
      vertex 18.55 62.1651 8
      vertex 18.7695 62.0225 2
      vertex 18.55 62.1651 2
    endloop
  endfacet
  facet normal -0.838575 0.544787 0
    outer loop
      vertex 15.1349 61.25 2
      vertex 15.2775 61.4695 8
      vertex 15.2775 61.4695 2
    endloop
  endfacet
  facet normal -0.838575 0.544787 0
    outer loop
      vertex 15.2775 61.4695 8
      vertex 15.1349 61.25 2
      vertex 15.1349 61.25 8
    endloop
  endfacet
  facet normal -0.7772 0.629253 0
    outer loop
      vertex 15.2775 61.4695 2
      vertex 15.4421 61.6728 8
      vertex 15.4421 61.6728 2
    endloop
  endfacet
  facet normal -0.7772 0.629253 0
    outer loop
      vertex 15.4421 61.6728 8
      vertex 15.2775 61.4695 2
      vertex 15.2775 61.4695 8
    endloop
  endfacet
  facet normal -0.453926 0.891039 0
    outer loop
      vertex 16.2832 62.2839 2
      vertex 16.05 62.1651 8
      vertex 16.2832 62.2839 8
    endloop
  endfacet
  facet normal -0.453926 0.891039 0
    outer loop
      vertex 16.05 62.1651 8
      vertex 16.2832 62.2839 2
      vertex 16.05 62.1651 2
    endloop
  endfacet
  facet normal -0.156277 0.987713 0
    outer loop
      vertex 17.0387 62.4863 2
      vertex 16.7802 62.4454 8
      vertex 17.0387 62.4863 8
    endloop
  endfacet
  facet normal -0.156277 0.987713 0
    outer loop
      vertex 16.7802 62.4454 8
      vertex 17.0387 62.4863 2
      vertex 16.7802 62.4454 2
    endloop
  endfacet
  facet normal 0.891039 -0.453926 0
    outer loop
      vertex 19.4651 58.75 8
      vertex 19.5839 58.9832 2
      vertex 19.5839 58.9832 8
    endloop
  endfacet
  facet normal 0.891039 -0.453926 0
    outer loop
      vertex 19.5839 58.9832 2
      vertex 19.4651 58.75 8
      vertex 19.4651 58.75 2
    endloop
  endfacet
  facet normal 0.259137 -0.965841 0
    outer loop
      vertex 17.8198 57.5546 2
      vertex 18.0725 57.6224 8
      vertex 17.8198 57.5546 8
    endloop
  endfacet
  facet normal 0.259137 -0.965841 0
    outer loop
      vertex 18.0725 57.6224 8
      vertex 17.8198 57.5546 2
      vertex 18.0725 57.6224 2
    endloop
  endfacet
  facet normal 0.707107 -0.707107 0
    outer loop
      vertex 18.9728 58.1421 8
      vertex 19.1579 58.3272 2
      vertex 19.1579 58.3272 8
    endloop
  endfacet
  facet normal 0.707107 -0.707107 0
    outer loop
      vertex 19.1579 58.3272 2
      vertex 18.9728 58.1421 8
      vertex 18.9728 58.1421 2
    endloop
  endfacet
  facet normal 0.965841 -0.259137 0
    outer loop
      vertex 19.6776 59.2275 8
      vertex 19.7454 59.4802 2
      vertex 19.7454 59.4802 8
    endloop
  endfacet
  facet normal 0.965841 -0.259137 0
    outer loop
      vertex 19.7454 59.4802 2
      vertex 19.6776 59.2275 8
      vertex 19.6776 59.2275 2
    endloop
  endfacet
  facet normal -0.358108 -0.93368 0
    outer loop
      vertex 16.2832 57.7161 2
      vertex 16.5275 57.6224 8
      vertex 16.2832 57.7161 8
    endloop
  endfacet
  facet normal -0.358108 -0.93368 -0
    outer loop
      vertex 16.5275 57.6224 8
      vertex 16.2832 57.7161 2
      vertex 16.5275 57.6224 2
    endloop
  endfacet
  facet normal -0.891039 -0.453926 0
    outer loop
      vertex 15.1349 58.75 2
      vertex 15.0161 58.9832 8
      vertex 15.0161 58.9832 2
    endloop
  endfacet
  facet normal -0.891039 -0.453926 0
    outer loop
      vertex 15.0161 58.9832 8
      vertex 15.1349 58.75 2
      vertex 15.1349 58.75 8
    endloop
  endfacet
  facet normal -0.838575 -0.544787 0
    outer loop
      vertex 15.2775 58.5305 2
      vertex 15.1349 58.75 8
      vertex 15.1349 58.75 2
    endloop
  endfacet
  facet normal -0.838575 -0.544787 0
    outer loop
      vertex 15.1349 58.75 8
      vertex 15.2775 58.5305 2
      vertex 15.2775 58.5305 8
    endloop
  endfacet
  facet normal 0.965841 0.259137 0
    outer loop
      vertex 19.7454 60.5198 8
      vertex 19.6776 60.7725 2
      vertex 19.6776 60.7725 8
    endloop
  endfacet
  facet normal 0.965841 0.259137 0
    outer loop
      vertex 19.6776 60.7725 2
      vertex 19.7454 60.5198 8
      vertex 19.7454 60.5198 2
    endloop
  endfacet
  facet normal 0.987713 0.156277 0
    outer loop
      vertex 19.7863 60.2613 8
      vertex 19.7454 60.5198 2
      vertex 19.7454 60.5198 8
    endloop
  endfacet
  facet normal 0.987713 0.156277 0
    outer loop
      vertex 19.7454 60.5198 2
      vertex 19.7863 60.2613 8
      vertex 19.7863 60.2613 2
    endloop
  endfacet
  facet normal 0.93368 0.358108 0
    outer loop
      vertex 19.6776 60.7725 8
      vertex 19.5839 61.0168 2
      vertex 19.5839 61.0168 8
    endloop
  endfacet
  facet normal 0.93368 0.358108 0
    outer loop
      vertex 19.5839 61.0168 2
      vertex 19.6776 60.7725 8
      vertex 19.6776 60.7725 2
    endloop
  endfacet
  facet normal 0.7772 0.629253 0
    outer loop
      vertex 19.3225 61.4695 8
      vertex 19.1579 61.6728 2
      vertex 19.1579 61.6728 8
    endloop
  endfacet
  facet normal 0.7772 0.629253 0
    outer loop
      vertex 19.1579 61.6728 2
      vertex 19.3225 61.4695 8
      vertex 19.3225 61.4695 2
    endloop
  endfacet
  facet normal 0.838575 0.544787 0
    outer loop
      vertex 19.4651 61.25 8
      vertex 19.3225 61.4695 2
      vertex 19.3225 61.4695 8
    endloop
  endfacet
  facet normal 0.838575 0.544787 0
    outer loop
      vertex 19.3225 61.4695 2
      vertex 19.4651 61.25 8
      vertex 19.4651 61.25 2
    endloop
  endfacet
  facet normal 0.259137 0.965841 -0
    outer loop
      vertex 18.0725 62.3776 2
      vertex 17.8198 62.4454 8
      vertex 18.0725 62.3776 8
    endloop
  endfacet
  facet normal 0.259137 0.965841 0
    outer loop
      vertex 17.8198 62.4454 8
      vertex 18.0725 62.3776 2
      vertex 17.8198 62.4454 2
    endloop
  endfacet
  facet normal 0.156277 0.987713 -0
    outer loop
      vertex 17.8198 62.4454 2
      vertex 17.5613 62.4863 8
      vertex 17.8198 62.4454 8
    endloop
  endfacet
  facet normal 0.156277 0.987713 0
    outer loop
      vertex 17.5613 62.4863 8
      vertex 17.8198 62.4454 2
      vertex 17.5613 62.4863 2
    endloop
  endfacet
  facet normal 0.629253 0.7772 -0
    outer loop
      vertex 18.9728 61.8579 2
      vertex 18.7695 62.0225 8
      vertex 18.9728 61.8579 8
    endloop
  endfacet
  facet normal 0.629253 0.7772 0
    outer loop
      vertex 18.7695 62.0225 8
      vertex 18.9728 61.8579 2
      vertex 18.7695 62.0225 2
    endloop
  endfacet
  facet normal -0.965841 0.259137 0
    outer loop
      vertex 14.8546 60.5198 2
      vertex 14.9224 60.7725 8
      vertex 14.9224 60.7725 2
    endloop
  endfacet
  facet normal -0.965841 0.259137 0
    outer loop
      vertex 14.9224 60.7725 8
      vertex 14.8546 60.5198 2
      vertex 14.8546 60.5198 8
    endloop
  endfacet
  facet normal -0.891039 0.453926 0
    outer loop
      vertex 15.0161 61.0168 2
      vertex 15.1349 61.25 8
      vertex 15.1349 61.25 2
    endloop
  endfacet
  facet normal -0.891039 0.453926 0
    outer loop
      vertex 15.1349 61.25 8
      vertex 15.0161 61.0168 2
      vertex 15.0161 61.0168 8
    endloop
  endfacet
  facet normal -0.987713 0.156277 0
    outer loop
      vertex 14.8137 60.2613 2
      vertex 14.8546 60.5198 8
      vertex 14.8546 60.5198 2
    endloop
  endfacet
  facet normal -0.987713 0.156277 0
    outer loop
      vertex 14.8546 60.5198 8
      vertex 14.8137 60.2613 2
      vertex 14.8137 60.2613 8
    endloop
  endfacet
  facet normal 0 0 1
    outer loop
      vertex 18.35 60 8
      vertex 19.8 60 8
      vertex 19.7863 60.2613 8
    endloop
  endfacet
  facet normal 0 0 1
    outer loop
      vertex 18.3442 60.1098 8
      vertex 19.7863 60.2613 8
      vertex 19.7454 60.5198 8
    endloop
  endfacet
  facet normal 0 0 1
    outer loop
      vertex 19.8 60 8
      vertex 18.35 60 8
      vertex 19.7863 59.7387 8
    endloop
  endfacet
  facet normal 0 0 1
    outer loop
      vertex 18.3271 60.2183 8
      vertex 19.7454 60.5198 8
      vertex 19.6776 60.7725 8
    endloop
  endfacet
  facet normal -0 0 1
    outer loop
      vertex 18.3442 59.8902 8
      vertex 19.7863 59.7387 8
      vertex 18.35 60 8
    endloop
  endfacet
  facet normal 0 0 1
    outer loop
      vertex 18.2986 60.3245 8
      vertex 19.6776 60.7725 8
      vertex 19.5839 61.0168 8
    endloop
  endfacet
  facet normal 0 0 1
    outer loop
      vertex 19.7863 59.7387 8
      vertex 18.3442 59.8902 8
      vertex 19.7454 59.4802 8
    endloop
  endfacet
  facet normal 0 0 1
    outer loop
      vertex 18.2592 60.4271 8
      vertex 19.5839 61.0168 8
      vertex 19.4651 61.25 8
    endloop
  endfacet
  facet normal -0 0 1
    outer loop
      vertex 18.3271 59.7817 8
      vertex 19.7454 59.4802 8
      vertex 18.3442 59.8902 8
    endloop
  endfacet
  facet normal 0 0 1
    outer loop
      vertex 18.2093 60.525 8
      vertex 19.4651 61.25 8
      vertex 19.3225 61.4695 8
    endloop
  endfacet
  facet normal 0 0 1
    outer loop
      vertex 19.7454 59.4802 8
      vertex 18.3271 59.7817 8
      vertex 19.6776 59.2275 8
    endloop
  endfacet
  facet normal 0 0 1
    outer loop
      vertex 18.1495 60.6172 8
      vertex 19.3225 61.4695 8
      vertex 19.1579 61.6728 8
    endloop
  endfacet
  facet normal -0 0 1
    outer loop
      vertex 18.2986 59.6755 8
      vertex 19.6776 59.2275 8
      vertex 18.3271 59.7817 8
    endloop
  endfacet
  facet normal 0 0 1
    outer loop
      vertex 18.0803 60.7026 8
      vertex 19.1579 61.6728 8
      vertex 18.9728 61.8579 8
    endloop
  endfacet
  facet normal 0 0 1
    outer loop
      vertex 19.6776 59.2275 8
      vertex 18.2986 59.6755 8
      vertex 19.5839 58.9832 8
    endloop
  endfacet
  facet normal 0 0 1
    outer loop
      vertex 18.0026 60.7803 8
      vertex 18.9728 61.8579 8
      vertex 18.7695 62.0225 8
    endloop
  endfacet
  facet normal -0 0 1
    outer loop
      vertex 18.2592 59.5729 8
      vertex 19.5839 58.9832 8
      vertex 18.2986 59.6755 8
    endloop
  endfacet
  facet normal 0 0 1
    outer loop
      vertex 17.9172 60.8495 8
      vertex 18.7695 62.0225 8
      vertex 18.55 62.1651 8
    endloop
  endfacet
  facet normal 0 0 1
    outer loop
      vertex 19.5839 58.9832 8
      vertex 18.2592 59.5729 8
      vertex 19.4651 58.75 8
    endloop
  endfacet
  facet normal -0 0 1
    outer loop
      vertex 18.2093 59.475 8
      vertex 19.4651 58.75 8
      vertex 18.2592 59.5729 8
    endloop
  endfacet
  facet normal 0 0 1
    outer loop
      vertex 19.7863 60.2613 8
      vertex 18.3442 60.1098 8
      vertex 18.35 60 8
    endloop
  endfacet
  facet normal 0 0 1
    outer loop
      vertex 19.7454 60.5198 8
      vertex 18.3271 60.2183 8
      vertex 18.3442 60.1098 8
    endloop
  endfacet
  facet normal 0 0 1
    outer loop
      vertex 17.825 60.9093 8
      vertex 18.55 62.1651 8
      vertex 18.3168 62.2839 8
    endloop
  endfacet
  facet normal 0 0 1
    outer loop
      vertex 19.6776 60.7725 8
      vertex 18.2986 60.3245 8
      vertex 18.3271 60.2183 8
    endloop
  endfacet
  facet normal 0 0 1
    outer loop
      vertex 19.5839 61.0168 8
      vertex 18.2592 60.4271 8
      vertex 18.2986 60.3245 8
    endloop
  endfacet
  facet normal 0 0 1
    outer loop
      vertex 19.4651 61.25 8
      vertex 18.2093 60.525 8
      vertex 18.2592 60.4271 8
    endloop
  endfacet
  facet normal 0 0 1
    outer loop
      vertex 19.3225 61.4695 8
      vertex 18.1495 60.6172 8
      vertex 18.2093 60.525 8
    endloop
  endfacet
  facet normal 0 0 1
    outer loop
      vertex 19.1579 61.6728 8
      vertex 18.0803 60.7026 8
      vertex 18.1495 60.6172 8
    endloop
  endfacet
  facet normal 0 0 1
    outer loop
      vertex 17.7271 60.9592 8
      vertex 18.3168 62.2839 8
      vertex 18.0725 62.3776 8
    endloop
  endfacet
  facet normal 0 0 1
    outer loop
      vertex 18.9728 61.8579 8
      vertex 18.0026 60.7803 8
      vertex 18.0803 60.7026 8
    endloop
  endfacet
  facet normal 0 0 1
    outer loop
      vertex 18.7695 62.0225 8
      vertex 17.9172 60.8495 8
      vertex 18.0026 60.7803 8
    endloop
  endfacet
  facet normal 0 0 1
    outer loop
      vertex 18.55 62.1651 8
      vertex 17.825 60.9093 8
      vertex 17.9172 60.8495 8
    endloop
  endfacet
  facet normal 0 0 1
    outer loop
      vertex 17.6245 60.9986 8
      vertex 18.0725 62.3776 8
      vertex 17.8198 62.4454 8
    endloop
  endfacet
  facet normal 0 0 1
    outer loop
      vertex 18.3168 62.2839 8
      vertex 17.7271 60.9592 8
      vertex 17.825 60.9093 8
    endloop
  endfacet
  facet normal 0 0 1
    outer loop
      vertex 18.0725 62.3776 8
      vertex 17.6245 60.9986 8
      vertex 17.7271 60.9592 8
    endloop
  endfacet
  facet normal 0 0 1
    outer loop
      vertex 17.5183 61.0271 8
      vertex 17.8198 62.4454 8
      vertex 17.5613 62.4863 8
    endloop
  endfacet
  facet normal 0 0 1
    outer loop
      vertex 17.8198 62.4454 8
      vertex 17.5183 61.0271 8
      vertex 17.6245 60.9986 8
    endloop
  endfacet
  facet normal 0 0 1
    outer loop
      vertex 17.5613 62.4863 8
      vertex 17.4098 61.0442 8
      vertex 17.5183 61.0271 8
    endloop
  endfacet
  facet normal 0 0 1
    outer loop
      vertex 17.3 62.5 8
      vertex 17.4098 61.0442 8
      vertex 17.5613 62.4863 8
    endloop
  endfacet
  facet normal 0 0 1
    outer loop
      vertex 17.3 62.5 8
      vertex 17.3 61.05 8
      vertex 17.4098 61.0442 8
    endloop
  endfacet
  facet normal 0 0 1
    outer loop
      vertex 17.3 62.5 8
      vertex 17.1902 61.0442 8
      vertex 17.3 61.05 8
    endloop
  endfacet
  facet normal -0 0 1
    outer loop
      vertex 17.0387 62.4863 8
      vertex 17.1902 61.0442 8
      vertex 17.3 62.5 8
    endloop
  endfacet
  facet normal 0 0 1
    outer loop
      vertex 17.1902 61.0442 8
      vertex 17.0387 62.4863 8
      vertex 17.0817 61.0271 8
    endloop
  endfacet
  facet normal -0 0 1
    outer loop
      vertex 16.7802 62.4454 8
      vertex 17.0817 61.0271 8
      vertex 17.0387 62.4863 8
    endloop
  endfacet
  facet normal 0 0 1
    outer loop
      vertex 17.0817 61.0271 8
      vertex 16.7802 62.4454 8
      vertex 16.9755 60.9986 8
    endloop
  endfacet
  facet normal -0 0 1
    outer loop
      vertex 16.5275 62.3776 8
      vertex 16.9755 60.9986 8
      vertex 16.7802 62.4454 8
    endloop
  endfacet
  facet normal 0 0 1
    outer loop
      vertex 16.9755 60.9986 8
      vertex 16.5275 62.3776 8
      vertex 16.8729 60.9592 8
    endloop
  endfacet
  facet normal -0 0 1
    outer loop
      vertex 16.2832 62.2839 8
      vertex 16.8729 60.9592 8
      vertex 16.5275 62.3776 8
    endloop
  endfacet
  facet normal 0 0 1
    outer loop
      vertex 16.8729 60.9592 8
      vertex 16.2832 62.2839 8
      vertex 16.775 60.9093 8
    endloop
  endfacet
  facet normal -0 0 1
    outer loop
      vertex 16.05 62.1651 8
      vertex 16.775 60.9093 8
      vertex 16.2832 62.2839 8
    endloop
  endfacet
  facet normal 0 0 1
    outer loop
      vertex 16.775 60.9093 8
      vertex 16.05 62.1651 8
      vertex 16.6828 60.8495 8
    endloop
  endfacet
  facet normal -0 0 1
    outer loop
      vertex 15.8305 62.0225 8
      vertex 16.6828 60.8495 8
      vertex 16.05 62.1651 8
    endloop
  endfacet
  facet normal 0 0 1
    outer loop
      vertex 16.6828 60.8495 8
      vertex 15.8305 62.0225 8
      vertex 16.5974 60.7803 8
    endloop
  endfacet
  facet normal -0 0 1
    outer loop
      vertex 15.6272 61.8579 8
      vertex 16.5974 60.7803 8
      vertex 15.8305 62.0225 8
    endloop
  endfacet
  facet normal 0 0 1
    outer loop
      vertex 16.5974 60.7803 8
      vertex 15.6272 61.8579 8
      vertex 16.5197 60.7026 8
    endloop
  endfacet
  facet normal -0 0 1
    outer loop
      vertex 15.4421 61.6728 8
      vertex 16.5197 60.7026 8
      vertex 15.6272 61.8579 8
    endloop
  endfacet
  facet normal 0 0 1
    outer loop
      vertex 16.5197 60.7026 8
      vertex 15.4421 61.6728 8
      vertex 16.4505 60.6172 8
    endloop
  endfacet
  facet normal -0 0 1
    outer loop
      vertex 15.2775 61.4695 8
      vertex 16.4505 60.6172 8
      vertex 15.4421 61.6728 8
    endloop
  endfacet
  facet normal 0 0 1
    outer loop
      vertex 16.4505 60.6172 8
      vertex 15.2775 61.4695 8
      vertex 16.3907 60.525 8
    endloop
  endfacet
  facet normal -0 0 1
    outer loop
      vertex 15.1349 61.25 8
      vertex 16.3907 60.525 8
      vertex 15.2775 61.4695 8
    endloop
  endfacet
  facet normal 0 0 1
    outer loop
      vertex 19.4651 58.75 8
      vertex 18.2093 59.475 8
      vertex 19.3225 58.5305 8
    endloop
  endfacet
  facet normal -0 0 1
    outer loop
      vertex 18.1495 59.3828 8
      vertex 19.3225 58.5305 8
      vertex 18.2093 59.475 8
    endloop
  endfacet
  facet normal 0 0 1
    outer loop
      vertex 19.3225 58.5305 8
      vertex 18.1495 59.3828 8
      vertex 19.1579 58.3272 8
    endloop
  endfacet
  facet normal -0 0 1
    outer loop
      vertex 18.0803 59.2974 8
      vertex 19.1579 58.3272 8
      vertex 18.1495 59.3828 8
    endloop
  endfacet
  facet normal 0 0 1
    outer loop
      vertex 19.1579 58.3272 8
      vertex 18.0803 59.2974 8
      vertex 18.9728 58.1421 8
    endloop
  endfacet
  facet normal -0 0 1
    outer loop
      vertex 18.0026 59.2197 8
      vertex 18.9728 58.1421 8
      vertex 18.0803 59.2974 8
    endloop
  endfacet
  facet normal 0 0 1
    outer loop
      vertex 18.9728 58.1421 8
      vertex 18.0026 59.2197 8
      vertex 18.7695 57.9775 8
    endloop
  endfacet
  facet normal -0 0 1
    outer loop
      vertex 17.9172 59.1505 8
      vertex 18.7695 57.9775 8
      vertex 18.0026 59.2197 8
    endloop
  endfacet
  facet normal 0 0 1
    outer loop
      vertex 18.7695 57.9775 8
      vertex 17.9172 59.1505 8
      vertex 18.55 57.8349 8
    endloop
  endfacet
  facet normal -0 0 1
    outer loop
      vertex 17.825 59.0907 8
      vertex 18.55 57.8349 8
      vertex 17.9172 59.1505 8
    endloop
  endfacet
  facet normal 0 0 1
    outer loop
      vertex 18.55 57.8349 8
      vertex 17.825 59.0907 8
      vertex 18.3168 57.7161 8
    endloop
  endfacet
  facet normal -0 0 1
    outer loop
      vertex 17.7271 59.0408 8
      vertex 18.3168 57.7161 8
      vertex 17.825 59.0907 8
    endloop
  endfacet
  facet normal 0 0 1
    outer loop
      vertex 18.3168 57.7161 8
      vertex 17.7271 59.0408 8
      vertex 18.0725 57.6224 8
    endloop
  endfacet
  facet normal -0 0 1
    outer loop
      vertex 17.6245 59.0014 8
      vertex 18.0725 57.6224 8
      vertex 17.7271 59.0408 8
    endloop
  endfacet
  facet normal 0 0 1
    outer loop
      vertex 18.0725 57.6224 8
      vertex 17.6245 59.0014 8
      vertex 17.8198 57.5546 8
    endloop
  endfacet
  facet normal -0 0 1
    outer loop
      vertex 17.5183 58.9729 8
      vertex 17.8198 57.5546 8
      vertex 17.6245 59.0014 8
    endloop
  endfacet
  facet normal 0 0 1
    outer loop
      vertex 17.8198 57.5546 8
      vertex 17.5183 58.9729 8
      vertex 17.5613 57.5137 8
    endloop
  endfacet
  facet normal -0 0 1
    outer loop
      vertex 17.4098 58.9558 8
      vertex 17.5613 57.5137 8
      vertex 17.5183 58.9729 8
    endloop
  endfacet
  facet normal -0 0 1
    outer loop
      vertex 17.3 58.95 8
      vertex 17.5613 57.5137 8
      vertex 17.4098 58.9558 8
    endloop
  endfacet
  facet normal 0 0 1
    outer loop
      vertex 17.3 58.95 8
      vertex 17.3 57.5 8
      vertex 17.5613 57.5137 8
    endloop
  endfacet
  facet normal 0 0 1
    outer loop
      vertex 17.1902 58.9558 8
      vertex 17.3 57.5 8
      vertex 17.3 58.95 8
    endloop
  endfacet
  facet normal 0 0 1
    outer loop
      vertex 17.0387 57.5137 8
      vertex 17.1902 58.9558 8
      vertex 17.0817 58.9729 8
    endloop
  endfacet
  facet normal 0 0 1
    outer loop
      vertex 17.1902 58.9558 8
      vertex 17.0387 57.5137 8
      vertex 17.3 57.5 8
    endloop
  endfacet
  facet normal 0 0 1
    outer loop
      vertex 16.7802 57.5546 8
      vertex 17.0817 58.9729 8
      vertex 16.9755 59.0014 8
    endloop
  endfacet
  facet normal 0 0 1
    outer loop
      vertex 16.5275 57.6224 8
      vertex 16.9755 59.0014 8
      vertex 16.8729 59.0408 8
    endloop
  endfacet
  facet normal 0 0 1
    outer loop
      vertex 17.0817 58.9729 8
      vertex 16.7802 57.5546 8
      vertex 17.0387 57.5137 8
    endloop
  endfacet
  facet normal 0 0 1
    outer loop
      vertex 16.2832 57.7161 8
      vertex 16.8729 59.0408 8
      vertex 16.775 59.0907 8
    endloop
  endfacet
  facet normal 0 0 1
    outer loop
      vertex 16.05 57.8349 8
      vertex 16.775 59.0907 8
      vertex 16.6828 59.1505 8
    endloop
  endfacet
  facet normal 0 0 1
    outer loop
      vertex 15.8305 57.9775 8
      vertex 16.6828 59.1505 8
      vertex 16.5974 59.2197 8
    endloop
  endfacet
  facet normal 0 0 1
    outer loop
      vertex 16.9755 59.0014 8
      vertex 16.5275 57.6224 8
      vertex 16.7802 57.5546 8
    endloop
  endfacet
  facet normal 0 0 1
    outer loop
      vertex 15.6272 58.1421 8
      vertex 16.5974 59.2197 8
      vertex 16.5197 59.2974 8
    endloop
  endfacet
  facet normal 0 0 1
    outer loop
      vertex 15.4421 58.3272 8
      vertex 16.5197 59.2974 8
      vertex 16.4505 59.3828 8
    endloop
  endfacet
  facet normal 0 0 1
    outer loop
      vertex 15.2775 58.5305 8
      vertex 16.4505 59.3828 8
      vertex 16.3907 59.475 8
    endloop
  endfacet
  facet normal 0 0 1
    outer loop
      vertex 15.1349 58.75 8
      vertex 16.3907 59.475 8
      vertex 16.3408 59.5729 8
    endloop
  endfacet
  facet normal 0 0 1
    outer loop
      vertex 15.0161 58.9832 8
      vertex 16.3408 59.5729 8
      vertex 16.3014 59.6755 8
    endloop
  endfacet
  facet normal 0 0 1
    outer loop
      vertex 16.8729 59.0408 8
      vertex 16.2832 57.7161 8
      vertex 16.5275 57.6224 8
    endloop
  endfacet
  facet normal 0 0 1
    outer loop
      vertex 14.9224 59.2275 8
      vertex 16.3014 59.6755 8
      vertex 16.2729 59.7817 8
    endloop
  endfacet
  facet normal 0 0 1
    outer loop
      vertex 14.8546 59.4802 8
      vertex 16.2729 59.7817 8
      vertex 16.2558 59.8902 8
    endloop
  endfacet
  facet normal 0 0 1
    outer loop
      vertex 14.8137 59.7387 8
      vertex 16.2558 59.8902 8
      vertex 16.25 60 8
    endloop
  endfacet
  facet normal 0 0 1
    outer loop
      vertex 16.3907 60.525 8
      vertex 15.1349 61.25 8
      vertex 16.3408 60.4271 8
    endloop
  endfacet
  facet normal 0 0 1
    outer loop
      vertex 16.775 59.0907 8
      vertex 16.05 57.8349 8
      vertex 16.2832 57.7161 8
    endloop
  endfacet
  facet normal -0 0 1
    outer loop
      vertex 15.0161 61.0168 8
      vertex 16.3408 60.4271 8
      vertex 15.1349 61.25 8
    endloop
  endfacet
  facet normal 0 0 1
    outer loop
      vertex 16.6828 59.1505 8
      vertex 15.8305 57.9775 8
      vertex 16.05 57.8349 8
    endloop
  endfacet
  facet normal 0 0 1
    outer loop
      vertex 16.3408 60.4271 8
      vertex 15.0161 61.0168 8
      vertex 16.3014 60.3245 8
    endloop
  endfacet
  facet normal 0 0 1
    outer loop
      vertex 16.5974 59.2197 8
      vertex 15.6272 58.1421 8
      vertex 15.8305 57.9775 8
    endloop
  endfacet
  facet normal -0 0 1
    outer loop
      vertex 14.9224 60.7725 8
      vertex 16.3014 60.3245 8
      vertex 15.0161 61.0168 8
    endloop
  endfacet
  facet normal 0 0 1
    outer loop
      vertex 16.5197 59.2974 8
      vertex 15.4421 58.3272 8
      vertex 15.6272 58.1421 8
    endloop
  endfacet
  facet normal 0 0 1
    outer loop
      vertex 16.3014 60.3245 8
      vertex 14.9224 60.7725 8
      vertex 16.2729 60.2183 8
    endloop
  endfacet
  facet normal 0 0 1
    outer loop
      vertex 16.4505 59.3828 8
      vertex 15.2775 58.5305 8
      vertex 15.4421 58.3272 8
    endloop
  endfacet
  facet normal -0 0 1
    outer loop
      vertex 14.8546 60.5198 8
      vertex 16.2729 60.2183 8
      vertex 14.9224 60.7725 8
    endloop
  endfacet
  facet normal 0 0 1
    outer loop
      vertex 16.3907 59.475 8
      vertex 15.1349 58.75 8
      vertex 15.2775 58.5305 8
    endloop
  endfacet
  facet normal 0 0 1
    outer loop
      vertex 16.2729 60.2183 8
      vertex 14.8546 60.5198 8
      vertex 16.2558 60.1098 8
    endloop
  endfacet
  facet normal 0 0 1
    outer loop
      vertex 16.3408 59.5729 8
      vertex 15.0161 58.9832 8
      vertex 15.1349 58.75 8
    endloop
  endfacet
  facet normal -0 0 1
    outer loop
      vertex 14.8137 60.2613 8
      vertex 16.2558 60.1098 8
      vertex 14.8546 60.5198 8
    endloop
  endfacet
  facet normal 0 0 1
    outer loop
      vertex 16.3014 59.6755 8
      vertex 14.9224 59.2275 8
      vertex 15.0161 58.9832 8
    endloop
  endfacet
  facet normal 0 0 1
    outer loop
      vertex 16.2558 60.1098 8
      vertex 14.8137 60.2613 8
      vertex 16.25 60 8
    endloop
  endfacet
  facet normal 0 0 1
    outer loop
      vertex 16.2729 59.7817 8
      vertex 14.8546 59.4802 8
      vertex 14.9224 59.2275 8
    endloop
  endfacet
  facet normal 0 0 1
    outer loop
      vertex 14.8 60 8
      vertex 16.25 60 8
      vertex 14.8137 60.2613 8
    endloop
  endfacet
  facet normal 0 0 1
    outer loop
      vertex 16.2558 59.8902 8
      vertex 14.8137 59.7387 8
      vertex 14.8546 59.4802 8
    endloop
  endfacet
  facet normal 0 0 1
    outer loop
      vertex 16.25 60 8
      vertex 14.8 60 8
      vertex 14.8137 59.7387 8
    endloop
  endfacet
  facet normal -0.0523582 0.998628 0
    outer loop
      vertex 17.3 62.5 2
      vertex 17.0387 62.4863 8
      vertex 17.3 62.5 8
    endloop
  endfacet
  facet normal -0.0523582 0.998628 0
    outer loop
      vertex 17.0387 62.4863 8
      vertex 17.3 62.5 2
      vertex 17.0387 62.4863 2
    endloop
  endfacet
  facet normal 0.998628 -0.0523582 0
    outer loop
      vertex 19.7863 59.7387 8
      vertex 19.8 60 2
      vertex 19.8 60 8
    endloop
  endfacet
  facet normal 0.998628 -0.0523582 0
    outer loop
      vertex 19.8 60 2
      vertex 19.7863 59.7387 8
      vertex 19.7863 59.7387 2
    endloop
  endfacet
  facet normal 0.0523582 -0.998628 0
    outer loop
      vertex 17.3 57.5 2
      vertex 17.5613 57.5137 8
      vertex 17.3 57.5 8
    endloop
  endfacet
  facet normal 0.0523582 -0.998628 0
    outer loop
      vertex 17.5613 57.5137 8
      vertex 17.3 57.5 2
      vertex 17.5613 57.5137 2
    endloop
  endfacet
  facet normal 0.453926 -0.891039 0
    outer loop
      vertex 18.3168 57.7161 2
      vertex 18.55 57.8349 8
      vertex 18.3168 57.7161 8
    endloop
  endfacet
  facet normal 0.453926 -0.891039 0
    outer loop
      vertex 18.55 57.8349 8
      vertex 18.3168 57.7161 2
      vertex 18.55 57.8349 2
    endloop
  endfacet
  facet normal 0.629253 -0.7772 0
    outer loop
      vertex 18.7695 57.9775 2
      vertex 18.9728 58.1421 8
      vertex 18.7695 57.9775 8
    endloop
  endfacet
  facet normal 0.629253 -0.7772 0
    outer loop
      vertex 18.9728 58.1421 8
      vertex 18.7695 57.9775 2
      vertex 18.9728 58.1421 2
    endloop
  endfacet
  facet normal 0.544787 -0.838575 0
    outer loop
      vertex 18.55 57.8349 2
      vertex 18.7695 57.9775 8
      vertex 18.55 57.8349 8
    endloop
  endfacet
  facet normal 0.544787 -0.838575 0
    outer loop
      vertex 18.7695 57.9775 8
      vertex 18.55 57.8349 2
      vertex 18.7695 57.9775 2
    endloop
  endfacet
  facet normal 0.7772 -0.629253 0
    outer loop
      vertex 19.1579 58.3272 8
      vertex 19.3225 58.5305 2
      vertex 19.3225 58.5305 8
    endloop
  endfacet
  facet normal 0.7772 -0.629253 0
    outer loop
      vertex 19.3225 58.5305 2
      vertex 19.1579 58.3272 8
      vertex 19.1579 58.3272 2
    endloop
  endfacet
  facet normal 0.838575 -0.544787 0
    outer loop
      vertex 19.3225 58.5305 8
      vertex 19.4651 58.75 2
      vertex 19.4651 58.75 8
    endloop
  endfacet
  facet normal 0.838575 -0.544787 0
    outer loop
      vertex 19.4651 58.75 2
      vertex 19.3225 58.5305 8
      vertex 19.3225 58.5305 2
    endloop
  endfacet
  facet normal -0.707107 -0.707107 0
    outer loop
      vertex 15.6272 58.1421 2
      vertex 15.4421 58.3272 8
      vertex 15.4421 58.3272 2
    endloop
  endfacet
  facet normal -0.707107 -0.707107 0
    outer loop
      vertex 15.4421 58.3272 8
      vertex 15.6272 58.1421 2
      vertex 15.6272 58.1421 8
    endloop
  endfacet
  facet normal -0.629253 -0.7772 0
    outer loop
      vertex 15.6272 58.1421 2
      vertex 15.8305 57.9775 8
      vertex 15.6272 58.1421 8
    endloop
  endfacet
  facet normal -0.629253 -0.7772 -0
    outer loop
      vertex 15.8305 57.9775 8
      vertex 15.6272 58.1421 2
      vertex 15.8305 57.9775 2
    endloop
  endfacet
  facet normal -0.544787 -0.838575 0
    outer loop
      vertex 15.8305 57.9775 2
      vertex 16.05 57.8349 8
      vertex 15.8305 57.9775 8
    endloop
  endfacet
  facet normal -0.544787 -0.838575 -0
    outer loop
      vertex 16.05 57.8349 8
      vertex 15.8305 57.9775 2
      vertex 16.05 57.8349 2
    endloop
  endfacet
  facet normal -0.156277 -0.987713 0
    outer loop
      vertex 16.7802 57.5546 2
      vertex 17.0387 57.5137 8
      vertex 16.7802 57.5546 8
    endloop
  endfacet
  facet normal -0.156277 -0.987713 -0
    outer loop
      vertex 17.0387 57.5137 8
      vertex 16.7802 57.5546 2
      vertex 17.0387 57.5137 2
    endloop
  endfacet
  facet normal -0.7772 -0.629253 0
    outer loop
      vertex 15.4421 58.3272 2
      vertex 15.2775 58.5305 8
      vertex 15.2775 58.5305 2
    endloop
  endfacet
  facet normal -0.7772 -0.629253 0
    outer loop
      vertex 15.2775 58.5305 8
      vertex 15.4421 58.3272 2
      vertex 15.4421 58.3272 8
    endloop
  endfacet
  facet normal -0.93368 -0.358108 0
    outer loop
      vertex 15.0161 58.9832 2
      vertex 14.9224 59.2275 8
      vertex 14.9224 59.2275 2
    endloop
  endfacet
  facet normal -0.93368 -0.358108 0
    outer loop
      vertex 14.9224 59.2275 8
      vertex 15.0161 58.9832 2
      vertex 15.0161 58.9832 8
    endloop
  endfacet
  facet normal -0.998628 -0.0523582 0
    outer loop
      vertex 14.8137 59.7387 2
      vertex 14.8 60 8
      vertex 14.8 60 2
    endloop
  endfacet
  facet normal -0.998628 -0.0523582 0
    outer loop
      vertex 14.8 60 8
      vertex 14.8137 59.7387 2
      vertex 14.8137 59.7387 8
    endloop
  endfacet
  facet normal 0.358108 0.93368 -0
    outer loop
      vertex 18.3168 62.2839 2
      vertex 18.0725 62.3776 8
      vertex 18.3168 62.2839 8
    endloop
  endfacet
  facet normal 0.358108 0.93368 0
    outer loop
      vertex 18.0725 62.3776 8
      vertex 18.3168 62.2839 2
      vertex 18.0725 62.3776 2
    endloop
  endfacet
  facet normal -0.707107 0.707107 0
    outer loop
      vertex 15.4421 61.6728 2
      vertex 15.6272 61.8579 8
      vertex 15.6272 61.8579 2
    endloop
  endfacet
  facet normal -0.707107 0.707107 0
    outer loop
      vertex 15.6272 61.8579 8
      vertex 15.4421 61.6728 2
      vertex 15.4421 61.6728 8
    endloop
  endfacet
  facet normal -0.93368 0.358108 0
    outer loop
      vertex 14.9224 60.7725 2
      vertex 15.0161 61.0168 8
      vertex 15.0161 61.0168 2
    endloop
  endfacet
  facet normal -0.93368 0.358108 0
    outer loop
      vertex 15.0161 61.0168 8
      vertex 14.9224 60.7725 2
      vertex 14.9224 60.7725 8
    endloop
  endfacet
  facet normal -0.544787 0.838575 0
    outer loop
      vertex 16.05 62.1651 2
      vertex 15.8305 62.0225 8
      vertex 16.05 62.1651 8
    endloop
  endfacet
  facet normal -0.544787 0.838575 0
    outer loop
      vertex 15.8305 62.0225 8
      vertex 16.05 62.1651 2
      vertex 15.8305 62.0225 2
    endloop
  endfacet
  facet normal -0.259137 0.965841 0
    outer loop
      vertex 16.7802 62.4454 2
      vertex 16.5275 62.3776 8
      vertex 16.7802 62.4454 8
    endloop
  endfacet
  facet normal -0.259137 0.965841 0
    outer loop
      vertex 16.5275 62.3776 8
      vertex 16.7802 62.4454 2
      vertex 16.5275 62.3776 2
    endloop
  endfacet
  facet normal 0.156277 -0.987713 0
    outer loop
      vertex 17.5613 57.5137 2
      vertex 17.8198 57.5546 8
      vertex 17.5613 57.5137 8
    endloop
  endfacet
  facet normal 0.156277 -0.987713 0
    outer loop
      vertex 17.8198 57.5546 8
      vertex 17.5613 57.5137 2
      vertex 17.8198 57.5546 2
    endloop
  endfacet
  facet normal 0.358108 -0.93368 0
    outer loop
      vertex 18.0725 57.6224 2
      vertex 18.3168 57.7161 8
      vertex 18.0725 57.6224 8
    endloop
  endfacet
  facet normal 0.358108 -0.93368 0
    outer loop
      vertex 18.3168 57.7161 8
      vertex 18.0725 57.6224 2
      vertex 18.3168 57.7161 2
    endloop
  endfacet
  facet normal 0.93368 -0.358108 0
    outer loop
      vertex 19.5839 58.9832 8
      vertex 19.6776 59.2275 2
      vertex 19.6776 59.2275 8
    endloop
  endfacet
  facet normal 0.93368 -0.358108 0
    outer loop
      vertex 19.6776 59.2275 2
      vertex 19.5839 58.9832 8
      vertex 19.5839 58.9832 2
    endloop
  endfacet
  facet normal 0.987713 -0.156277 0
    outer loop
      vertex 19.7454 59.4802 8
      vertex 19.7863 59.7387 2
      vertex 19.7863 59.7387 8
    endloop
  endfacet
  facet normal 0.987713 -0.156277 0
    outer loop
      vertex 19.7863 59.7387 2
      vertex 19.7454 59.4802 8
      vertex 19.7454 59.4802 2
    endloop
  endfacet
  facet normal -0.453926 -0.891039 0
    outer loop
      vertex 16.05 57.8349 2
      vertex 16.2832 57.7161 8
      vertex 16.05 57.8349 8
    endloop
  endfacet
  facet normal -0.453926 -0.891039 -0
    outer loop
      vertex 16.2832 57.7161 8
      vertex 16.05 57.8349 2
      vertex 16.2832 57.7161 2
    endloop
  endfacet
  facet normal -0.259137 -0.965841 0
    outer loop
      vertex 16.5275 57.6224 2
      vertex 16.7802 57.5546 8
      vertex 16.5275 57.6224 8
    endloop
  endfacet
  facet normal -0.259137 -0.965841 -0
    outer loop
      vertex 16.7802 57.5546 8
      vertex 16.5275 57.6224 2
      vertex 16.7802 57.5546 2
    endloop
  endfacet
  facet normal -0.987713 -0.156277 0
    outer loop
      vertex 14.8546 59.4802 2
      vertex 14.8137 59.7387 8
      vertex 14.8137 59.7387 2
    endloop
  endfacet
  facet normal -0.987713 -0.156277 0
    outer loop
      vertex 14.8137 59.7387 8
      vertex 14.8546 59.4802 2
      vertex 14.8546 59.4802 8
    endloop
  endfacet
  facet normal -0.998608 -0.0527498 0
    outer loop
      vertex 18.35 60 2
      vertex 18.3442 60.1098 8
      vertex 18.3442 60.1098 2
    endloop
  endfacet
  facet normal -0.998608 -0.0527498 0
    outer loop
      vertex 18.3442 60.1098 8
      vertex 18.35 60 2
      vertex 18.35 60 8
    endloop
  endfacet
  facet normal 0.998608 -0.0527498 0
    outer loop
      vertex 16.25 60 8
      vertex 16.2558 60.1098 2
      vertex 16.2558 60.1098 8
    endloop
  endfacet
  facet normal 0.998608 -0.0527498 0
    outer loop
      vertex 16.2558 60.1098 2
      vertex 16.25 60 8
      vertex 16.25 60 2
    endloop
  endfacet
  facet normal 0.0527498 -0.998608 0
    outer loop
      vertex 17.1902 61.0442 2
      vertex 17.3 61.05 8
      vertex 17.1902 61.0442 8
    endloop
  endfacet
  facet normal 0.0527498 -0.998608 0
    outer loop
      vertex 17.3 61.05 8
      vertex 17.1902 61.0442 2
      vertex 17.3 61.05 2
    endloop
  endfacet
  facet normal -0.0527498 0.998608 0
    outer loop
      vertex 17.4098 58.9558 2
      vertex 17.3 58.95 8
      vertex 17.4098 58.9558 8
    endloop
  endfacet
  facet normal -0.0527498 0.998608 0
    outer loop
      vertex 17.3 58.95 8
      vertex 17.4098 58.9558 2
      vertex 17.3 58.95 2
    endloop
  endfacet
  facet normal -0.707107 -0.707107 0
    outer loop
      vertex 18.0803 60.7026 2
      vertex 18.0026 60.7803 8
      vertex 18.0026 60.7803 2
    endloop
  endfacet
  facet normal -0.707107 -0.707107 0
    outer loop
      vertex 18.0026 60.7803 8
      vertex 18.0803 60.7026 2
      vertex 18.0803 60.7026 8
    endloop
  endfacet
  facet normal 0.707107 -0.707107 0
    outer loop
      vertex 16.5197 60.7026 8
      vertex 16.5974 60.7803 2
      vertex 16.5974 60.7803 8
    endloop
  endfacet
  facet normal 0.707107 -0.707107 0
    outer loop
      vertex 16.5974 60.7803 2
      vertex 16.5197 60.7026 8
      vertex 16.5197 60.7026 2
    endloop
  endfacet
  facet normal 0.454117 -0.890942 0
    outer loop
      vertex 16.775 60.9093 2
      vertex 16.8729 60.9592 8
      vertex 16.775 60.9093 8
    endloop
  endfacet
  facet normal 0.454117 -0.890942 0
    outer loop
      vertex 16.8729 60.9592 8
      vertex 16.775 60.9093 2
      vertex 16.8729 60.9592 2
    endloop
  endfacet
  facet normal -0.838984 0.544156 0
    outer loop
      vertex 18.1495 59.3828 2
      vertex 18.2093 59.475 8
      vertex 18.2093 59.475 2
    endloop
  endfacet
  facet normal -0.838984 0.544156 0
    outer loop
      vertex 18.2093 59.475 8
      vertex 18.1495 59.3828 2
      vertex 18.1495 59.3828 8
    endloop
  endfacet
  facet normal -0.890942 -0.454117 0
    outer loop
      vertex 18.2592 60.4271 2
      vertex 18.2093 60.525 8
      vertex 18.2093 60.525 2
    endloop
  endfacet
  facet normal -0.890942 -0.454117 0
    outer loop
      vertex 18.2093 60.525 8
      vertex 18.2592 60.4271 2
      vertex 18.2592 60.4271 8
    endloop
  endfacet
  facet normal -0.358491 -0.933533 0
    outer loop
      vertex 17.6245 60.9986 2
      vertex 17.7271 60.9592 8
      vertex 17.6245 60.9986 8
    endloop
  endfacet
  facet normal -0.358491 -0.933533 -0
    outer loop
      vertex 17.7271 60.9592 8
      vertex 17.6245 60.9986 2
      vertex 17.7271 60.9592 2
    endloop
  endfacet
  facet normal -0.544156 -0.838984 0
    outer loop
      vertex 17.825 60.9093 2
      vertex 17.9172 60.8495 8
      vertex 17.825 60.9093 8
    endloop
  endfacet
  facet normal -0.544156 -0.838984 -0
    outer loop
      vertex 17.9172 60.8495 8
      vertex 17.825 60.9093 2
      vertex 17.9172 60.8495 2
    endloop
  endfacet
  facet normal 0.933533 -0.358491 0
    outer loop
      vertex 16.3014 60.3245 8
      vertex 16.3408 60.4271 2
      vertex 16.3408 60.4271 8
    endloop
  endfacet
  facet normal 0.933533 -0.358491 0
    outer loop
      vertex 16.3408 60.4271 2
      vertex 16.3014 60.3245 8
      vertex 16.3014 60.3245 2
    endloop
  endfacet
  facet normal 0.965826 -0.259191 0
    outer loop
      vertex 16.2729 60.2183 8
      vertex 16.3014 60.3245 2
      vertex 16.3014 60.3245 8
    endloop
  endfacet
  facet normal 0.965826 -0.259191 0
    outer loop
      vertex 16.3014 60.3245 2
      vertex 16.2729 60.2183 8
      vertex 16.2729 60.2183 2
    endloop
  endfacet
  facet normal 0.259191 -0.965826 0
    outer loop
      vertex 16.9755 60.9986 2
      vertex 17.0817 61.0271 8
      vertex 16.9755 60.9986 8
    endloop
  endfacet
  facet normal 0.259191 -0.965826 0
    outer loop
      vertex 17.0817 61.0271 8
      vertex 16.9755 60.9986 2
      vertex 17.0817 61.0271 2
    endloop
  endfacet
  facet normal -0.965826 0.259191 0
    outer loop
      vertex 18.2986 59.6755 2
      vertex 18.3271 59.7817 8
      vertex 18.3271 59.7817 2
    endloop
  endfacet
  facet normal -0.965826 0.259191 0
    outer loop
      vertex 18.3271 59.7817 8
      vertex 18.2986 59.6755 2
      vertex 18.2986 59.6755 8
    endloop
  endfacet
  facet normal -0.155682 0.987807 0
    outer loop
      vertex 17.5183 58.9729 2
      vertex 17.4098 58.9558 8
      vertex 17.5183 58.9729 8
    endloop
  endfacet
  facet normal -0.155682 0.987807 0
    outer loop
      vertex 17.4098 58.9558 8
      vertex 17.5183 58.9729 2
      vertex 17.4098 58.9558 2
    endloop
  endfacet
  facet normal -0.965826 -0.259191 0
    outer loop
      vertex 18.3271 60.2183 2
      vertex 18.2986 60.3245 8
      vertex 18.2986 60.3245 2
    endloop
  endfacet
  facet normal -0.965826 -0.259191 0
    outer loop
      vertex 18.2986 60.3245 8
      vertex 18.3271 60.2183 2
      vertex 18.3271 60.2183 8
    endloop
  endfacet
  facet normal -0.987807 -0.155682 0
    outer loop
      vertex 18.3442 60.1098 2
      vertex 18.3271 60.2183 8
      vertex 18.3271 60.2183 2
    endloop
  endfacet
  facet normal -0.987807 -0.155682 0
    outer loop
      vertex 18.3271 60.2183 8
      vertex 18.3442 60.1098 2
      vertex 18.3442 60.1098 8
    endloop
  endfacet
  facet normal -0.933533 -0.358491 0
    outer loop
      vertex 18.2986 60.3245 2
      vertex 18.2592 60.4271 8
      vertex 18.2592 60.4271 2
    endloop
  endfacet
  facet normal -0.933533 -0.358491 0
    outer loop
      vertex 18.2592 60.4271 8
      vertex 18.2986 60.3245 2
      vertex 18.2986 60.3245 8
    endloop
  endfacet
  facet normal -0.776948 -0.629565 0
    outer loop
      vertex 18.1495 60.6172 2
      vertex 18.0803 60.7026 8
      vertex 18.0803 60.7026 2
    endloop
  endfacet
  facet normal -0.776948 -0.629565 0
    outer loop
      vertex 18.0803 60.7026 8
      vertex 18.1495 60.6172 2
      vertex 18.1495 60.6172 8
    endloop
  endfacet
  facet normal -0.838984 -0.544156 0
    outer loop
      vertex 18.2093 60.525 2
      vertex 18.1495 60.6172 8
      vertex 18.1495 60.6172 2
    endloop
  endfacet
  facet normal -0.838984 -0.544156 0
    outer loop
      vertex 18.1495 60.6172 8
      vertex 18.2093 60.525 2
      vertex 18.2093 60.525 8
    endloop
  endfacet
  facet normal -0.155682 -0.987807 0
    outer loop
      vertex 17.4098 61.0442 2
      vertex 17.5183 61.0271 8
      vertex 17.4098 61.0442 8
    endloop
  endfacet
  facet normal -0.155682 -0.987807 -0
    outer loop
      vertex 17.5183 61.0271 8
      vertex 17.4098 61.0442 2
      vertex 17.5183 61.0271 2
    endloop
  endfacet
  facet normal -0.259191 -0.965826 0
    outer loop
      vertex 17.5183 61.0271 2
      vertex 17.6245 60.9986 8
      vertex 17.5183 61.0271 8
    endloop
  endfacet
  facet normal -0.259191 -0.965826 -0
    outer loop
      vertex 17.6245 60.9986 8
      vertex 17.5183 61.0271 2
      vertex 17.6245 60.9986 2
    endloop
  endfacet
  facet normal -0.0527498 -0.998608 0
    outer loop
      vertex 17.3 61.05 2
      vertex 17.4098 61.0442 8
      vertex 17.3 61.05 8
    endloop
  endfacet
  facet normal -0.0527498 -0.998608 -0
    outer loop
      vertex 17.4098 61.0442 8
      vertex 17.3 61.05 2
      vertex 17.4098 61.0442 2
    endloop
  endfacet
  facet normal -0.454117 -0.890942 0
    outer loop
      vertex 17.7271 60.9592 2
      vertex 17.825 60.9093 8
      vertex 17.7271 60.9592 8
    endloop
  endfacet
  facet normal -0.454117 -0.890942 -0
    outer loop
      vertex 17.825 60.9093 8
      vertex 17.7271 60.9592 2
      vertex 17.825 60.9093 2
    endloop
  endfacet
  facet normal -0.629565 -0.776948 0
    outer loop
      vertex 17.9172 60.8495 2
      vertex 18.0026 60.7803 8
      vertex 17.9172 60.8495 8
    endloop
  endfacet
  facet normal -0.629565 -0.776948 -0
    outer loop
      vertex 18.0026 60.7803 8
      vertex 17.9172 60.8495 2
      vertex 18.0026 60.7803 2
    endloop
  endfacet
  facet normal 0.838984 -0.544156 0
    outer loop
      vertex 16.3907 60.525 8
      vertex 16.4505 60.6172 2
      vertex 16.4505 60.6172 8
    endloop
  endfacet
  facet normal 0.838984 -0.544156 0
    outer loop
      vertex 16.4505 60.6172 2
      vertex 16.3907 60.525 8
      vertex 16.3907 60.525 2
    endloop
  endfacet
  facet normal 0.776948 -0.629565 0
    outer loop
      vertex 16.4505 60.6172 8
      vertex 16.5197 60.7026 2
      vertex 16.5197 60.7026 8
    endloop
  endfacet
  facet normal 0.776948 -0.629565 0
    outer loop
      vertex 16.5197 60.7026 2
      vertex 16.4505 60.6172 8
      vertex 16.4505 60.6172 2
    endloop
  endfacet
  facet normal 0.890942 -0.454117 0
    outer loop
      vertex 16.3408 60.4271 8
      vertex 16.3907 60.525 2
      vertex 16.3907 60.525 8
    endloop
  endfacet
  facet normal 0.890942 -0.454117 0
    outer loop
      vertex 16.3907 60.525 2
      vertex 16.3408 60.4271 8
      vertex 16.3408 60.4271 2
    endloop
  endfacet
  facet normal 0.987807 -0.155682 0
    outer loop
      vertex 16.2558 60.1098 8
      vertex 16.2729 60.2183 2
      vertex 16.2729 60.2183 8
    endloop
  endfacet
  facet normal 0.987807 -0.155682 0
    outer loop
      vertex 16.2729 60.2183 2
      vertex 16.2558 60.1098 8
      vertex 16.2558 60.1098 2
    endloop
  endfacet
  facet normal 0.544156 -0.838984 0
    outer loop
      vertex 16.6828 60.8495 2
      vertex 16.775 60.9093 8
      vertex 16.6828 60.8495 8
    endloop
  endfacet
  facet normal 0.544156 -0.838984 0
    outer loop
      vertex 16.775 60.9093 8
      vertex 16.6828 60.8495 2
      vertex 16.775 60.9093 2
    endloop
  endfacet
  facet normal 0.629565 -0.776948 0
    outer loop
      vertex 16.5974 60.7803 2
      vertex 16.6828 60.8495 8
      vertex 16.5974 60.7803 8
    endloop
  endfacet
  facet normal 0.629565 -0.776948 0
    outer loop
      vertex 16.6828 60.8495 8
      vertex 16.5974 60.7803 2
      vertex 16.6828 60.8495 2
    endloop
  endfacet
  facet normal 0.358491 -0.933533 0
    outer loop
      vertex 16.8729 60.9592 2
      vertex 16.9755 60.9986 8
      vertex 16.8729 60.9592 8
    endloop
  endfacet
  facet normal 0.358491 -0.933533 0
    outer loop
      vertex 16.9755 60.9986 8
      vertex 16.8729 60.9592 2
      vertex 16.9755 60.9986 2
    endloop
  endfacet
  facet normal 0.155682 -0.987807 0
    outer loop
      vertex 17.0817 61.0271 2
      vertex 17.1902 61.0442 8
      vertex 17.0817 61.0271 8
    endloop
  endfacet
  facet normal 0.155682 -0.987807 0
    outer loop
      vertex 17.1902 61.0442 8
      vertex 17.0817 61.0271 2
      vertex 17.1902 61.0442 2
    endloop
  endfacet
  facet normal -0.707107 0.707107 0
    outer loop
      vertex 18.0026 59.2197 2
      vertex 18.0803 59.2974 8
      vertex 18.0803 59.2974 2
    endloop
  endfacet
  facet normal -0.707107 0.707107 0
    outer loop
      vertex 18.0803 59.2974 8
      vertex 18.0026 59.2197 2
      vertex 18.0026 59.2197 8
    endloop
  endfacet
  facet normal -0.987807 0.155682 0
    outer loop
      vertex 18.3271 59.7817 2
      vertex 18.3442 59.8902 8
      vertex 18.3442 59.8902 2
    endloop
  endfacet
  facet normal -0.987807 0.155682 0
    outer loop
      vertex 18.3442 59.8902 8
      vertex 18.3271 59.7817 2
      vertex 18.3271 59.7817 8
    endloop
  endfacet
  facet normal -0.998608 0.0527498 0
    outer loop
      vertex 18.3442 59.8902 2
      vertex 18.35 60 8
      vertex 18.35 60 2
    endloop
  endfacet
  facet normal -0.998608 0.0527498 0
    outer loop
      vertex 18.35 60 8
      vertex 18.3442 59.8902 2
      vertex 18.3442 59.8902 8
    endloop
  endfacet
  facet normal -0.890942 0.454117 0
    outer loop
      vertex 18.2093 59.475 2
      vertex 18.2592 59.5729 8
      vertex 18.2592 59.5729 2
    endloop
  endfacet
  facet normal -0.890942 0.454117 0
    outer loop
      vertex 18.2592 59.5729 8
      vertex 18.2093 59.475 2
      vertex 18.2093 59.475 8
    endloop
  endfacet
  facet normal -0.776948 0.629565 0
    outer loop
      vertex 18.0803 59.2974 2
      vertex 18.1495 59.3828 8
      vertex 18.1495 59.3828 2
    endloop
  endfacet
  facet normal -0.776948 0.629565 0
    outer loop
      vertex 18.1495 59.3828 8
      vertex 18.0803 59.2974 2
      vertex 18.0803 59.2974 8
    endloop
  endfacet
  facet normal 0.776948 0.629565 0
    outer loop
      vertex 16.5197 59.2974 8
      vertex 16.4505 59.3828 2
      vertex 16.4505 59.3828 8
    endloop
  endfacet
  facet normal 0.776948 0.629565 0
    outer loop
      vertex 16.4505 59.3828 2
      vertex 16.5197 59.2974 8
      vertex 16.5197 59.2974 2
    endloop
  endfacet
  facet normal 0.965826 0.259191 0
    outer loop
      vertex 16.3014 59.6755 8
      vertex 16.2729 59.7817 2
      vertex 16.2729 59.7817 8
    endloop
  endfacet
  facet normal 0.965826 0.259191 0
    outer loop
      vertex 16.2729 59.7817 2
      vertex 16.3014 59.6755 8
      vertex 16.3014 59.6755 2
    endloop
  endfacet
  facet normal -0.358491 0.933533 0
    outer loop
      vertex 17.7271 59.0408 2
      vertex 17.6245 59.0014 8
      vertex 17.7271 59.0408 8
    endloop
  endfacet
  facet normal -0.358491 0.933533 0
    outer loop
      vertex 17.6245 59.0014 8
      vertex 17.7271 59.0408 2
      vertex 17.6245 59.0014 2
    endloop
  endfacet
  facet normal -0.259191 0.965826 0
    outer loop
      vertex 17.6245 59.0014 2
      vertex 17.5183 58.9729 8
      vertex 17.6245 59.0014 8
    endloop
  endfacet
  facet normal -0.259191 0.965826 0
    outer loop
      vertex 17.5183 58.9729 8
      vertex 17.6245 59.0014 2
      vertex 17.5183 58.9729 2
    endloop
  endfacet
  facet normal -0.629565 0.776948 0
    outer loop
      vertex 18.0026 59.2197 2
      vertex 17.9172 59.1505 8
      vertex 18.0026 59.2197 8
    endloop
  endfacet
  facet normal -0.629565 0.776948 0
    outer loop
      vertex 17.9172 59.1505 8
      vertex 18.0026 59.2197 2
      vertex 17.9172 59.1505 2
    endloop
  endfacet
  facet normal -0.544156 0.838984 0
    outer loop
      vertex 17.9172 59.1505 2
      vertex 17.825 59.0907 8
      vertex 17.9172 59.1505 8
    endloop
  endfacet
  facet normal -0.544156 0.838984 0
    outer loop
      vertex 17.825 59.0907 8
      vertex 17.9172 59.1505 2
      vertex 17.825 59.0907 2
    endloop
  endfacet
  facet normal -0.933533 0.358491 0
    outer loop
      vertex 18.2592 59.5729 2
      vertex 18.2986 59.6755 8
      vertex 18.2986 59.6755 2
    endloop
  endfacet
  facet normal -0.933533 0.358491 0
    outer loop
      vertex 18.2986 59.6755 8
      vertex 18.2592 59.5729 2
      vertex 18.2592 59.5729 8
    endloop
  endfacet
  facet normal 0.0527498 0.998608 -0
    outer loop
      vertex 17.3 58.95 2
      vertex 17.1902 58.9558 8
      vertex 17.3 58.95 8
    endloop
  endfacet
  facet normal 0.0527498 0.998608 0
    outer loop
      vertex 17.1902 58.9558 8
      vertex 17.3 58.95 2
      vertex 17.1902 58.9558 2
    endloop
  endfacet
  facet normal 0.155682 0.987807 -0
    outer loop
      vertex 17.1902 58.9558 2
      vertex 17.0817 58.9729 8
      vertex 17.1902 58.9558 8
    endloop
  endfacet
  facet normal 0.155682 0.987807 0
    outer loop
      vertex 17.0817 58.9729 8
      vertex 17.1902 58.9558 2
      vertex 17.0817 58.9729 2
    endloop
  endfacet
  facet normal 0.838984 0.544156 0
    outer loop
      vertex 16.4505 59.3828 8
      vertex 16.3907 59.475 2
      vertex 16.3907 59.475 8
    endloop
  endfacet
  facet normal 0.838984 0.544156 0
    outer loop
      vertex 16.3907 59.475 2
      vertex 16.4505 59.3828 8
      vertex 16.4505 59.3828 2
    endloop
  endfacet
  facet normal 0.707107 0.707107 0
    outer loop
      vertex 16.5974 59.2197 8
      vertex 16.5197 59.2974 2
      vertex 16.5197 59.2974 8
    endloop
  endfacet
  facet normal 0.707107 0.707107 0
    outer loop
      vertex 16.5197 59.2974 2
      vertex 16.5974 59.2197 8
      vertex 16.5974 59.2197 2
    endloop
  endfacet
  facet normal 0.933533 0.358491 0
    outer loop
      vertex 16.3408 59.5729 8
      vertex 16.3014 59.6755 2
      vertex 16.3014 59.6755 8
    endloop
  endfacet
  facet normal 0.933533 0.358491 0
    outer loop
      vertex 16.3014 59.6755 2
      vertex 16.3408 59.5729 8
      vertex 16.3408 59.5729 2
    endloop
  endfacet
  facet normal 0.987807 0.155682 0
    outer loop
      vertex 16.2729 59.7817 8
      vertex 16.2558 59.8902 2
      vertex 16.2558 59.8902 8
    endloop
  endfacet
  facet normal 0.987807 0.155682 0
    outer loop
      vertex 16.2558 59.8902 2
      vertex 16.2729 59.7817 8
      vertex 16.2729 59.7817 2
    endloop
  endfacet
  facet normal 0.998608 0.0527498 0
    outer loop
      vertex 16.2558 59.8902 8
      vertex 16.25 60 2
      vertex 16.25 60 8
    endloop
  endfacet
  facet normal 0.998608 0.0527498 0
    outer loop
      vertex 16.25 60 2
      vertex 16.2558 59.8902 8
      vertex 16.2558 59.8902 2
    endloop
  endfacet
  facet normal -0.454117 0.890942 0
    outer loop
      vertex 17.825 59.0907 2
      vertex 17.7271 59.0408 8
      vertex 17.825 59.0907 8
    endloop
  endfacet
  facet normal -0.454117 0.890942 0
    outer loop
      vertex 17.7271 59.0408 8
      vertex 17.825 59.0907 2
      vertex 17.7271 59.0408 2
    endloop
  endfacet
  facet normal 0.629565 0.776948 -0
    outer loop
      vertex 16.6828 59.1505 2
      vertex 16.5974 59.2197 8
      vertex 16.6828 59.1505 8
    endloop
  endfacet
  facet normal 0.629565 0.776948 0
    outer loop
      vertex 16.5974 59.2197 8
      vertex 16.6828 59.1505 2
      vertex 16.5974 59.2197 2
    endloop
  endfacet
  facet normal 0.259191 0.965826 -0
    outer loop
      vertex 17.0817 58.9729 2
      vertex 16.9755 59.0014 8
      vertex 17.0817 58.9729 8
    endloop
  endfacet
  facet normal 0.259191 0.965826 0
    outer loop
      vertex 16.9755 59.0014 8
      vertex 17.0817 58.9729 2
      vertex 16.9755 59.0014 2
    endloop
  endfacet
  facet normal 0.890942 0.454117 0
    outer loop
      vertex 16.3907 59.475 8
      vertex 16.3408 59.5729 2
      vertex 16.3408 59.5729 8
    endloop
  endfacet
  facet normal 0.890942 0.454117 0
    outer loop
      vertex 16.3408 59.5729 2
      vertex 16.3907 59.475 8
      vertex 16.3907 59.475 2
    endloop
  endfacet
  facet normal 0.358491 0.933533 -0
    outer loop
      vertex 16.9755 59.0014 2
      vertex 16.8729 59.0408 8
      vertex 16.9755 59.0014 8
    endloop
  endfacet
  facet normal 0.358491 0.933533 0
    outer loop
      vertex 16.8729 59.0408 8
      vertex 16.9755 59.0014 2
      vertex 16.8729 59.0408 2
    endloop
  endfacet
  facet normal 0.454117 0.890942 -0
    outer loop
      vertex 16.8729 59.0408 2
      vertex 16.775 59.0907 8
      vertex 16.8729 59.0408 8
    endloop
  endfacet
  facet normal 0.454117 0.890942 0
    outer loop
      vertex 16.775 59.0907 8
      vertex 16.8729 59.0408 2
      vertex 16.775 59.0907 2
    endloop
  endfacet
  facet normal 0.544156 0.838984 -0
    outer loop
      vertex 16.775 59.0907 2
      vertex 16.6828 59.1505 8
      vertex 16.775 59.0907 8
    endloop
  endfacet
  facet normal 0.544156 0.838984 0
    outer loop
      vertex 16.6828 59.1505 8
      vertex 16.775 59.0907 2
      vertex 16.6828 59.1505 2
    endloop
  endfacet
  facet normal 0.998628 0.0523582 0
    outer loop
      vertex 65.2 60 8
      vertex 65.1863 60.2613 2
      vertex 65.1863 60.2613 8
    endloop
  endfacet
  facet normal 0.998628 0.0523582 0
    outer loop
      vertex 65.1863 60.2613 2
      vertex 65.2 60 8
      vertex 65.2 60 2
    endloop
  endfacet
  facet normal -0.998628 0.0523582 0
    outer loop
      vertex 60.2 60 2
      vertex 60.2137 60.2613 8
      vertex 60.2137 60.2613 2
    endloop
  endfacet
  facet normal -0.998628 0.0523582 0
    outer loop
      vertex 60.2137 60.2613 8
      vertex 60.2 60 2
      vertex 60.2 60 8
    endloop
  endfacet
  facet normal 0.0523582 0.998628 -0
    outer loop
      vertex 62.9613 62.4863 2
      vertex 62.7 62.5 8
      vertex 62.9613 62.4863 8
    endloop
  endfacet
  facet normal 0.0523582 0.998628 0
    outer loop
      vertex 62.7 62.5 8
      vertex 62.9613 62.4863 2
      vertex 62.7 62.5 2
    endloop
  endfacet
  facet normal -0.0523582 -0.998628 0
    outer loop
      vertex 62.4387 57.5137 2
      vertex 62.7 57.5 8
      vertex 62.4387 57.5137 8
    endloop
  endfacet
  facet normal -0.0523582 -0.998628 -0
    outer loop
      vertex 62.7 57.5 8
      vertex 62.4387 57.5137 2
      vertex 62.7 57.5 2
    endloop
  endfacet
  facet normal 0.707107 0.707107 0
    outer loop
      vertex 64.5579 61.6728 8
      vertex 64.3728 61.8579 2
      vertex 64.3728 61.8579 8
    endloop
  endfacet
  facet normal 0.707107 0.707107 0
    outer loop
      vertex 64.3728 61.8579 2
      vertex 64.5579 61.6728 8
      vertex 64.5579 61.6728 2
    endloop
  endfacet
  facet normal -0.629253 0.7772 0
    outer loop
      vertex 61.2305 62.0225 2
      vertex 61.0272 61.8579 8
      vertex 61.2305 62.0225 8
    endloop
  endfacet
  facet normal -0.629253 0.7772 0
    outer loop
      vertex 61.0272 61.8579 8
      vertex 61.2305 62.0225 2
      vertex 61.0272 61.8579 2
    endloop
  endfacet
  facet normal -0.358108 0.93368 0
    outer loop
      vertex 61.9275 62.3776 2
      vertex 61.6832 62.2839 8
      vertex 61.9275 62.3776 8
    endloop
  endfacet
  facet normal -0.358108 0.93368 0
    outer loop
      vertex 61.6832 62.2839 8
      vertex 61.9275 62.3776 2
      vertex 61.6832 62.2839 2
    endloop
  endfacet
  facet normal -0.965841 -0.259137 0
    outer loop
      vertex 60.3224 59.2275 2
      vertex 60.2546 59.4802 8
      vertex 60.2546 59.4802 2
    endloop
  endfacet
  facet normal -0.965841 -0.259137 0
    outer loop
      vertex 60.2546 59.4802 8
      vertex 60.3224 59.2275 2
      vertex 60.3224 59.2275 8
    endloop
  endfacet
  facet normal 0.891039 0.453926 0
    outer loop
      vertex 64.9839 61.0168 8
      vertex 64.8651 61.25 2
      vertex 64.8651 61.25 8
    endloop
  endfacet
  facet normal 0.891039 0.453926 0
    outer loop
      vertex 64.8651 61.25 2
      vertex 64.9839 61.0168 8
      vertex 64.9839 61.0168 2
    endloop
  endfacet
  facet normal 0.453926 0.891039 -0
    outer loop
      vertex 63.95 62.1651 2
      vertex 63.7168 62.2839 8
      vertex 63.95 62.1651 8
    endloop
  endfacet
  facet normal 0.453926 0.891039 0
    outer loop
      vertex 63.7168 62.2839 8
      vertex 63.95 62.1651 2
      vertex 63.7168 62.2839 2
    endloop
  endfacet
  facet normal 0.544787 0.838575 -0
    outer loop
      vertex 64.1695 62.0225 2
      vertex 63.95 62.1651 8
      vertex 64.1695 62.0225 8
    endloop
  endfacet
  facet normal 0.544787 0.838575 0
    outer loop
      vertex 63.95 62.1651 8
      vertex 64.1695 62.0225 2
      vertex 63.95 62.1651 2
    endloop
  endfacet
  facet normal -0.838575 0.544787 0
    outer loop
      vertex 60.5349 61.25 2
      vertex 60.6775 61.4695 8
      vertex 60.6775 61.4695 2
    endloop
  endfacet
  facet normal -0.838575 0.544787 0
    outer loop
      vertex 60.6775 61.4695 8
      vertex 60.5349 61.25 2
      vertex 60.5349 61.25 8
    endloop
  endfacet
  facet normal -0.7772 0.629253 0
    outer loop
      vertex 60.6775 61.4695 2
      vertex 60.8421 61.6728 8
      vertex 60.8421 61.6728 2
    endloop
  endfacet
  facet normal -0.7772 0.629253 0
    outer loop
      vertex 60.8421 61.6728 8
      vertex 60.6775 61.4695 2
      vertex 60.6775 61.4695 8
    endloop
  endfacet
  facet normal -0.453926 0.891039 0
    outer loop
      vertex 61.6832 62.2839 2
      vertex 61.45 62.1651 8
      vertex 61.6832 62.2839 8
    endloop
  endfacet
  facet normal -0.453926 0.891039 0
    outer loop
      vertex 61.45 62.1651 8
      vertex 61.6832 62.2839 2
      vertex 61.45 62.1651 2
    endloop
  endfacet
  facet normal -0.156277 0.987713 0
    outer loop
      vertex 62.4387 62.4863 2
      vertex 62.1802 62.4454 8
      vertex 62.4387 62.4863 8
    endloop
  endfacet
  facet normal -0.156277 0.987713 0
    outer loop
      vertex 62.1802 62.4454 8
      vertex 62.4387 62.4863 2
      vertex 62.1802 62.4454 2
    endloop
  endfacet
  facet normal 0.891039 -0.453926 0
    outer loop
      vertex 64.8651 58.75 8
      vertex 64.9839 58.9832 2
      vertex 64.9839 58.9832 8
    endloop
  endfacet
  facet normal 0.891039 -0.453926 0
    outer loop
      vertex 64.9839 58.9832 2
      vertex 64.8651 58.75 8
      vertex 64.8651 58.75 2
    endloop
  endfacet
  facet normal 0.259137 -0.965841 0
    outer loop
      vertex 63.2198 57.5546 2
      vertex 63.4725 57.6224 8
      vertex 63.2198 57.5546 8
    endloop
  endfacet
  facet normal 0.259137 -0.965841 0
    outer loop
      vertex 63.4725 57.6224 8
      vertex 63.2198 57.5546 2
      vertex 63.4725 57.6224 2
    endloop
  endfacet
  facet normal 0.707107 -0.707107 0
    outer loop
      vertex 64.3728 58.1421 8
      vertex 64.5579 58.3272 2
      vertex 64.5579 58.3272 8
    endloop
  endfacet
  facet normal 0.707107 -0.707107 0
    outer loop
      vertex 64.5579 58.3272 2
      vertex 64.3728 58.1421 8
      vertex 64.3728 58.1421 2
    endloop
  endfacet
  facet normal 0.965841 -0.259137 0
    outer loop
      vertex 65.0776 59.2275 8
      vertex 65.1454 59.4802 2
      vertex 65.1454 59.4802 8
    endloop
  endfacet
  facet normal 0.965841 -0.259137 0
    outer loop
      vertex 65.1454 59.4802 2
      vertex 65.0776 59.2275 8
      vertex 65.0776 59.2275 2
    endloop
  endfacet
  facet normal -0.358108 -0.93368 0
    outer loop
      vertex 61.6832 57.7161 2
      vertex 61.9275 57.6224 8
      vertex 61.6832 57.7161 8
    endloop
  endfacet
  facet normal -0.358108 -0.93368 -0
    outer loop
      vertex 61.9275 57.6224 8
      vertex 61.6832 57.7161 2
      vertex 61.9275 57.6224 2
    endloop
  endfacet
  facet normal -0.891039 -0.453926 0
    outer loop
      vertex 60.5349 58.75 2
      vertex 60.4161 58.9832 8
      vertex 60.4161 58.9832 2
    endloop
  endfacet
  facet normal -0.891039 -0.453926 0
    outer loop
      vertex 60.4161 58.9832 8
      vertex 60.5349 58.75 2
      vertex 60.5349 58.75 8
    endloop
  endfacet
  facet normal -0.838575 -0.544787 0
    outer loop
      vertex 60.6775 58.5305 2
      vertex 60.5349 58.75 8
      vertex 60.5349 58.75 2
    endloop
  endfacet
  facet normal -0.838575 -0.544787 0
    outer loop
      vertex 60.5349 58.75 8
      vertex 60.6775 58.5305 2
      vertex 60.6775 58.5305 8
    endloop
  endfacet
  facet normal 0.965841 0.259137 0
    outer loop
      vertex 65.1454 60.5198 8
      vertex 65.0776 60.7725 2
      vertex 65.0776 60.7725 8
    endloop
  endfacet
  facet normal 0.965841 0.259137 0
    outer loop
      vertex 65.0776 60.7725 2
      vertex 65.1454 60.5198 8
      vertex 65.1454 60.5198 2
    endloop
  endfacet
  facet normal 0.987713 0.156277 0
    outer loop
      vertex 65.1863 60.2613 8
      vertex 65.1454 60.5198 2
      vertex 65.1454 60.5198 8
    endloop
  endfacet
  facet normal 0.987713 0.156277 0
    outer loop
      vertex 65.1454 60.5198 2
      vertex 65.1863 60.2613 8
      vertex 65.1863 60.2613 2
    endloop
  endfacet
  facet normal 0.93368 0.358108 0
    outer loop
      vertex 65.0776 60.7725 8
      vertex 64.9839 61.0168 2
      vertex 64.9839 61.0168 8
    endloop
  endfacet
  facet normal 0.93368 0.358108 0
    outer loop
      vertex 64.9839 61.0168 2
      vertex 65.0776 60.7725 8
      vertex 65.0776 60.7725 2
    endloop
  endfacet
  facet normal 0.7772 0.629253 0
    outer loop
      vertex 64.7225 61.4695 8
      vertex 64.5579 61.6728 2
      vertex 64.5579 61.6728 8
    endloop
  endfacet
  facet normal 0.7772 0.629253 0
    outer loop
      vertex 64.5579 61.6728 2
      vertex 64.7225 61.4695 8
      vertex 64.7225 61.4695 2
    endloop
  endfacet
  facet normal 0.838575 0.544787 0
    outer loop
      vertex 64.8651 61.25 8
      vertex 64.7225 61.4695 2
      vertex 64.7225 61.4695 8
    endloop
  endfacet
  facet normal 0.838575 0.544787 0
    outer loop
      vertex 64.7225 61.4695 2
      vertex 64.8651 61.25 8
      vertex 64.8651 61.25 2
    endloop
  endfacet
  facet normal 0.259137 0.965841 -0
    outer loop
      vertex 63.4725 62.3776 2
      vertex 63.2198 62.4454 8
      vertex 63.4725 62.3776 8
    endloop
  endfacet
  facet normal 0.259137 0.965841 0
    outer loop
      vertex 63.2198 62.4454 8
      vertex 63.4725 62.3776 2
      vertex 63.2198 62.4454 2
    endloop
  endfacet
  facet normal 0.156277 0.987713 -0
    outer loop
      vertex 63.2198 62.4454 2
      vertex 62.9613 62.4863 8
      vertex 63.2198 62.4454 8
    endloop
  endfacet
  facet normal 0.156277 0.987713 0
    outer loop
      vertex 62.9613 62.4863 8
      vertex 63.2198 62.4454 2
      vertex 62.9613 62.4863 2
    endloop
  endfacet
  facet normal 0.629253 0.7772 -0
    outer loop
      vertex 64.3728 61.8579 2
      vertex 64.1695 62.0225 8
      vertex 64.3728 61.8579 8
    endloop
  endfacet
  facet normal 0.629253 0.7772 0
    outer loop
      vertex 64.1695 62.0225 8
      vertex 64.3728 61.8579 2
      vertex 64.1695 62.0225 2
    endloop
  endfacet
  facet normal -0.965841 0.259137 0
    outer loop
      vertex 60.2546 60.5198 2
      vertex 60.3224 60.7725 8
      vertex 60.3224 60.7725 2
    endloop
  endfacet
  facet normal -0.965841 0.259137 0
    outer loop
      vertex 60.3224 60.7725 8
      vertex 60.2546 60.5198 2
      vertex 60.2546 60.5198 8
    endloop
  endfacet
  facet normal -0.891039 0.453926 0
    outer loop
      vertex 60.4161 61.0168 2
      vertex 60.5349 61.25 8
      vertex 60.5349 61.25 2
    endloop
  endfacet
  facet normal -0.891039 0.453926 0
    outer loop
      vertex 60.5349 61.25 8
      vertex 60.4161 61.0168 2
      vertex 60.4161 61.0168 8
    endloop
  endfacet
  facet normal -0.987713 0.156277 0
    outer loop
      vertex 60.2137 60.2613 2
      vertex 60.2546 60.5198 8
      vertex 60.2546 60.5198 2
    endloop
  endfacet
  facet normal -0.987713 0.156277 0
    outer loop
      vertex 60.2546 60.5198 8
      vertex 60.2137 60.2613 2
      vertex 60.2137 60.2613 8
    endloop
  endfacet
  facet normal 0 0 1
    outer loop
      vertex 63.75 60 8
      vertex 65.2 60 8
      vertex 65.1863 60.2613 8
    endloop
  endfacet
  facet normal 0 0 1
    outer loop
      vertex 63.7442 60.1098 8
      vertex 65.1863 60.2613 8
      vertex 65.1454 60.5198 8
    endloop
  endfacet
  facet normal 0 0 1
    outer loop
      vertex 65.2 60 8
      vertex 63.75 60 8
      vertex 65.1863 59.7387 8
    endloop
  endfacet
  facet normal 0 0 1
    outer loop
      vertex 63.7271 60.2183 8
      vertex 65.1454 60.5198 8
      vertex 65.0776 60.7725 8
    endloop
  endfacet
  facet normal -0 0 1
    outer loop
      vertex 63.7442 59.8902 8
      vertex 65.1863 59.7387 8
      vertex 63.75 60 8
    endloop
  endfacet
  facet normal 0 0 1
    outer loop
      vertex 63.6986 60.3245 8
      vertex 65.0776 60.7725 8
      vertex 64.9839 61.0168 8
    endloop
  endfacet
  facet normal 0 0 1
    outer loop
      vertex 65.1863 59.7387 8
      vertex 63.7442 59.8902 8
      vertex 65.1454 59.4802 8
    endloop
  endfacet
  facet normal 0 0 1
    outer loop
      vertex 63.6592 60.4271 8
      vertex 64.9839 61.0168 8
      vertex 64.8651 61.25 8
    endloop
  endfacet
  facet normal -0 0 1
    outer loop
      vertex 63.7271 59.7817 8
      vertex 65.1454 59.4802 8
      vertex 63.7442 59.8902 8
    endloop
  endfacet
  facet normal 0 0 1
    outer loop
      vertex 63.6093 60.525 8
      vertex 64.8651 61.25 8
      vertex 64.7225 61.4695 8
    endloop
  endfacet
  facet normal 0 0 1
    outer loop
      vertex 65.1454 59.4802 8
      vertex 63.7271 59.7817 8
      vertex 65.0776 59.2275 8
    endloop
  endfacet
  facet normal 0 0 1
    outer loop
      vertex 63.5495 60.6172 8
      vertex 64.7225 61.4695 8
      vertex 64.5579 61.6728 8
    endloop
  endfacet
  facet normal -0 0 1
    outer loop
      vertex 63.6986 59.6755 8
      vertex 65.0776 59.2275 8
      vertex 63.7271 59.7817 8
    endloop
  endfacet
  facet normal 0 0 1
    outer loop
      vertex 63.4803 60.7026 8
      vertex 64.5579 61.6728 8
      vertex 64.3728 61.8579 8
    endloop
  endfacet
  facet normal 0 0 1
    outer loop
      vertex 65.0776 59.2275 8
      vertex 63.6986 59.6755 8
      vertex 64.9839 58.9832 8
    endloop
  endfacet
  facet normal 0 0 1
    outer loop
      vertex 63.4026 60.7803 8
      vertex 64.3728 61.8579 8
      vertex 64.1695 62.0225 8
    endloop
  endfacet
  facet normal -0 0 1
    outer loop
      vertex 63.6592 59.5729 8
      vertex 64.9839 58.9832 8
      vertex 63.6986 59.6755 8
    endloop
  endfacet
  facet normal 0 0 1
    outer loop
      vertex 63.3172 60.8495 8
      vertex 64.1695 62.0225 8
      vertex 63.95 62.1651 8
    endloop
  endfacet
  facet normal 0 0 1
    outer loop
      vertex 64.9839 58.9832 8
      vertex 63.6592 59.5729 8
      vertex 64.8651 58.75 8
    endloop
  endfacet
  facet normal -0 0 1
    outer loop
      vertex 63.6093 59.475 8
      vertex 64.8651 58.75 8
      vertex 63.6592 59.5729 8
    endloop
  endfacet
  facet normal 0 0 1
    outer loop
      vertex 65.1863 60.2613 8
      vertex 63.7442 60.1098 8
      vertex 63.75 60 8
    endloop
  endfacet
  facet normal 0 0 1
    outer loop
      vertex 65.1454 60.5198 8
      vertex 63.7271 60.2183 8
      vertex 63.7442 60.1098 8
    endloop
  endfacet
  facet normal 0 0 1
    outer loop
      vertex 63.225 60.9093 8
      vertex 63.95 62.1651 8
      vertex 63.7168 62.2839 8
    endloop
  endfacet
  facet normal 0 0 1
    outer loop
      vertex 65.0776 60.7725 8
      vertex 63.6986 60.3245 8
      vertex 63.7271 60.2183 8
    endloop
  endfacet
  facet normal 0 0 1
    outer loop
      vertex 64.9839 61.0168 8
      vertex 63.6592 60.4271 8
      vertex 63.6986 60.3245 8
    endloop
  endfacet
  facet normal 0 0 1
    outer loop
      vertex 64.8651 61.25 8
      vertex 63.6093 60.525 8
      vertex 63.6592 60.4271 8
    endloop
  endfacet
  facet normal 0 0 1
    outer loop
      vertex 64.7225 61.4695 8
      vertex 63.5495 60.6172 8
      vertex 63.6093 60.525 8
    endloop
  endfacet
  facet normal 0 0 1
    outer loop
      vertex 64.5579 61.6728 8
      vertex 63.4803 60.7026 8
      vertex 63.5495 60.6172 8
    endloop
  endfacet
  facet normal 0 0 1
    outer loop
      vertex 63.1271 60.9592 8
      vertex 63.7168 62.2839 8
      vertex 63.4725 62.3776 8
    endloop
  endfacet
  facet normal 0 0 1
    outer loop
      vertex 64.3728 61.8579 8
      vertex 63.4026 60.7803 8
      vertex 63.4803 60.7026 8
    endloop
  endfacet
  facet normal 0 0 1
    outer loop
      vertex 64.1695 62.0225 8
      vertex 63.3172 60.8495 8
      vertex 63.4026 60.7803 8
    endloop
  endfacet
  facet normal 0 0 1
    outer loop
      vertex 63.95 62.1651 8
      vertex 63.225 60.9093 8
      vertex 63.3172 60.8495 8
    endloop
  endfacet
  facet normal 0 0 1
    outer loop
      vertex 63.0245 60.9986 8
      vertex 63.4725 62.3776 8
      vertex 63.2198 62.4454 8
    endloop
  endfacet
  facet normal 0 0 1
    outer loop
      vertex 63.7168 62.2839 8
      vertex 63.1271 60.9592 8
      vertex 63.225 60.9093 8
    endloop
  endfacet
  facet normal 0 0 1
    outer loop
      vertex 63.4725 62.3776 8
      vertex 63.0245 60.9986 8
      vertex 63.1271 60.9592 8
    endloop
  endfacet
  facet normal 0 0 1
    outer loop
      vertex 62.9183 61.0271 8
      vertex 63.2198 62.4454 8
      vertex 62.9613 62.4863 8
    endloop
  endfacet
  facet normal 0 0 1
    outer loop
      vertex 63.2198 62.4454 8
      vertex 62.9183 61.0271 8
      vertex 63.0245 60.9986 8
    endloop
  endfacet
  facet normal 0 0 1
    outer loop
      vertex 62.9613 62.4863 8
      vertex 62.8098 61.0442 8
      vertex 62.9183 61.0271 8
    endloop
  endfacet
  facet normal 0 0 1
    outer loop
      vertex 62.7 62.5 8
      vertex 62.8098 61.0442 8
      vertex 62.9613 62.4863 8
    endloop
  endfacet
  facet normal 0 0 1
    outer loop
      vertex 62.7 62.5 8
      vertex 62.7 61.05 8
      vertex 62.8098 61.0442 8
    endloop
  endfacet
  facet normal 0 0 1
    outer loop
      vertex 62.7 62.5 8
      vertex 62.5902 61.0442 8
      vertex 62.7 61.05 8
    endloop
  endfacet
  facet normal -0 0 1
    outer loop
      vertex 62.4387 62.4863 8
      vertex 62.5902 61.0442 8
      vertex 62.7 62.5 8
    endloop
  endfacet
  facet normal 0 0 1
    outer loop
      vertex 62.5902 61.0442 8
      vertex 62.4387 62.4863 8
      vertex 62.4817 61.0271 8
    endloop
  endfacet
  facet normal -0 0 1
    outer loop
      vertex 62.1802 62.4454 8
      vertex 62.4817 61.0271 8
      vertex 62.4387 62.4863 8
    endloop
  endfacet
  facet normal 0 0 1
    outer loop
      vertex 62.4817 61.0271 8
      vertex 62.1802 62.4454 8
      vertex 62.3755 60.9986 8
    endloop
  endfacet
  facet normal -0 0 1
    outer loop
      vertex 61.9275 62.3776 8
      vertex 62.3755 60.9986 8
      vertex 62.1802 62.4454 8
    endloop
  endfacet
  facet normal 0 0 1
    outer loop
      vertex 62.3755 60.9986 8
      vertex 61.9275 62.3776 8
      vertex 62.2729 60.9592 8
    endloop
  endfacet
  facet normal -0 0 1
    outer loop
      vertex 61.6832 62.2839 8
      vertex 62.2729 60.9592 8
      vertex 61.9275 62.3776 8
    endloop
  endfacet
  facet normal 0 0 1
    outer loop
      vertex 62.2729 60.9592 8
      vertex 61.6832 62.2839 8
      vertex 62.175 60.9093 8
    endloop
  endfacet
  facet normal -0 0 1
    outer loop
      vertex 61.45 62.1651 8
      vertex 62.175 60.9093 8
      vertex 61.6832 62.2839 8
    endloop
  endfacet
  facet normal 0 0 1
    outer loop
      vertex 62.175 60.9093 8
      vertex 61.45 62.1651 8
      vertex 62.0828 60.8495 8
    endloop
  endfacet
  facet normal -0 0 1
    outer loop
      vertex 61.2305 62.0225 8
      vertex 62.0828 60.8495 8
      vertex 61.45 62.1651 8
    endloop
  endfacet
  facet normal 0 0 1
    outer loop
      vertex 62.0828 60.8495 8
      vertex 61.2305 62.0225 8
      vertex 61.9974 60.7803 8
    endloop
  endfacet
  facet normal -0 0 1
    outer loop
      vertex 61.0272 61.8579 8
      vertex 61.9974 60.7803 8
      vertex 61.2305 62.0225 8
    endloop
  endfacet
  facet normal 0 0 1
    outer loop
      vertex 61.9974 60.7803 8
      vertex 61.0272 61.8579 8
      vertex 61.9197 60.7026 8
    endloop
  endfacet
  facet normal -0 0 1
    outer loop
      vertex 60.8421 61.6728 8
      vertex 61.9197 60.7026 8
      vertex 61.0272 61.8579 8
    endloop
  endfacet
  facet normal 0 0 1
    outer loop
      vertex 61.9197 60.7026 8
      vertex 60.8421 61.6728 8
      vertex 61.8505 60.6172 8
    endloop
  endfacet
  facet normal -0 0 1
    outer loop
      vertex 60.6775 61.4695 8
      vertex 61.8505 60.6172 8
      vertex 60.8421 61.6728 8
    endloop
  endfacet
  facet normal 0 0 1
    outer loop
      vertex 61.8505 60.6172 8
      vertex 60.6775 61.4695 8
      vertex 61.7907 60.525 8
    endloop
  endfacet
  facet normal -0 0 1
    outer loop
      vertex 60.5349 61.25 8
      vertex 61.7907 60.525 8
      vertex 60.6775 61.4695 8
    endloop
  endfacet
  facet normal 0 0 1
    outer loop
      vertex 64.8651 58.75 8
      vertex 63.6093 59.475 8
      vertex 64.7225 58.5305 8
    endloop
  endfacet
  facet normal -0 0 1
    outer loop
      vertex 63.5495 59.3828 8
      vertex 64.7225 58.5305 8
      vertex 63.6093 59.475 8
    endloop
  endfacet
  facet normal 0 0 1
    outer loop
      vertex 64.7225 58.5305 8
      vertex 63.5495 59.3828 8
      vertex 64.5579 58.3272 8
    endloop
  endfacet
  facet normal -0 0 1
    outer loop
      vertex 63.4803 59.2974 8
      vertex 64.5579 58.3272 8
      vertex 63.5495 59.3828 8
    endloop
  endfacet
  facet normal 0 0 1
    outer loop
      vertex 64.5579 58.3272 8
      vertex 63.4803 59.2974 8
      vertex 64.3728 58.1421 8
    endloop
  endfacet
  facet normal -0 0 1
    outer loop
      vertex 63.4026 59.2197 8
      vertex 64.3728 58.1421 8
      vertex 63.4803 59.2974 8
    endloop
  endfacet
  facet normal 0 0 1
    outer loop
      vertex 64.3728 58.1421 8
      vertex 63.4026 59.2197 8
      vertex 64.1695 57.9775 8
    endloop
  endfacet
  facet normal -0 0 1
    outer loop
      vertex 63.3172 59.1505 8
      vertex 64.1695 57.9775 8
      vertex 63.4026 59.2197 8
    endloop
  endfacet
  facet normal 0 0 1
    outer loop
      vertex 64.1695 57.9775 8
      vertex 63.3172 59.1505 8
      vertex 63.95 57.8349 8
    endloop
  endfacet
  facet normal -0 0 1
    outer loop
      vertex 63.225 59.0907 8
      vertex 63.95 57.8349 8
      vertex 63.3172 59.1505 8
    endloop
  endfacet
  facet normal 0 0 1
    outer loop
      vertex 63.95 57.8349 8
      vertex 63.225 59.0907 8
      vertex 63.7168 57.7161 8
    endloop
  endfacet
  facet normal -0 0 1
    outer loop
      vertex 63.1271 59.0408 8
      vertex 63.7168 57.7161 8
      vertex 63.225 59.0907 8
    endloop
  endfacet
  facet normal 0 0 1
    outer loop
      vertex 63.7168 57.7161 8
      vertex 63.1271 59.0408 8
      vertex 63.4725 57.6224 8
    endloop
  endfacet
  facet normal -0 0 1
    outer loop
      vertex 63.0245 59.0014 8
      vertex 63.4725 57.6224 8
      vertex 63.1271 59.0408 8
    endloop
  endfacet
  facet normal 0 0 1
    outer loop
      vertex 63.4725 57.6224 8
      vertex 63.0245 59.0014 8
      vertex 63.2198 57.5546 8
    endloop
  endfacet
  facet normal -0 0 1
    outer loop
      vertex 62.9183 58.9729 8
      vertex 63.2198 57.5546 8
      vertex 63.0245 59.0014 8
    endloop
  endfacet
  facet normal 0 0 1
    outer loop
      vertex 63.2198 57.5546 8
      vertex 62.9183 58.9729 8
      vertex 62.9613 57.5137 8
    endloop
  endfacet
  facet normal -0 0 1
    outer loop
      vertex 62.8098 58.9558 8
      vertex 62.9613 57.5137 8
      vertex 62.9183 58.9729 8
    endloop
  endfacet
  facet normal -0 0 1
    outer loop
      vertex 62.7 58.95 8
      vertex 62.9613 57.5137 8
      vertex 62.8098 58.9558 8
    endloop
  endfacet
  facet normal 0 0 1
    outer loop
      vertex 62.7 58.95 8
      vertex 62.7 57.5 8
      vertex 62.9613 57.5137 8
    endloop
  endfacet
  facet normal 0 0 1
    outer loop
      vertex 62.5902 58.9558 8
      vertex 62.7 57.5 8
      vertex 62.7 58.95 8
    endloop
  endfacet
  facet normal 0 0 1
    outer loop
      vertex 62.4387 57.5137 8
      vertex 62.5902 58.9558 8
      vertex 62.4817 58.9729 8
    endloop
  endfacet
  facet normal 0 0 1
    outer loop
      vertex 62.5902 58.9558 8
      vertex 62.4387 57.5137 8
      vertex 62.7 57.5 8
    endloop
  endfacet
  facet normal 0 0 1
    outer loop
      vertex 62.1802 57.5546 8
      vertex 62.4817 58.9729 8
      vertex 62.3755 59.0014 8
    endloop
  endfacet
  facet normal 0 0 1
    outer loop
      vertex 61.9275 57.6224 8
      vertex 62.3755 59.0014 8
      vertex 62.2729 59.0408 8
    endloop
  endfacet
  facet normal 0 0 1
    outer loop
      vertex 62.4817 58.9729 8
      vertex 62.1802 57.5546 8
      vertex 62.4387 57.5137 8
    endloop
  endfacet
  facet normal 0 0 1
    outer loop
      vertex 61.6832 57.7161 8
      vertex 62.2729 59.0408 8
      vertex 62.175 59.0907 8
    endloop
  endfacet
  facet normal 0 0 1
    outer loop
      vertex 61.45 57.8349 8
      vertex 62.175 59.0907 8
      vertex 62.0828 59.1505 8
    endloop
  endfacet
  facet normal 0 0 1
    outer loop
      vertex 61.2305 57.9775 8
      vertex 62.0828 59.1505 8
      vertex 61.9974 59.2197 8
    endloop
  endfacet
  facet normal 0 0 1
    outer loop
      vertex 62.3755 59.0014 8
      vertex 61.9275 57.6224 8
      vertex 62.1802 57.5546 8
    endloop
  endfacet
  facet normal 0 0 1
    outer loop
      vertex 61.0272 58.1421 8
      vertex 61.9974 59.2197 8
      vertex 61.9197 59.2974 8
    endloop
  endfacet
  facet normal 0 0 1
    outer loop
      vertex 60.8421 58.3272 8
      vertex 61.9197 59.2974 8
      vertex 61.8505 59.3828 8
    endloop
  endfacet
  facet normal 0 0 1
    outer loop
      vertex 60.6775 58.5305 8
      vertex 61.8505 59.3828 8
      vertex 61.7907 59.475 8
    endloop
  endfacet
  facet normal 0 0 1
    outer loop
      vertex 60.5349 58.75 8
      vertex 61.7907 59.475 8
      vertex 61.7408 59.5729 8
    endloop
  endfacet
  facet normal 0 0 1
    outer loop
      vertex 60.4161 58.9832 8
      vertex 61.7408 59.5729 8
      vertex 61.7014 59.6755 8
    endloop
  endfacet
  facet normal 0 0 1
    outer loop
      vertex 62.2729 59.0408 8
      vertex 61.6832 57.7161 8
      vertex 61.9275 57.6224 8
    endloop
  endfacet
  facet normal 0 0 1
    outer loop
      vertex 60.3224 59.2275 8
      vertex 61.7014 59.6755 8
      vertex 61.6729 59.7817 8
    endloop
  endfacet
  facet normal 0 0 1
    outer loop
      vertex 60.2546 59.4802 8
      vertex 61.6729 59.7817 8
      vertex 61.6558 59.8902 8
    endloop
  endfacet
  facet normal 0 0 1
    outer loop
      vertex 60.2137 59.7387 8
      vertex 61.6558 59.8902 8
      vertex 61.65 60 8
    endloop
  endfacet
  facet normal 0 0 1
    outer loop
      vertex 61.7907 60.525 8
      vertex 60.5349 61.25 8
      vertex 61.7408 60.4271 8
    endloop
  endfacet
  facet normal 0 0 1
    outer loop
      vertex 62.175 59.0907 8
      vertex 61.45 57.8349 8
      vertex 61.6832 57.7161 8
    endloop
  endfacet
  facet normal -0 0 1
    outer loop
      vertex 60.4161 61.0168 8
      vertex 61.7408 60.4271 8
      vertex 60.5349 61.25 8
    endloop
  endfacet
  facet normal 0 0 1
    outer loop
      vertex 62.0828 59.1505 8
      vertex 61.2305 57.9775 8
      vertex 61.45 57.8349 8
    endloop
  endfacet
  facet normal 0 0 1
    outer loop
      vertex 61.7408 60.4271 8
      vertex 60.4161 61.0168 8
      vertex 61.7014 60.3245 8
    endloop
  endfacet
  facet normal 0 0 1
    outer loop
      vertex 61.9974 59.2197 8
      vertex 61.0272 58.1421 8
      vertex 61.2305 57.9775 8
    endloop
  endfacet
  facet normal -0 0 1
    outer loop
      vertex 60.3224 60.7725 8
      vertex 61.7014 60.3245 8
      vertex 60.4161 61.0168 8
    endloop
  endfacet
  facet normal 0 0 1
    outer loop
      vertex 61.9197 59.2974 8
      vertex 60.8421 58.3272 8
      vertex 61.0272 58.1421 8
    endloop
  endfacet
  facet normal 0 0 1
    outer loop
      vertex 61.7014 60.3245 8
      vertex 60.3224 60.7725 8
      vertex 61.6729 60.2183 8
    endloop
  endfacet
  facet normal 0 0 1
    outer loop
      vertex 61.8505 59.3828 8
      vertex 60.6775 58.5305 8
      vertex 60.8421 58.3272 8
    endloop
  endfacet
  facet normal -0 0 1
    outer loop
      vertex 60.2546 60.5198 8
      vertex 61.6729 60.2183 8
      vertex 60.3224 60.7725 8
    endloop
  endfacet
  facet normal 0 0 1
    outer loop
      vertex 61.7907 59.475 8
      vertex 60.5349 58.75 8
      vertex 60.6775 58.5305 8
    endloop
  endfacet
  facet normal 0 0 1
    outer loop
      vertex 61.6729 60.2183 8
      vertex 60.2546 60.5198 8
      vertex 61.6558 60.1098 8
    endloop
  endfacet
  facet normal 0 0 1
    outer loop
      vertex 61.7408 59.5729 8
      vertex 60.4161 58.9832 8
      vertex 60.5349 58.75 8
    endloop
  endfacet
  facet normal -0 0 1
    outer loop
      vertex 60.2137 60.2613 8
      vertex 61.6558 60.1098 8
      vertex 60.2546 60.5198 8
    endloop
  endfacet
  facet normal 0 0 1
    outer loop
      vertex 61.7014 59.6755 8
      vertex 60.3224 59.2275 8
      vertex 60.4161 58.9832 8
    endloop
  endfacet
  facet normal 0 0 1
    outer loop
      vertex 61.6558 60.1098 8
      vertex 60.2137 60.2613 8
      vertex 61.65 60 8
    endloop
  endfacet
  facet normal 0 0 1
    outer loop
      vertex 61.6729 59.7817 8
      vertex 60.2546 59.4802 8
      vertex 60.3224 59.2275 8
    endloop
  endfacet
  facet normal 0 0 1
    outer loop
      vertex 60.2 60 8
      vertex 61.65 60 8
      vertex 60.2137 60.2613 8
    endloop
  endfacet
  facet normal 0 0 1
    outer loop
      vertex 61.6558 59.8902 8
      vertex 60.2137 59.7387 8
      vertex 60.2546 59.4802 8
    endloop
  endfacet
  facet normal 0 0 1
    outer loop
      vertex 61.65 60 8
      vertex 60.2 60 8
      vertex 60.2137 59.7387 8
    endloop
  endfacet
  facet normal -0.0523582 0.998628 0
    outer loop
      vertex 62.7 62.5 2
      vertex 62.4387 62.4863 8
      vertex 62.7 62.5 8
    endloop
  endfacet
  facet normal -0.0523582 0.998628 0
    outer loop
      vertex 62.4387 62.4863 8
      vertex 62.7 62.5 2
      vertex 62.4387 62.4863 2
    endloop
  endfacet
  facet normal 0.998628 -0.0523582 0
    outer loop
      vertex 65.1863 59.7387 8
      vertex 65.2 60 2
      vertex 65.2 60 8
    endloop
  endfacet
  facet normal 0.998628 -0.0523582 0
    outer loop
      vertex 65.2 60 2
      vertex 65.1863 59.7387 8
      vertex 65.1863 59.7387 2
    endloop
  endfacet
  facet normal 0.0523582 -0.998628 0
    outer loop
      vertex 62.7 57.5 2
      vertex 62.9613 57.5137 8
      vertex 62.7 57.5 8
    endloop
  endfacet
  facet normal 0.0523582 -0.998628 0
    outer loop
      vertex 62.9613 57.5137 8
      vertex 62.7 57.5 2
      vertex 62.9613 57.5137 2
    endloop
  endfacet
  facet normal 0.453926 -0.891039 0
    outer loop
      vertex 63.7168 57.7161 2
      vertex 63.95 57.8349 8
      vertex 63.7168 57.7161 8
    endloop
  endfacet
  facet normal 0.453926 -0.891039 0
    outer loop
      vertex 63.95 57.8349 8
      vertex 63.7168 57.7161 2
      vertex 63.95 57.8349 2
    endloop
  endfacet
  facet normal 0.629253 -0.7772 0
    outer loop
      vertex 64.1695 57.9775 2
      vertex 64.3728 58.1421 8
      vertex 64.1695 57.9775 8
    endloop
  endfacet
  facet normal 0.629253 -0.7772 0
    outer loop
      vertex 64.3728 58.1421 8
      vertex 64.1695 57.9775 2
      vertex 64.3728 58.1421 2
    endloop
  endfacet
  facet normal 0.544787 -0.838575 0
    outer loop
      vertex 63.95 57.8349 2
      vertex 64.1695 57.9775 8
      vertex 63.95 57.8349 8
    endloop
  endfacet
  facet normal 0.544787 -0.838575 0
    outer loop
      vertex 64.1695 57.9775 8
      vertex 63.95 57.8349 2
      vertex 64.1695 57.9775 2
    endloop
  endfacet
  facet normal 0.7772 -0.629253 0
    outer loop
      vertex 64.5579 58.3272 8
      vertex 64.7225 58.5305 2
      vertex 64.7225 58.5305 8
    endloop
  endfacet
  facet normal 0.7772 -0.629253 0
    outer loop
      vertex 64.7225 58.5305 2
      vertex 64.5579 58.3272 8
      vertex 64.5579 58.3272 2
    endloop
  endfacet
  facet normal 0.838575 -0.544787 0
    outer loop
      vertex 64.7225 58.5305 8
      vertex 64.8651 58.75 2
      vertex 64.8651 58.75 8
    endloop
  endfacet
  facet normal 0.838575 -0.544787 0
    outer loop
      vertex 64.8651 58.75 2
      vertex 64.7225 58.5305 8
      vertex 64.7225 58.5305 2
    endloop
  endfacet
  facet normal -0.707107 -0.707107 0
    outer loop
      vertex 61.0272 58.1421 2
      vertex 60.8421 58.3272 8
      vertex 60.8421 58.3272 2
    endloop
  endfacet
  facet normal -0.707107 -0.707107 0
    outer loop
      vertex 60.8421 58.3272 8
      vertex 61.0272 58.1421 2
      vertex 61.0272 58.1421 8
    endloop
  endfacet
  facet normal -0.629253 -0.7772 0
    outer loop
      vertex 61.0272 58.1421 2
      vertex 61.2305 57.9775 8
      vertex 61.0272 58.1421 8
    endloop
  endfacet
  facet normal -0.629253 -0.7772 -0
    outer loop
      vertex 61.2305 57.9775 8
      vertex 61.0272 58.1421 2
      vertex 61.2305 57.9775 2
    endloop
  endfacet
  facet normal -0.544787 -0.838575 0
    outer loop
      vertex 61.2305 57.9775 2
      vertex 61.45 57.8349 8
      vertex 61.2305 57.9775 8
    endloop
  endfacet
  facet normal -0.544787 -0.838575 -0
    outer loop
      vertex 61.45 57.8349 8
      vertex 61.2305 57.9775 2
      vertex 61.45 57.8349 2
    endloop
  endfacet
  facet normal -0.156277 -0.987713 0
    outer loop
      vertex 62.1802 57.5546 2
      vertex 62.4387 57.5137 8
      vertex 62.1802 57.5546 8
    endloop
  endfacet
  facet normal -0.156277 -0.987713 -0
    outer loop
      vertex 62.4387 57.5137 8
      vertex 62.1802 57.5546 2
      vertex 62.4387 57.5137 2
    endloop
  endfacet
  facet normal -0.7772 -0.629253 0
    outer loop
      vertex 60.8421 58.3272 2
      vertex 60.6775 58.5305 8
      vertex 60.6775 58.5305 2
    endloop
  endfacet
  facet normal -0.7772 -0.629253 0
    outer loop
      vertex 60.6775 58.5305 8
      vertex 60.8421 58.3272 2
      vertex 60.8421 58.3272 8
    endloop
  endfacet
  facet normal -0.93368 -0.358108 0
    outer loop
      vertex 60.4161 58.9832 2
      vertex 60.3224 59.2275 8
      vertex 60.3224 59.2275 2
    endloop
  endfacet
  facet normal -0.93368 -0.358108 0
    outer loop
      vertex 60.3224 59.2275 8
      vertex 60.4161 58.9832 2
      vertex 60.4161 58.9832 8
    endloop
  endfacet
  facet normal -0.998628 -0.0523582 0
    outer loop
      vertex 60.2137 59.7387 2
      vertex 60.2 60 8
      vertex 60.2 60 2
    endloop
  endfacet
  facet normal -0.998628 -0.0523582 0
    outer loop
      vertex 60.2 60 8
      vertex 60.2137 59.7387 2
      vertex 60.2137 59.7387 8
    endloop
  endfacet
  facet normal 0.358108 0.93368 -0
    outer loop
      vertex 63.7168 62.2839 2
      vertex 63.4725 62.3776 8
      vertex 63.7168 62.2839 8
    endloop
  endfacet
  facet normal 0.358108 0.93368 0
    outer loop
      vertex 63.4725 62.3776 8
      vertex 63.7168 62.2839 2
      vertex 63.4725 62.3776 2
    endloop
  endfacet
  facet normal -0.707107 0.707107 0
    outer loop
      vertex 60.8421 61.6728 2
      vertex 61.0272 61.8579 8
      vertex 61.0272 61.8579 2
    endloop
  endfacet
  facet normal -0.707107 0.707107 0
    outer loop
      vertex 61.0272 61.8579 8
      vertex 60.8421 61.6728 2
      vertex 60.8421 61.6728 8
    endloop
  endfacet
  facet normal -0.93368 0.358108 0
    outer loop
      vertex 60.3224 60.7725 2
      vertex 60.4161 61.0168 8
      vertex 60.4161 61.0168 2
    endloop
  endfacet
  facet normal -0.93368 0.358108 0
    outer loop
      vertex 60.4161 61.0168 8
      vertex 60.3224 60.7725 2
      vertex 60.3224 60.7725 8
    endloop
  endfacet
  facet normal -0.544787 0.838575 0
    outer loop
      vertex 61.45 62.1651 2
      vertex 61.2305 62.0225 8
      vertex 61.45 62.1651 8
    endloop
  endfacet
  facet normal -0.544787 0.838575 0
    outer loop
      vertex 61.2305 62.0225 8
      vertex 61.45 62.1651 2
      vertex 61.2305 62.0225 2
    endloop
  endfacet
  facet normal -0.259137 0.965841 0
    outer loop
      vertex 62.1802 62.4454 2
      vertex 61.9275 62.3776 8
      vertex 62.1802 62.4454 8
    endloop
  endfacet
  facet normal -0.259137 0.965841 0
    outer loop
      vertex 61.9275 62.3776 8
      vertex 62.1802 62.4454 2
      vertex 61.9275 62.3776 2
    endloop
  endfacet
  facet normal 0.156277 -0.987713 0
    outer loop
      vertex 62.9613 57.5137 2
      vertex 63.2198 57.5546 8
      vertex 62.9613 57.5137 8
    endloop
  endfacet
  facet normal 0.156277 -0.987713 0
    outer loop
      vertex 63.2198 57.5546 8
      vertex 62.9613 57.5137 2
      vertex 63.2198 57.5546 2
    endloop
  endfacet
  facet normal 0.358108 -0.93368 0
    outer loop
      vertex 63.4725 57.6224 2
      vertex 63.7168 57.7161 8
      vertex 63.4725 57.6224 8
    endloop
  endfacet
  facet normal 0.358108 -0.93368 0
    outer loop
      vertex 63.7168 57.7161 8
      vertex 63.4725 57.6224 2
      vertex 63.7168 57.7161 2
    endloop
  endfacet
  facet normal 0.93368 -0.358108 0
    outer loop
      vertex 64.9839 58.9832 8
      vertex 65.0776 59.2275 2
      vertex 65.0776 59.2275 8
    endloop
  endfacet
  facet normal 0.93368 -0.358108 0
    outer loop
      vertex 65.0776 59.2275 2
      vertex 64.9839 58.9832 8
      vertex 64.9839 58.9832 2
    endloop
  endfacet
  facet normal 0.987713 -0.156277 0
    outer loop
      vertex 65.1454 59.4802 8
      vertex 65.1863 59.7387 2
      vertex 65.1863 59.7387 8
    endloop
  endfacet
  facet normal 0.987713 -0.156277 0
    outer loop
      vertex 65.1863 59.7387 2
      vertex 65.1454 59.4802 8
      vertex 65.1454 59.4802 2
    endloop
  endfacet
  facet normal -0.453926 -0.891039 0
    outer loop
      vertex 61.45 57.8349 2
      vertex 61.6832 57.7161 8
      vertex 61.45 57.8349 8
    endloop
  endfacet
  facet normal -0.453926 -0.891039 -0
    outer loop
      vertex 61.6832 57.7161 8
      vertex 61.45 57.8349 2
      vertex 61.6832 57.7161 2
    endloop
  endfacet
  facet normal -0.259137 -0.965841 0
    outer loop
      vertex 61.9275 57.6224 2
      vertex 62.1802 57.5546 8
      vertex 61.9275 57.6224 8
    endloop
  endfacet
  facet normal -0.259137 -0.965841 -0
    outer loop
      vertex 62.1802 57.5546 8
      vertex 61.9275 57.6224 2
      vertex 62.1802 57.5546 2
    endloop
  endfacet
  facet normal -0.987713 -0.156277 0
    outer loop
      vertex 60.2546 59.4802 2
      vertex 60.2137 59.7387 8
      vertex 60.2137 59.7387 2
    endloop
  endfacet
  facet normal -0.987713 -0.156277 0
    outer loop
      vertex 60.2137 59.7387 8
      vertex 60.2546 59.4802 2
      vertex 60.2546 59.4802 8
    endloop
  endfacet
  facet normal -0.998608 -0.0527498 0
    outer loop
      vertex 63.75 60 2
      vertex 63.7442 60.1098 8
      vertex 63.7442 60.1098 2
    endloop
  endfacet
  facet normal -0.998608 -0.0527498 0
    outer loop
      vertex 63.7442 60.1098 8
      vertex 63.75 60 2
      vertex 63.75 60 8
    endloop
  endfacet
  facet normal 0.998608 -0.0527498 0
    outer loop
      vertex 61.65 60 8
      vertex 61.6558 60.1098 2
      vertex 61.6558 60.1098 8
    endloop
  endfacet
  facet normal 0.998608 -0.0527498 0
    outer loop
      vertex 61.6558 60.1098 2
      vertex 61.65 60 8
      vertex 61.65 60 2
    endloop
  endfacet
  facet normal 0.0527498 -0.998608 0
    outer loop
      vertex 62.5902 61.0442 2
      vertex 62.7 61.05 8
      vertex 62.5902 61.0442 8
    endloop
  endfacet
  facet normal 0.0527498 -0.998608 0
    outer loop
      vertex 62.7 61.05 8
      vertex 62.5902 61.0442 2
      vertex 62.7 61.05 2
    endloop
  endfacet
  facet normal -0.0527498 0.998608 0
    outer loop
      vertex 62.8098 58.9558 2
      vertex 62.7 58.95 8
      vertex 62.8098 58.9558 8
    endloop
  endfacet
  facet normal -0.0527498 0.998608 0
    outer loop
      vertex 62.7 58.95 8
      vertex 62.8098 58.9558 2
      vertex 62.7 58.95 2
    endloop
  endfacet
  facet normal -0.707107 -0.707107 0
    outer loop
      vertex 63.4803 60.7026 2
      vertex 63.4026 60.7803 8
      vertex 63.4026 60.7803 2
    endloop
  endfacet
  facet normal -0.707107 -0.707107 0
    outer loop
      vertex 63.4026 60.7803 8
      vertex 63.4803 60.7026 2
      vertex 63.4803 60.7026 8
    endloop
  endfacet
  facet normal 0.707107 -0.707107 0
    outer loop
      vertex 61.9197 60.7026 8
      vertex 61.9974 60.7803 2
      vertex 61.9974 60.7803 8
    endloop
  endfacet
  facet normal 0.707107 -0.707107 0
    outer loop
      vertex 61.9974 60.7803 2
      vertex 61.9197 60.7026 8
      vertex 61.9197 60.7026 2
    endloop
  endfacet
  facet normal 0.454117 -0.890942 0
    outer loop
      vertex 62.175 60.9093 2
      vertex 62.2729 60.9592 8
      vertex 62.175 60.9093 8
    endloop
  endfacet
  facet normal 0.454117 -0.890942 0
    outer loop
      vertex 62.2729 60.9592 8
      vertex 62.175 60.9093 2
      vertex 62.2729 60.9592 2
    endloop
  endfacet
  facet normal -0.838984 0.544156 0
    outer loop
      vertex 63.5495 59.3828 2
      vertex 63.6093 59.475 8
      vertex 63.6093 59.475 2
    endloop
  endfacet
  facet normal -0.838984 0.544156 0
    outer loop
      vertex 63.6093 59.475 8
      vertex 63.5495 59.3828 2
      vertex 63.5495 59.3828 8
    endloop
  endfacet
  facet normal -0.890942 -0.454117 0
    outer loop
      vertex 63.6592 60.4271 2
      vertex 63.6093 60.525 8
      vertex 63.6093 60.525 2
    endloop
  endfacet
  facet normal -0.890942 -0.454117 0
    outer loop
      vertex 63.6093 60.525 8
      vertex 63.6592 60.4271 2
      vertex 63.6592 60.4271 8
    endloop
  endfacet
  facet normal -0.358491 -0.933533 0
    outer loop
      vertex 63.0245 60.9986 2
      vertex 63.1271 60.9592 8
      vertex 63.0245 60.9986 8
    endloop
  endfacet
  facet normal -0.358491 -0.933533 -0
    outer loop
      vertex 63.1271 60.9592 8
      vertex 63.0245 60.9986 2
      vertex 63.1271 60.9592 2
    endloop
  endfacet
  facet normal -0.544156 -0.838984 0
    outer loop
      vertex 63.225 60.9093 2
      vertex 63.3172 60.8495 8
      vertex 63.225 60.9093 8
    endloop
  endfacet
  facet normal -0.544156 -0.838984 -0
    outer loop
      vertex 63.3172 60.8495 8
      vertex 63.225 60.9093 2
      vertex 63.3172 60.8495 2
    endloop
  endfacet
  facet normal 0.933533 -0.358491 0
    outer loop
      vertex 61.7014 60.3245 8
      vertex 61.7408 60.4271 2
      vertex 61.7408 60.4271 8
    endloop
  endfacet
  facet normal 0.933533 -0.358491 0
    outer loop
      vertex 61.7408 60.4271 2
      vertex 61.7014 60.3245 8
      vertex 61.7014 60.3245 2
    endloop
  endfacet
  facet normal 0.965826 -0.259191 0
    outer loop
      vertex 61.6729 60.2183 8
      vertex 61.7014 60.3245 2
      vertex 61.7014 60.3245 8
    endloop
  endfacet
  facet normal 0.965826 -0.259191 0
    outer loop
      vertex 61.7014 60.3245 2
      vertex 61.6729 60.2183 8
      vertex 61.6729 60.2183 2
    endloop
  endfacet
  facet normal 0.259191 -0.965826 0
    outer loop
      vertex 62.3755 60.9986 2
      vertex 62.4817 61.0271 8
      vertex 62.3755 60.9986 8
    endloop
  endfacet
  facet normal 0.259191 -0.965826 0
    outer loop
      vertex 62.4817 61.0271 8
      vertex 62.3755 60.9986 2
      vertex 62.4817 61.0271 2
    endloop
  endfacet
  facet normal -0.965826 0.259191 0
    outer loop
      vertex 63.6986 59.6755 2
      vertex 63.7271 59.7817 8
      vertex 63.7271 59.7817 2
    endloop
  endfacet
  facet normal -0.965826 0.259191 0
    outer loop
      vertex 63.7271 59.7817 8
      vertex 63.6986 59.6755 2
      vertex 63.6986 59.6755 8
    endloop
  endfacet
  facet normal -0.155682 0.987807 0
    outer loop
      vertex 62.9183 58.9729 2
      vertex 62.8098 58.9558 8
      vertex 62.9183 58.9729 8
    endloop
  endfacet
  facet normal -0.155682 0.987807 0
    outer loop
      vertex 62.8098 58.9558 8
      vertex 62.9183 58.9729 2
      vertex 62.8098 58.9558 2
    endloop
  endfacet
  facet normal -0.965826 -0.259191 0
    outer loop
      vertex 63.7271 60.2183 2
      vertex 63.6986 60.3245 8
      vertex 63.6986 60.3245 2
    endloop
  endfacet
  facet normal -0.965826 -0.259191 0
    outer loop
      vertex 63.6986 60.3245 8
      vertex 63.7271 60.2183 2
      vertex 63.7271 60.2183 8
    endloop
  endfacet
  facet normal -0.987807 -0.155682 0
    outer loop
      vertex 63.7442 60.1098 2
      vertex 63.7271 60.2183 8
      vertex 63.7271 60.2183 2
    endloop
  endfacet
  facet normal -0.987807 -0.155682 0
    outer loop
      vertex 63.7271 60.2183 8
      vertex 63.7442 60.1098 2
      vertex 63.7442 60.1098 8
    endloop
  endfacet
  facet normal -0.933533 -0.358491 0
    outer loop
      vertex 63.6986 60.3245 2
      vertex 63.6592 60.4271 8
      vertex 63.6592 60.4271 2
    endloop
  endfacet
  facet normal -0.933533 -0.358491 0
    outer loop
      vertex 63.6592 60.4271 8
      vertex 63.6986 60.3245 2
      vertex 63.6986 60.3245 8
    endloop
  endfacet
  facet normal -0.776948 -0.629565 0
    outer loop
      vertex 63.5495 60.6172 2
      vertex 63.4803 60.7026 8
      vertex 63.4803 60.7026 2
    endloop
  endfacet
  facet normal -0.776948 -0.629565 0
    outer loop
      vertex 63.4803 60.7026 8
      vertex 63.5495 60.6172 2
      vertex 63.5495 60.6172 8
    endloop
  endfacet
  facet normal -0.838984 -0.544156 0
    outer loop
      vertex 63.6093 60.525 2
      vertex 63.5495 60.6172 8
      vertex 63.5495 60.6172 2
    endloop
  endfacet
  facet normal -0.838984 -0.544156 0
    outer loop
      vertex 63.5495 60.6172 8
      vertex 63.6093 60.525 2
      vertex 63.6093 60.525 8
    endloop
  endfacet
  facet normal -0.155682 -0.987807 0
    outer loop
      vertex 62.8098 61.0442 2
      vertex 62.9183 61.0271 8
      vertex 62.8098 61.0442 8
    endloop
  endfacet
  facet normal -0.155682 -0.987807 -0
    outer loop
      vertex 62.9183 61.0271 8
      vertex 62.8098 61.0442 2
      vertex 62.9183 61.0271 2
    endloop
  endfacet
  facet normal -0.259191 -0.965826 0
    outer loop
      vertex 62.9183 61.0271 2
      vertex 63.0245 60.9986 8
      vertex 62.9183 61.0271 8
    endloop
  endfacet
  facet normal -0.259191 -0.965826 -0
    outer loop
      vertex 63.0245 60.9986 8
      vertex 62.9183 61.0271 2
      vertex 63.0245 60.9986 2
    endloop
  endfacet
  facet normal -0.0527498 -0.998608 0
    outer loop
      vertex 62.7 61.05 2
      vertex 62.8098 61.0442 8
      vertex 62.7 61.05 8
    endloop
  endfacet
  facet normal -0.0527498 -0.998608 -0
    outer loop
      vertex 62.8098 61.0442 8
      vertex 62.7 61.05 2
      vertex 62.8098 61.0442 2
    endloop
  endfacet
  facet normal -0.454117 -0.890942 0
    outer loop
      vertex 63.1271 60.9592 2
      vertex 63.225 60.9093 8
      vertex 63.1271 60.9592 8
    endloop
  endfacet
  facet normal -0.454117 -0.890942 -0
    outer loop
      vertex 63.225 60.9093 8
      vertex 63.1271 60.9592 2
      vertex 63.225 60.9093 2
    endloop
  endfacet
  facet normal -0.629565 -0.776948 0
    outer loop
      vertex 63.3172 60.8495 2
      vertex 63.4026 60.7803 8
      vertex 63.3172 60.8495 8
    endloop
  endfacet
  facet normal -0.629565 -0.776948 -0
    outer loop
      vertex 63.4026 60.7803 8
      vertex 63.3172 60.8495 2
      vertex 63.4026 60.7803 2
    endloop
  endfacet
  facet normal 0.838984 -0.544156 0
    outer loop
      vertex 61.7907 60.525 8
      vertex 61.8505 60.6172 2
      vertex 61.8505 60.6172 8
    endloop
  endfacet
  facet normal 0.838984 -0.544156 0
    outer loop
      vertex 61.8505 60.6172 2
      vertex 61.7907 60.525 8
      vertex 61.7907 60.525 2
    endloop
  endfacet
  facet normal 0.776948 -0.629565 0
    outer loop
      vertex 61.8505 60.6172 8
      vertex 61.9197 60.7026 2
      vertex 61.9197 60.7026 8
    endloop
  endfacet
  facet normal 0.776948 -0.629565 0
    outer loop
      vertex 61.9197 60.7026 2
      vertex 61.8505 60.6172 8
      vertex 61.8505 60.6172 2
    endloop
  endfacet
  facet normal 0.890942 -0.454117 0
    outer loop
      vertex 61.7408 60.4271 8
      vertex 61.7907 60.525 2
      vertex 61.7907 60.525 8
    endloop
  endfacet
  facet normal 0.890942 -0.454117 0
    outer loop
      vertex 61.7907 60.525 2
      vertex 61.7408 60.4271 8
      vertex 61.7408 60.4271 2
    endloop
  endfacet
  facet normal 0.987807 -0.155682 0
    outer loop
      vertex 61.6558 60.1098 8
      vertex 61.6729 60.2183 2
      vertex 61.6729 60.2183 8
    endloop
  endfacet
  facet normal 0.987807 -0.155682 0
    outer loop
      vertex 61.6729 60.2183 2
      vertex 61.6558 60.1098 8
      vertex 61.6558 60.1098 2
    endloop
  endfacet
  facet normal 0.544156 -0.838984 0
    outer loop
      vertex 62.0828 60.8495 2
      vertex 62.175 60.9093 8
      vertex 62.0828 60.8495 8
    endloop
  endfacet
  facet normal 0.544156 -0.838984 0
    outer loop
      vertex 62.175 60.9093 8
      vertex 62.0828 60.8495 2
      vertex 62.175 60.9093 2
    endloop
  endfacet
  facet normal 0.629565 -0.776948 0
    outer loop
      vertex 61.9974 60.7803 2
      vertex 62.0828 60.8495 8
      vertex 61.9974 60.7803 8
    endloop
  endfacet
  facet normal 0.629565 -0.776948 0
    outer loop
      vertex 62.0828 60.8495 8
      vertex 61.9974 60.7803 2
      vertex 62.0828 60.8495 2
    endloop
  endfacet
  facet normal 0.358491 -0.933533 0
    outer loop
      vertex 62.2729 60.9592 2
      vertex 62.3755 60.9986 8
      vertex 62.2729 60.9592 8
    endloop
  endfacet
  facet normal 0.358491 -0.933533 0
    outer loop
      vertex 62.3755 60.9986 8
      vertex 62.2729 60.9592 2
      vertex 62.3755 60.9986 2
    endloop
  endfacet
  facet normal 0.155682 -0.987807 0
    outer loop
      vertex 62.4817 61.0271 2
      vertex 62.5902 61.0442 8
      vertex 62.4817 61.0271 8
    endloop
  endfacet
  facet normal 0.155682 -0.987807 0
    outer loop
      vertex 62.5902 61.0442 8
      vertex 62.4817 61.0271 2
      vertex 62.5902 61.0442 2
    endloop
  endfacet
  facet normal -0.707107 0.707107 0
    outer loop
      vertex 63.4026 59.2197 2
      vertex 63.4803 59.2974 8
      vertex 63.4803 59.2974 2
    endloop
  endfacet
  facet normal -0.707107 0.707107 0
    outer loop
      vertex 63.4803 59.2974 8
      vertex 63.4026 59.2197 2
      vertex 63.4026 59.2197 8
    endloop
  endfacet
  facet normal -0.987807 0.155682 0
    outer loop
      vertex 63.7271 59.7817 2
      vertex 63.7442 59.8902 8
      vertex 63.7442 59.8902 2
    endloop
  endfacet
  facet normal -0.987807 0.155682 0
    outer loop
      vertex 63.7442 59.8902 8
      vertex 63.7271 59.7817 2
      vertex 63.7271 59.7817 8
    endloop
  endfacet
  facet normal -0.998608 0.0527498 0
    outer loop
      vertex 63.7442 59.8902 2
      vertex 63.75 60 8
      vertex 63.75 60 2
    endloop
  endfacet
  facet normal -0.998608 0.0527498 0
    outer loop
      vertex 63.75 60 8
      vertex 63.7442 59.8902 2
      vertex 63.7442 59.8902 8
    endloop
  endfacet
  facet normal -0.890942 0.454117 0
    outer loop
      vertex 63.6093 59.475 2
      vertex 63.6592 59.5729 8
      vertex 63.6592 59.5729 2
    endloop
  endfacet
  facet normal -0.890942 0.454117 0
    outer loop
      vertex 63.6592 59.5729 8
      vertex 63.6093 59.475 2
      vertex 63.6093 59.475 8
    endloop
  endfacet
  facet normal -0.776948 0.629565 0
    outer loop
      vertex 63.4803 59.2974 2
      vertex 63.5495 59.3828 8
      vertex 63.5495 59.3828 2
    endloop
  endfacet
  facet normal -0.776948 0.629565 0
    outer loop
      vertex 63.5495 59.3828 8
      vertex 63.4803 59.2974 2
      vertex 63.4803 59.2974 8
    endloop
  endfacet
  facet normal 0.776948 0.629565 0
    outer loop
      vertex 61.9197 59.2974 8
      vertex 61.8505 59.3828 2
      vertex 61.8505 59.3828 8
    endloop
  endfacet
  facet normal 0.776948 0.629565 0
    outer loop
      vertex 61.8505 59.3828 2
      vertex 61.9197 59.2974 8
      vertex 61.9197 59.2974 2
    endloop
  endfacet
  facet normal 0.965826 0.259191 0
    outer loop
      vertex 61.7014 59.6755 8
      vertex 61.6729 59.7817 2
      vertex 61.6729 59.7817 8
    endloop
  endfacet
  facet normal 0.965826 0.259191 0
    outer loop
      vertex 61.6729 59.7817 2
      vertex 61.7014 59.6755 8
      vertex 61.7014 59.6755 2
    endloop
  endfacet
  facet normal -0.358491 0.933533 0
    outer loop
      vertex 63.1271 59.0408 2
      vertex 63.0245 59.0014 8
      vertex 63.1271 59.0408 8
    endloop
  endfacet
  facet normal -0.358491 0.933533 0
    outer loop
      vertex 63.0245 59.0014 8
      vertex 63.1271 59.0408 2
      vertex 63.0245 59.0014 2
    endloop
  endfacet
  facet normal -0.259191 0.965826 0
    outer loop
      vertex 63.0245 59.0014 2
      vertex 62.9183 58.9729 8
      vertex 63.0245 59.0014 8
    endloop
  endfacet
  facet normal -0.259191 0.965826 0
    outer loop
      vertex 62.9183 58.9729 8
      vertex 63.0245 59.0014 2
      vertex 62.9183 58.9729 2
    endloop
  endfacet
  facet normal -0.629565 0.776948 0
    outer loop
      vertex 63.4026 59.2197 2
      vertex 63.3172 59.1505 8
      vertex 63.4026 59.2197 8
    endloop
  endfacet
  facet normal -0.629565 0.776948 0
    outer loop
      vertex 63.3172 59.1505 8
      vertex 63.4026 59.2197 2
      vertex 63.3172 59.1505 2
    endloop
  endfacet
  facet normal -0.544156 0.838984 0
    outer loop
      vertex 63.3172 59.1505 2
      vertex 63.225 59.0907 8
      vertex 63.3172 59.1505 8
    endloop
  endfacet
  facet normal -0.544156 0.838984 0
    outer loop
      vertex 63.225 59.0907 8
      vertex 63.3172 59.1505 2
      vertex 63.225 59.0907 2
    endloop
  endfacet
  facet normal -0.933533 0.358491 0
    outer loop
      vertex 63.6592 59.5729 2
      vertex 63.6986 59.6755 8
      vertex 63.6986 59.6755 2
    endloop
  endfacet
  facet normal -0.933533 0.358491 0
    outer loop
      vertex 63.6986 59.6755 8
      vertex 63.6592 59.5729 2
      vertex 63.6592 59.5729 8
    endloop
  endfacet
  facet normal 0.0527498 0.998608 -0
    outer loop
      vertex 62.7 58.95 2
      vertex 62.5902 58.9558 8
      vertex 62.7 58.95 8
    endloop
  endfacet
  facet normal 0.0527498 0.998608 0
    outer loop
      vertex 62.5902 58.9558 8
      vertex 62.7 58.95 2
      vertex 62.5902 58.9558 2
    endloop
  endfacet
  facet normal 0.155682 0.987807 -0
    outer loop
      vertex 62.5902 58.9558 2
      vertex 62.4817 58.9729 8
      vertex 62.5902 58.9558 8
    endloop
  endfacet
  facet normal 0.155682 0.987807 0
    outer loop
      vertex 62.4817 58.9729 8
      vertex 62.5902 58.9558 2
      vertex 62.4817 58.9729 2
    endloop
  endfacet
  facet normal 0.838984 0.544156 0
    outer loop
      vertex 61.8505 59.3828 8
      vertex 61.7907 59.475 2
      vertex 61.7907 59.475 8
    endloop
  endfacet
  facet normal 0.838984 0.544156 0
    outer loop
      vertex 61.7907 59.475 2
      vertex 61.8505 59.3828 8
      vertex 61.8505 59.3828 2
    endloop
  endfacet
  facet normal 0.707107 0.707107 0
    outer loop
      vertex 61.9974 59.2197 8
      vertex 61.9197 59.2974 2
      vertex 61.9197 59.2974 8
    endloop
  endfacet
  facet normal 0.707107 0.707107 0
    outer loop
      vertex 61.9197 59.2974 2
      vertex 61.9974 59.2197 8
      vertex 61.9974 59.2197 2
    endloop
  endfacet
  facet normal 0.933533 0.358491 0
    outer loop
      vertex 61.7408 59.5729 8
      vertex 61.7014 59.6755 2
      vertex 61.7014 59.6755 8
    endloop
  endfacet
  facet normal 0.933533 0.358491 0
    outer loop
      vertex 61.7014 59.6755 2
      vertex 61.7408 59.5729 8
      vertex 61.7408 59.5729 2
    endloop
  endfacet
  facet normal 0.987807 0.155682 0
    outer loop
      vertex 61.6729 59.7817 8
      vertex 61.6558 59.8902 2
      vertex 61.6558 59.8902 8
    endloop
  endfacet
  facet normal 0.987807 0.155682 0
    outer loop
      vertex 61.6558 59.8902 2
      vertex 61.6729 59.7817 8
      vertex 61.6729 59.7817 2
    endloop
  endfacet
  facet normal 0.998608 0.0527498 0
    outer loop
      vertex 61.6558 59.8902 8
      vertex 61.65 60 2
      vertex 61.65 60 8
    endloop
  endfacet
  facet normal 0.998608 0.0527498 0
    outer loop
      vertex 61.65 60 2
      vertex 61.6558 59.8902 8
      vertex 61.6558 59.8902 2
    endloop
  endfacet
  facet normal -0.454117 0.890942 0
    outer loop
      vertex 63.225 59.0907 2
      vertex 63.1271 59.0408 8
      vertex 63.225 59.0907 8
    endloop
  endfacet
  facet normal -0.454117 0.890942 0
    outer loop
      vertex 63.1271 59.0408 8
      vertex 63.225 59.0907 2
      vertex 63.1271 59.0408 2
    endloop
  endfacet
  facet normal 0.629565 0.776948 -0
    outer loop
      vertex 62.0828 59.1505 2
      vertex 61.9974 59.2197 8
      vertex 62.0828 59.1505 8
    endloop
  endfacet
  facet normal 0.629565 0.776948 0
    outer loop
      vertex 61.9974 59.2197 8
      vertex 62.0828 59.1505 2
      vertex 61.9974 59.2197 2
    endloop
  endfacet
  facet normal 0.259191 0.965826 -0
    outer loop
      vertex 62.4817 58.9729 2
      vertex 62.3755 59.0014 8
      vertex 62.4817 58.9729 8
    endloop
  endfacet
  facet normal 0.259191 0.965826 0
    outer loop
      vertex 62.3755 59.0014 8
      vertex 62.4817 58.9729 2
      vertex 62.3755 59.0014 2
    endloop
  endfacet
  facet normal 0.890942 0.454117 0
    outer loop
      vertex 61.7907 59.475 8
      vertex 61.7408 59.5729 2
      vertex 61.7408 59.5729 8
    endloop
  endfacet
  facet normal 0.890942 0.454117 0
    outer loop
      vertex 61.7408 59.5729 2
      vertex 61.7907 59.475 8
      vertex 61.7907 59.475 2
    endloop
  endfacet
  facet normal 0.358491 0.933533 -0
    outer loop
      vertex 62.3755 59.0014 2
      vertex 62.2729 59.0408 8
      vertex 62.3755 59.0014 8
    endloop
  endfacet
  facet normal 0.358491 0.933533 0
    outer loop
      vertex 62.2729 59.0408 8
      vertex 62.3755 59.0014 2
      vertex 62.2729 59.0408 2
    endloop
  endfacet
  facet normal 0.454117 0.890942 -0
    outer loop
      vertex 62.2729 59.0408 2
      vertex 62.175 59.0907 8
      vertex 62.2729 59.0408 8
    endloop
  endfacet
  facet normal 0.454117 0.890942 0
    outer loop
      vertex 62.175 59.0907 8
      vertex 62.2729 59.0408 2
      vertex 62.175 59.0907 2
    endloop
  endfacet
  facet normal 0.544156 0.838984 -0
    outer loop
      vertex 62.175 59.0907 2
      vertex 62.0828 59.1505 8
      vertex 62.175 59.0907 8
    endloop
  endfacet
  facet normal 0.544156 0.838984 0
    outer loop
      vertex 62.0828 59.1505 8
      vertex 62.175 59.0907 2
      vertex 62.0828 59.1505 2
    endloop
  endfacet
  facet normal 0.0525338 0.998619 -0
    outer loop
      vertex 76.2091 62.989 118
      vertex 76 63 120
      vertex 76.2091 62.989 120
    endloop
  endfacet
  facet normal 0.0525338 0.998619 0
    outer loop
      vertex 76 63 120
      vertex 76.2091 62.989 118
      vertex 76 63 118
    endloop
  endfacet
  facet normal 0 -1 0
    outer loop
      vertex 0 -2 80
      vertex 76 -2 120
      vertex 0 -2 120
    endloop
  endfacet
  facet normal 0 -1 -0
    outer loop
      vertex 76 -2 120
      vertex 0 -2 80
      vertex 76 -2 80
    endloop
  endfacet
  facet normal 0.0523433 -0.998629 0
    outer loop
      vertex 76 -2 80
      vertex 76.2091 -1.98904 120
      vertex 76 -2 120
    endloop
  endfacet
  facet normal 0.0523433 -0.998629 0
    outer loop
      vertex 76.2091 -1.98904 120
      vertex 76 -2 80
      vertex 76.2091 -1.98904 80
    endloop
  endfacet
  facet normal 0.629286 -0.777174 0
    outer loop
      vertex 77.1756 -1.61803 80
      vertex 77.3383 -1.48629 120
      vertex 77.1756 -1.61803 120
    endloop
  endfacet
  facet normal 0.629286 -0.777174 0
    outer loop
      vertex 77.3383 -1.48629 120
      vertex 77.1756 -1.61803 80
      vertex 77.3383 -1.48629 80
    endloop
  endfacet
  facet normal 1 0 0
    outer loop
      vertex 78 61 120
      vertex 78 2 118
      vertex 78 61 118
    endloop
  endfacet
  facet normal 1 -0 0
    outer loop
      vertex 78 0 120
      vertex 78 2 118
      vertex 78 61 120
    endloop
  endfacet
  facet normal 1 0 0
    outer loop
      vertex 78 0 80
      vertex 78 2 118
      vertex 78 0 120
    endloop
  endfacet
  facet normal 1 0 0
    outer loop
      vertex 78 2 118
      vertex 78 0 80
      vertex 78 2 80
    endloop
  endfacet
  facet normal 0.707107 0.707107 -0
    outer loop
      vertex 77.4863 62.3383 118
      vertex 77.3383 62.4863 120
      vertex 77.4863 62.3383 120
    endloop
  endfacet
  facet normal 0.707107 0.707107 0
    outer loop
      vertex 77.3383 62.4863 120
      vertex 77.4863 62.3383 118
      vertex 77.3383 62.4863 118
    endloop
  endfacet
  facet normal -0.258899 0.965904 0
    outer loop
      vertex -0.415823 62.9563 80
      vertex -0.618033 62.9021 120
      vertex -0.415823 62.9563 120
    endloop
  endfacet
  facet normal -0.258899 0.965904 0
    outer loop
      vertex -0.618033 62.9021 120
      vertex -0.415823 62.9563 80
      vertex -0.618033 62.9021 80
    endloop
  endfacet
  facet normal 0 1 0
    outer loop
      vertex 2 63 118
      vertex 76 63 120
      vertex 76 63 118
    endloop
  endfacet
  facet normal 0 1 0
    outer loop
      vertex 76 63 120
      vertex 2 63 118
      vertex 0 63 120
    endloop
  endfacet
  facet normal 0 1 0
    outer loop
      vertex 0 63 80
      vertex 2 63 118
      vertex 2 63 80
    endloop
  endfacet
  facet normal 0 1 0
    outer loop
      vertex 2 63 118
      vertex 0 63 80
      vertex 0 63 120
    endloop
  endfacet
  facet normal -0.052354 -0.998629 0
    outer loop
      vertex -0.209057 -1.98904 80
      vertex 0 -2 120
      vertex -0.209057 -1.98904 120
    endloop
  endfacet
  facet normal -0.052354 -0.998629 -0
    outer loop
      vertex 0 -2 120
      vertex -0.209057 -1.98904 80
      vertex 0 -2 80
    endloop
  endfacet
  facet normal -1 0 0
    outer loop
      vertex -2 0 80
      vertex -2 61 120
      vertex -2 61 80
    endloop
  endfacet
  facet normal -1 -0 0
    outer loop
      vertex -2 61 120
      vertex -2 0 80
      vertex -2 0 120
    endloop
  endfacet
  facet normal 0 0 1
    outer loop
      vertex 76 63 120
      vertex 78 61 120
      vertex 77.989 61.2091 120
    endloop
  endfacet
  facet normal 0 0 1
    outer loop
      vertex 78 61 120
      vertex 76 63 120
      vertex 78 0 120
    endloop
  endfacet
  facet normal 0 0 1
    outer loop
      vertex 76 63 120
      vertex 77.989 61.2091 120
      vertex 77.9563 61.4158 120
    endloop
  endfacet
  facet normal 0 0 1
    outer loop
      vertex 76 -2 120
      vertex 78 0 120
      vertex 76 63 120
    endloop
  endfacet
  facet normal 0 0 1
    outer loop
      vertex 76 63 120
      vertex 77.9563 61.4158 120
      vertex 77.9021 61.618 120
    endloop
  endfacet
  facet normal 0 0 1
    outer loop
      vertex 78 0 120
      vertex 76 -2 120
      vertex 77.989 -0.209057 120
    endloop
  endfacet
  facet normal 0 0 1
    outer loop
      vertex 76 63 120
      vertex 77.9021 61.618 120
      vertex 77.8271 61.8135 120
    endloop
  endfacet
  facet normal 0 0 1
    outer loop
      vertex 77.989 -0.209057 120
      vertex 76 -2 120
      vertex 77.9563 -0.415823 120
    endloop
  endfacet
  facet normal 0 0 1
    outer loop
      vertex 76 63 120
      vertex 77.8271 61.8135 120
      vertex 77.732 62 120
    endloop
  endfacet
  facet normal 0 0 1
    outer loop
      vertex 77.9563 -0.415823 120
      vertex 76 -2 120
      vertex 77.9021 -0.618033 120
    endloop
  endfacet
  facet normal 0 0 1
    outer loop
      vertex 76 63 120
      vertex 77.732 62 120
      vertex 77.618 62.1756 120
    endloop
  endfacet
  facet normal 0 0 1
    outer loop
      vertex 77.9021 -0.618033 120
      vertex 76 -2 120
      vertex 77.8271 -0.813473 120
    endloop
  endfacet
  facet normal 0 0 1
    outer loop
      vertex 76 63 120
      vertex 77.618 62.1756 120
      vertex 77.4863 62.3383 120
    endloop
  endfacet
  facet normal 0 0 1
    outer loop
      vertex 77.8271 -0.813473 120
      vertex 76 -2 120
      vertex 77.732 -1 120
    endloop
  endfacet
  facet normal 0 0 1
    outer loop
      vertex 76 63 120
      vertex 77.4863 62.3383 120
      vertex 77.3383 62.4863 120
    endloop
  endfacet
  facet normal 0 0 1
    outer loop
      vertex 77.732 -1 120
      vertex 76 -2 120
      vertex 77.618 -1.17557 120
    endloop
  endfacet
  facet normal 0 0 1
    outer loop
      vertex 76 63 120
      vertex 77.3383 62.4863 120
      vertex 77.1756 62.618 120
    endloop
  endfacet
  facet normal 0 0 1
    outer loop
      vertex 77.618 -1.17557 120
      vertex 76 -2 120
      vertex 77.4863 -1.33826 120
    endloop
  endfacet
  facet normal 0 0 1
    outer loop
      vertex 76 63 120
      vertex 77.1756 62.618 120
      vertex 77 62.732 120
    endloop
  endfacet
  facet normal 0 0 1
    outer loop
      vertex 77.4863 -1.33826 120
      vertex 76 -2 120
      vertex 77.3383 -1.48629 120
    endloop
  endfacet
  facet normal 0 0 1
    outer loop
      vertex 76 63 120
      vertex 77 62.732 120
      vertex 76.8135 62.8271 120
    endloop
  endfacet
  facet normal 0 0 1
    outer loop
      vertex 77.3383 -1.48629 120
      vertex 76 -2 120
      vertex 77.1756 -1.61803 120
    endloop
  endfacet
  facet normal 0 0 1
    outer loop
      vertex 76 63 120
      vertex 76.8135 62.8271 120
      vertex 76.618 62.9021 120
    endloop
  endfacet
  facet normal 0 0 1
    outer loop
      vertex 77.1756 -1.61803 120
      vertex 76 -2 120
      vertex 77 -1.73205 120
    endloop
  endfacet
  facet normal 0 0 1
    outer loop
      vertex 76 63 120
      vertex 76.618 62.9021 120
      vertex 76.4158 62.9563 120
    endloop
  endfacet
  facet normal 0 0 1
    outer loop
      vertex 77 -1.73205 120
      vertex 76 -2 120
      vertex 76.8135 -1.82709 120
    endloop
  endfacet
  facet normal 0 0 1
    outer loop
      vertex 76 63 120
      vertex 76.4158 62.9563 120
      vertex 76.2091 62.989 120
    endloop
  endfacet
  facet normal 0 0 1
    outer loop
      vertex 76.8135 -1.82709 120
      vertex 76 -2 120
      vertex 76.618 -1.90211 120
    endloop
  endfacet
  facet normal 0 0 1
    outer loop
      vertex 76.618 -1.90211 120
      vertex 76 -2 120
      vertex 76.4158 -1.9563 120
    endloop
  endfacet
  facet normal 0 0 1
    outer loop
      vertex 76.4158 -1.9563 120
      vertex 76 -2 120
      vertex 76.2091 -1.98904 120
    endloop
  endfacet
  facet normal -0 0 1
    outer loop
      vertex 0 63 120
      vertex 76 -2 120
      vertex 76 63 120
    endloop
  endfacet
  facet normal 0 0 1
    outer loop
      vertex 0 63 120
      vertex 0 -2 120
      vertex 76 -2 120
    endloop
  endfacet
  facet normal 0 0 1
    outer loop
      vertex -2 61 120
      vertex 0 63 120
      vertex -0.209057 62.989 120
    endloop
  endfacet
  facet normal 0 0 1
    outer loop
      vertex 0 63 120
      vertex -2 61 120
      vertex 0 -2 120
    endloop
  endfacet
  facet normal 0 0 1
    outer loop
      vertex -2 61 120
      vertex -0.209057 62.989 120
      vertex -0.415823 62.9563 120
    endloop
  endfacet
  facet normal -0 0 1
    outer loop
      vertex -2 0 120
      vertex 0 -2 120
      vertex -2 61 120
    endloop
  endfacet
  facet normal 0 0 1
    outer loop
      vertex -2 61 120
      vertex -0.415823 62.9563 120
      vertex -0.618033 62.9021 120
    endloop
  endfacet
  facet normal 0 0 1
    outer loop
      vertex 0 -2 120
      vertex -2 0 120
      vertex -0.209057 -1.98904 120
    endloop
  endfacet
  facet normal 0 0 1
    outer loop
      vertex -2 61 120
      vertex -0.618033 62.9021 120
      vertex -0.813473 62.8271 120
    endloop
  endfacet
  facet normal 0 0 1
    outer loop
      vertex -0.209057 -1.98904 120
      vertex -2 0 120
      vertex -0.415823 -1.9563 120
    endloop
  endfacet
  facet normal 0 0 1
    outer loop
      vertex -2 61 120
      vertex -0.813473 62.8271 120
      vertex -1 62.732 120
    endloop
  endfacet
  facet normal 0 0 1
    outer loop
      vertex -0.415823 -1.9563 120
      vertex -2 0 120
      vertex -0.618033 -1.90211 120
    endloop
  endfacet
  facet normal 0 0 1
    outer loop
      vertex -2 61 120
      vertex -1 62.732 120
      vertex -1.17557 62.618 120
    endloop
  endfacet
  facet normal 0 0 1
    outer loop
      vertex -0.618033 -1.90211 120
      vertex -2 0 120
      vertex -0.813473 -1.82709 120
    endloop
  endfacet
  facet normal 0 0 1
    outer loop
      vertex -2 61 120
      vertex -1.17557 62.618 120
      vertex -1.33826 62.4863 120
    endloop
  endfacet
  facet normal 0 0 1
    outer loop
      vertex -0.813473 -1.82709 120
      vertex -2 0 120
      vertex -1 -1.73205 120
    endloop
  endfacet
  facet normal 0 0 1
    outer loop
      vertex -2 61 120
      vertex -1.33826 62.4863 120
      vertex -1.48629 62.3383 120
    endloop
  endfacet
  facet normal 0 0 1
    outer loop
      vertex -1 -1.73205 120
      vertex -2 0 120
      vertex -1.17557 -1.61803 120
    endloop
  endfacet
  facet normal 0 0 1
    outer loop
      vertex -2 61 120
      vertex -1.48629 62.3383 120
      vertex -1.61803 62.1756 120
    endloop
  endfacet
  facet normal 0 0 1
    outer loop
      vertex -1.17557 -1.61803 120
      vertex -2 0 120
      vertex -1.33826 -1.48629 120
    endloop
  endfacet
  facet normal 0 0 1
    outer loop
      vertex -2 61 120
      vertex -1.61803 62.1756 120
      vertex -1.73205 62 120
    endloop
  endfacet
  facet normal 0 0 1
    outer loop
      vertex -1.33826 -1.48629 120
      vertex -2 0 120
      vertex -1.48629 -1.33826 120
    endloop
  endfacet
  facet normal 0 0 1
    outer loop
      vertex -2 61 120
      vertex -1.73205 62 120
      vertex -1.82709 61.8135 120
    endloop
  endfacet
  facet normal 0 0 1
    outer loop
      vertex -1.48629 -1.33826 120
      vertex -2 0 120
      vertex -1.61803 -1.17557 120
    endloop
  endfacet
  facet normal 0 0 1
    outer loop
      vertex -2 61 120
      vertex -1.82709 61.8135 120
      vertex -1.90211 61.618 120
    endloop
  endfacet
  facet normal 0 0 1
    outer loop
      vertex -1.61803 -1.17557 120
      vertex -2 0 120
      vertex -1.73205 -1 120
    endloop
  endfacet
  facet normal 0 0 1
    outer loop
      vertex -2 61 120
      vertex -1.90211 61.618 120
      vertex -1.9563 61.4158 120
    endloop
  endfacet
  facet normal 0 0 1
    outer loop
      vertex -1.73205 -1 120
      vertex -2 0 120
      vertex -1.82709 -0.813473 120
    endloop
  endfacet
  facet normal 0 0 1
    outer loop
      vertex -2 61 120
      vertex -1.9563 61.4158 120
      vertex -1.98904 61.2091 120
    endloop
  endfacet
  facet normal 0 0 1
    outer loop
      vertex -1.82709 -0.813473 120
      vertex -2 0 120
      vertex -1.90211 -0.618033 120
    endloop
  endfacet
  facet normal 0 0 1
    outer loop
      vertex -1.90211 -0.618033 120
      vertex -2 0 120
      vertex -1.9563 -0.415823 120
    endloop
  endfacet
  facet normal 0 0 1
    outer loop
      vertex -1.9563 -0.415823 120
      vertex -2 0 120
      vertex -1.98904 -0.209057 120
    endloop
  endfacet
  facet normal -0.629194 0.777248 0
    outer loop
      vertex -1.17557 62.618 80
      vertex -1.33826 62.4863 120
      vertex -1.17557 62.618 120
    endloop
  endfacet
  facet normal -0.629194 0.777248 0
    outer loop
      vertex -1.33826 62.4863 120
      vertex -1.17557 62.618 80
      vertex -1.33826 62.4863 80
    endloop
  endfacet
  facet normal -0.156395 -0.987695 0
    outer loop
      vertex -0.415823 -1.9563 80
      vertex -0.209057 -1.98904 120
      vertex -0.415823 -1.9563 120
    endloop
  endfacet
  facet normal -0.156395 -0.987695 -0
    outer loop
      vertex -0.209057 -1.98904 120
      vertex -0.415823 -1.9563 80
      vertex -0.209057 -1.98904 80
    endloop
  endfacet
  facet normal 0.933616 -0.358275 0
    outer loop
      vertex 77.8271 -0.813473 120
      vertex 77.9021 -0.618033 80
      vertex 77.9021 -0.618033 120
    endloop
  endfacet
  facet normal 0.933616 -0.358275 0
    outer loop
      vertex 77.9021 -0.618033 80
      vertex 77.8271 -0.813473 120
      vertex 77.8271 -0.813473 80
    endloop
  endfacet
  facet normal 0.987724 -0.156208 0
    outer loop
      vertex 77.9563 -0.415823 120
      vertex 77.989 -0.209057 80
      vertex 77.989 -0.209057 120
    endloop
  endfacet
  facet normal 0.987724 -0.156208 0
    outer loop
      vertex 77.989 -0.209057 80
      vertex 77.9563 -0.415823 120
      vertex 77.9563 -0.415823 80
    endloop
  endfacet
  facet normal 0.258867 -0.965913 0
    outer loop
      vertex 76.4158 -1.9563 80
      vertex 76.618 -1.90211 120
      vertex 76.4158 -1.9563 120
    endloop
  endfacet
  facet normal 0.258867 -0.965913 0
    outer loop
      vertex 76.618 -1.90211 120
      vertex 76.4158 -1.9563 80
      vertex 76.618 -1.90211 80
    endloop
  endfacet
  facet normal 0.544585 -0.838705 0
    outer loop
      vertex 77 -1.73205 80
      vertex 77.1756 -1.61803 120
      vertex 77 -1.73205 120
    endloop
  endfacet
  facet normal 0.544585 -0.838705 0
    outer loop
      vertex 77.1756 -1.61803 120
      vertex 77 -1.73205 80
      vertex 77.1756 -1.61803 80
    endloop
  endfacet
  facet normal 0.358262 -0.933621 0
    outer loop
      vertex 76.618 -1.90211 80
      vertex 76.8135 -1.82709 120
      vertex 76.618 -1.90211 120
    endloop
  endfacet
  facet normal 0.358262 -0.933621 0
    outer loop
      vertex 76.8135 -1.82709 120
      vertex 76.618 -1.90211 80
      vertex 76.8135 -1.82709 80
    endloop
  endfacet
  facet normal 0.965901 0.258911 0
    outer loop
      vertex 77.9563 61.4158 120
      vertex 77.9021 61.618 118
      vertex 77.9021 61.618 120
    endloop
  endfacet
  facet normal 0.965901 0.258911 0
    outer loop
      vertex 77.9021 61.618 118
      vertex 77.9563 61.4158 120
      vertex 77.9563 61.4158 118
    endloop
  endfacet
  facet normal 0.156257 0.987716 -0
    outer loop
      vertex 76.4158 62.9563 118
      vertex 76.2091 62.989 120
      vertex 76.4158 62.9563 120
    endloop
  endfacet
  facet normal 0.156257 0.987716 0
    outer loop
      vertex 76.2091 62.989 120
      vertex 76.4158 62.9563 118
      vertex 76.2091 62.989 118
    endloop
  endfacet
  facet normal -0.454217 0.890891 0
    outer loop
      vertex -0.813473 62.8271 80
      vertex -1 62.732 120
      vertex -0.813473 62.8271 120
    endloop
  endfacet
  facet normal -0.454217 0.890891 0
    outer loop
      vertex -1 62.732 120
      vertex -0.813473 62.8271 80
      vertex -1 62.732 80
    endloop
  endfacet
  facet normal -0.358275 0.933616 0
    outer loop
      vertex -0.618033 62.9021 80
      vertex -0.813473 62.8271 120
      vertex -0.618033 62.9021 120
    endloop
  endfacet
  facet normal -0.358275 0.933616 0
    outer loop
      vertex -0.813473 62.8271 120
      vertex -0.618033 62.9021 80
      vertex -0.813473 62.8271 80
    endloop
  endfacet
  facet normal -0.544584 0.838707 0
    outer loop
      vertex -1 62.732 80
      vertex -1.17557 62.618 120
      vertex -1 62.732 120
    endloop
  endfacet
  facet normal -0.544584 0.838707 0
    outer loop
      vertex -1.17557 62.618 120
      vertex -1 62.732 80
      vertex -1.17557 62.618 80
    endloop
  endfacet
  facet normal -0.777155 -0.62931 0
    outer loop
      vertex -1.48629 -1.33826 80
      vertex -1.61803 -1.17557 120
      vertex -1.61803 -1.17557 80
    endloop
  endfacet
  facet normal -0.777155 -0.62931 0
    outer loop
      vertex -1.61803 -1.17557 120
      vertex -1.48629 -1.33826 80
      vertex -1.48629 -1.33826 120
    endloop
  endfacet
  facet normal -0.933584 -0.358358 0
    outer loop
      vertex -1.82709 -0.813473 80
      vertex -1.90211 -0.618033 120
      vertex -1.90211 -0.618033 80
    endloop
  endfacet
  facet normal -0.933584 -0.358358 0
    outer loop
      vertex -1.90211 -0.618033 120
      vertex -1.82709 -0.813473 80
      vertex -1.82709 -0.813473 120
    endloop
  endfacet
  facet normal -0.998629 -0.052354 0
    outer loop
      vertex -1.98904 -0.209057 80
      vertex -2 0 120
      vertex -2 0 80
    endloop
  endfacet
  facet normal -0.998629 -0.052354 0
    outer loop
      vertex -2 0 120
      vertex -1.98904 -0.209057 80
      vertex -1.98904 -0.209057 120
    endloop
  endfacet
  facet normal -0.998629 0.0523433 0
    outer loop
      vertex -2 61 80
      vertex -1.98904 61.2091 120
      vertex -1.98904 61.2091 80
    endloop
  endfacet
  facet normal -0.998629 0.0523433 0
    outer loop
      vertex -1.98904 61.2091 120
      vertex -2 61 80
      vertex -2 61 120
    endloop
  endfacet
  facet normal 0.998619 -0.0525445 0
    outer loop
      vertex 77.989 -0.209057 120
      vertex 78 0 80
      vertex 78 0 120
    endloop
  endfacet
  facet normal 0.998619 -0.0525445 0
    outer loop
      vertex 78 0 80
      vertex 77.989 -0.209057 120
      vertex 77.989 -0.209057 80
    endloop
  endfacet
  facet normal 0.838707 -0.544584 0
    outer loop
      vertex 77.618 -1.17557 120
      vertex 77.732 -1 80
      vertex 77.732 -1 120
    endloop
  endfacet
  facet normal 0.838707 -0.544584 0
    outer loop
      vertex 77.732 -1 80
      vertex 77.618 -1.17557 120
      vertex 77.618 -1.17557 80
    endloop
  endfacet
  facet normal 0.890891 -0.454217 0
    outer loop
      vertex 77.732 -1 120
      vertex 77.8271 -0.813473 80
      vertex 77.8271 -0.813473 120
    endloop
  endfacet
  facet normal 0.890891 -0.454217 0
    outer loop
      vertex 77.8271 -0.813473 80
      vertex 77.732 -1 120
      vertex 77.732 -1 80
    endloop
  endfacet
  facet normal 0.156443 -0.987687 0
    outer loop
      vertex 76.2091 -1.98904 80
      vertex 76.4158 -1.9563 120
      vertex 76.2091 -1.98904 120
    endloop
  endfacet
  facet normal 0.156443 -0.987687 0
    outer loop
      vertex 76.4158 -1.9563 120
      vertex 76.2091 -1.98904 80
      vertex 76.4158 -1.9563 80
    endloop
  endfacet
  facet normal 0.454042 -0.89098 0
    outer loop
      vertex 76.8135 -1.82709 80
      vertex 77 -1.73205 120
      vertex 76.8135 -1.82709 120
    endloop
  endfacet
  facet normal 0.454042 -0.89098 0
    outer loop
      vertex 77 -1.73205 120
      vertex 76.8135 -1.82709 80
      vertex 77 -1.73205 80
    endloop
  endfacet
  facet normal 0.933653 0.358179 0
    outer loop
      vertex 77.9021 61.618 120
      vertex 77.8271 61.8135 118
      vertex 77.8271 61.8135 120
    endloop
  endfacet
  facet normal 0.933653 0.358179 0
    outer loop
      vertex 77.8271 61.8135 118
      vertex 77.9021 61.618 120
      vertex 77.9021 61.618 118
    endloop
  endfacet
  facet normal 0.544518 0.838749 -0
    outer loop
      vertex 77.1756 62.618 118
      vertex 77 62.732 120
      vertex 77.1756 62.618 120
    endloop
  endfacet
  facet normal 0.544518 0.838749 0
    outer loop
      vertex 77 62.732 120
      vertex 77.1756 62.618 118
      vertex 77 62.732 118
    endloop
  endfacet
  facet normal -0.156208 0.987724 0
    outer loop
      vertex -0.209057 62.989 80
      vertex -0.415823 62.9563 120
      vertex -0.209057 62.989 120
    endloop
  endfacet
  facet normal -0.156208 0.987724 0
    outer loop
      vertex -0.415823 62.9563 120
      vertex -0.209057 62.989 80
      vertex -0.415823 62.9563 80
    endloop
  endfacet
  facet normal -0.0525445 0.998619 0
    outer loop
      vertex 0 63 80
      vertex -0.209057 62.989 120
      vertex 0 63 120
    endloop
  endfacet
  facet normal -0.0525445 0.998619 0
    outer loop
      vertex -0.209057 62.989 120
      vertex 0 63 80
      vertex -0.209057 62.989 80
    endloop
  endfacet
  facet normal -0.358358 -0.933584 0
    outer loop
      vertex -0.813473 -1.82709 80
      vertex -0.618033 -1.90211 120
      vertex -0.813473 -1.82709 120
    endloop
  endfacet
  facet normal -0.358358 -0.933584 -0
    outer loop
      vertex -0.618033 -1.90211 120
      vertex -0.813473 -1.82709 80
      vertex -0.618033 -1.90211 80
    endloop
  endfacet
  facet normal -0.965916 -0.258855 0
    outer loop
      vertex -1.90211 -0.618033 80
      vertex -1.9563 -0.415823 120
      vertex -1.9563 -0.415823 80
    endloop
  endfacet
  facet normal -0.965916 -0.258855 0
    outer loop
      vertex -1.9563 -0.415823 120
      vertex -1.90211 -0.618033 80
      vertex -1.90211 -0.618033 120
    endloop
  endfacet
  facet normal 0 0 -1
    outer loop
      vertex 76 -2 80
      vertex 78 0 80
      vertex 77.989 -0.209057 80
    endloop
  endfacet
  facet normal 0 0 -1
    outer loop
      vertex 76 -2 80
      vertex 77.989 -0.209057 80
      vertex 77.9563 -0.415823 80
    endloop
  endfacet
  facet normal 0 0 -1
    outer loop
      vertex 76 -2 80
      vertex 77.9563 -0.415823 80
      vertex 77.9021 -0.618033 80
    endloop
  endfacet
  facet normal 0 0 -1
    outer loop
      vertex 76 -2 80
      vertex 77.9021 -0.618033 80
      vertex 77.8271 -0.813473 80
    endloop
  endfacet
  facet normal 0 0 -1
    outer loop
      vertex 76 -2 80
      vertex 77.8271 -0.813473 80
      vertex 77.732 -1 80
    endloop
  endfacet
  facet normal 0 0 -1
    outer loop
      vertex 76 -2 80
      vertex 77.732 -1 80
      vertex 77.618 -1.17557 80
    endloop
  endfacet
  facet normal 0 0 -1
    outer loop
      vertex 76 -2 80
      vertex 77.618 -1.17557 80
      vertex 77.4863 -1.33826 80
    endloop
  endfacet
  facet normal 0 0 -1
    outer loop
      vertex 76 -2 80
      vertex 77.4863 -1.33826 80
      vertex 77.3383 -1.48629 80
    endloop
  endfacet
  facet normal 0 0 -1
    outer loop
      vertex 76 -2 80
      vertex 77.3383 -1.48629 80
      vertex 77.1756 -1.61803 80
    endloop
  endfacet
  facet normal 0 0 -1
    outer loop
      vertex 76 -2 80
      vertex 77.1756 -1.61803 80
      vertex 77 -1.73205 80
    endloop
  endfacet
  facet normal 0 0 -1
    outer loop
      vertex 76 -2 80
      vertex 77 -1.73205 80
      vertex 76.8135 -1.82709 80
    endloop
  endfacet
  facet normal 0 0 -1
    outer loop
      vertex 76 -2 80
      vertex 76.8135 -1.82709 80
      vertex 76.618 -1.90211 80
    endloop
  endfacet
  facet normal 0 0 -1
    outer loop
      vertex 76 -2 80
      vertex 76.618 -1.90211 80
      vertex 76.4158 -1.9563 80
    endloop
  endfacet
  facet normal 0 0 -1
    outer loop
      vertex 76 -2 80
      vertex 76.4158 -1.9563 80
      vertex 76.2091 -1.98904 80
    endloop
  endfacet
  facet normal -0 0 -1
    outer loop
      vertex 78 0 80
      vertex 76 -2 80
      vertex 78 2 80
    endloop
  endfacet
  facet normal 0 0 -1
    outer loop
      vertex 76 -2 80
      vertex 2 2 80
      vertex 78 2 80
    endloop
  endfacet
  facet normal 0 0 -1
    outer loop
      vertex 0 -2 80
      vertex 2 2 80
      vertex 76 -2 80
    endloop
  endfacet
  facet normal 0 0 -1
    outer loop
      vertex -2 0 80
      vertex 2 2 80
      vertex 0 -2 80
    endloop
  endfacet
  facet normal 0 0 -1
    outer loop
      vertex -2 61 80
      vertex 2 2 80
      vertex -2 0 80
    endloop
  endfacet
  facet normal 0 0 -1
    outer loop
      vertex -2 0 80
      vertex 0 -2 80
      vertex -0.209057 -1.98904 80
    endloop
  endfacet
  facet normal 0 0 -1
    outer loop
      vertex 2 2 80
      vertex -2 61 80
      vertex 2 63 80
    endloop
  endfacet
  facet normal 0 0 -1
    outer loop
      vertex -2 0 80
      vertex -0.209057 -1.98904 80
      vertex -0.415823 -1.9563 80
    endloop
  endfacet
  facet normal -0 0 -1
    outer loop
      vertex 2 63 80
      vertex -2 61 80
      vertex 0 63 80
    endloop
  endfacet
  facet normal 0 0 -1
    outer loop
      vertex -2 0 80
      vertex -0.415823 -1.9563 80
      vertex -0.618033 -1.90211 80
    endloop
  endfacet
  facet normal 0 0 -1
    outer loop
      vertex 0 63 80
      vertex -2 61 80
      vertex -0.209057 62.989 80
    endloop
  endfacet
  facet normal 0 0 -1
    outer loop
      vertex -2 0 80
      vertex -0.618033 -1.90211 80
      vertex -0.813473 -1.82709 80
    endloop
  endfacet
  facet normal 0 0 -1
    outer loop
      vertex -0.209057 62.989 80
      vertex -2 61 80
      vertex -0.415823 62.9563 80
    endloop
  endfacet
  facet normal 0 0 -1
    outer loop
      vertex -2 0 80
      vertex -0.813473 -1.82709 80
      vertex -1 -1.73205 80
    endloop
  endfacet
  facet normal 0 0 -1
    outer loop
      vertex -0.415823 62.9563 80
      vertex -2 61 80
      vertex -0.618033 62.9021 80
    endloop
  endfacet
  facet normal 0 0 -1
    outer loop
      vertex -2 0 80
      vertex -1 -1.73205 80
      vertex -1.17557 -1.61803 80
    endloop
  endfacet
  facet normal 0 0 -1
    outer loop
      vertex -0.618033 62.9021 80
      vertex -2 61 80
      vertex -0.813473 62.8271 80
    endloop
  endfacet
  facet normal 0 0 -1
    outer loop
      vertex -2 0 80
      vertex -1.17557 -1.61803 80
      vertex -1.33826 -1.48629 80
    endloop
  endfacet
  facet normal 0 0 -1
    outer loop
      vertex -0.813473 62.8271 80
      vertex -2 61 80
      vertex -1 62.732 80
    endloop
  endfacet
  facet normal 0 0 -1
    outer loop
      vertex -2 0 80
      vertex -1.33826 -1.48629 80
      vertex -1.48629 -1.33826 80
    endloop
  endfacet
  facet normal 0 0 -1
    outer loop
      vertex -1 62.732 80
      vertex -2 61 80
      vertex -1.17557 62.618 80
    endloop
  endfacet
  facet normal 0 0 -1
    outer loop
      vertex -2 0 80
      vertex -1.48629 -1.33826 80
      vertex -1.61803 -1.17557 80
    endloop
  endfacet
  facet normal 0 0 -1
    outer loop
      vertex -1.17557 62.618 80
      vertex -2 61 80
      vertex -1.33826 62.4863 80
    endloop
  endfacet
  facet normal 0 0 -1
    outer loop
      vertex -2 0 80
      vertex -1.61803 -1.17557 80
      vertex -1.73205 -1 80
    endloop
  endfacet
  facet normal 0 0 -1
    outer loop
      vertex -1.33826 62.4863 80
      vertex -2 61 80
      vertex -1.48629 62.3383 80
    endloop
  endfacet
  facet normal 0 0 -1
    outer loop
      vertex -2 0 80
      vertex -1.73205 -1 80
      vertex -1.82709 -0.813473 80
    endloop
  endfacet
  facet normal 0 0 -1
    outer loop
      vertex -1.48629 62.3383 80
      vertex -2 61 80
      vertex -1.61803 62.1756 80
    endloop
  endfacet
  facet normal 0 0 -1
    outer loop
      vertex -2 0 80
      vertex -1.82709 -0.813473 80
      vertex -1.90211 -0.618033 80
    endloop
  endfacet
  facet normal 0 0 -1
    outer loop
      vertex -1.61803 62.1756 80
      vertex -2 61 80
      vertex -1.73205 62 80
    endloop
  endfacet
  facet normal 0 0 -1
    outer loop
      vertex -2 0 80
      vertex -1.90211 -0.618033 80
      vertex -1.9563 -0.415823 80
    endloop
  endfacet
  facet normal 0 0 -1
    outer loop
      vertex -1.73205 62 80
      vertex -2 61 80
      vertex -1.82709 61.8135 80
    endloop
  endfacet
  facet normal 0 0 -1
    outer loop
      vertex -2 0 80
      vertex -1.9563 -0.415823 80
      vertex -1.98904 -0.209057 80
    endloop
  endfacet
  facet normal 0 0 -1
    outer loop
      vertex -1.82709 61.8135 80
      vertex -2 61 80
      vertex -1.90211 61.618 80
    endloop
  endfacet
  facet normal 0 0 -1
    outer loop
      vertex -1.90211 61.618 80
      vertex -2 61 80
      vertex -1.9563 61.4158 80
    endloop
  endfacet
  facet normal 0 0 -1
    outer loop
      vertex -1.9563 61.4158 80
      vertex -2 61 80
      vertex -1.98904 61.2091 80
    endloop
  endfacet
  facet normal -0.89098 0.454042 0
    outer loop
      vertex -1.82709 61.8135 80
      vertex -1.73205 62 120
      vertex -1.73205 62 80
    endloop
  endfacet
  facet normal -0.89098 0.454042 0
    outer loop
      vertex -1.73205 62 120
      vertex -1.82709 61.8135 80
      vertex -1.82709 61.8135 120
    endloop
  endfacet
  facet normal 0.965904 -0.258899 0
    outer loop
      vertex 77.9021 -0.618033 120
      vertex 77.9563 -0.415823 80
      vertex 77.9563 -0.415823 120
    endloop
  endfacet
  facet normal 0.965904 -0.258899 0
    outer loop
      vertex 77.9563 -0.415823 80
      vertex 77.9021 -0.618033 120
      vertex 77.9021 -0.618033 80
    endloop
  endfacet
  facet normal 0.777248 -0.629194 0
    outer loop
      vertex 77.4863 -1.33826 120
      vertex 77.618 -1.17557 80
      vertex 77.618 -1.17557 120
    endloop
  endfacet
  facet normal 0.777248 -0.629194 0
    outer loop
      vertex 77.618 -1.17557 80
      vertex 77.4863 -1.33826 120
      vertex 77.4863 -1.33826 80
    endloop
  endfacet
  facet normal 0.707178 -0.707035 0
    outer loop
      vertex 77.3383 -1.48629 80
      vertex 77.4863 -1.33826 120
      vertex 77.3383 -1.48629 120
    endloop
  endfacet
  facet normal 0.707178 -0.707035 0
    outer loop
      vertex 77.4863 -1.33826 120
      vertex 77.3383 -1.48629 80
      vertex 77.4863 -1.33826 80
    endloop
  endfacet
  facet normal 0.890864 0.454269 0
    outer loop
      vertex 77.8271 61.8135 120
      vertex 77.732 62 118
      vertex 77.732 62 120
    endloop
  endfacet
  facet normal 0.890864 0.454269 0
    outer loop
      vertex 77.732 62 118
      vertex 77.8271 61.8135 120
      vertex 77.8271 61.8135 118
    endloop
  endfacet
  facet normal 0.987716 0.156257 0
    outer loop
      vertex 77.989 61.2091 120
      vertex 77.9563 61.4158 118
      vertex 77.9563 61.4158 120
    endloop
  endfacet
  facet normal 0.987716 0.156257 0
    outer loop
      vertex 77.9563 61.4158 118
      vertex 77.989 61.2091 120
      vertex 77.989 61.2091 118
    endloop
  endfacet
  facet normal 0.998619 0.0525338 0
    outer loop
      vertex 78 61 120
      vertex 77.989 61.2091 118
      vertex 77.989 61.2091 120
    endloop
  endfacet
  facet normal 0.998619 0.0525338 0
    outer loop
      vertex 77.989 61.2091 118
      vertex 78 61 120
      vertex 78 61 118
    endloop
  endfacet
  facet normal 0.629171 0.777267 -0
    outer loop
      vertex 77.3383 62.4863 118
      vertex 77.1756 62.618 120
      vertex 77.3383 62.4863 120
    endloop
  endfacet
  facet normal 0.629171 0.777267 0
    outer loop
      vertex 77.1756 62.618 120
      vertex 77.3383 62.4863 118
      vertex 77.1756 62.618 118
    endloop
  endfacet
  facet normal 0.358179 0.933653 -0
    outer loop
      vertex 76.8135 62.8271 118
      vertex 76.618 62.9021 120
      vertex 76.8135 62.8271 120
    endloop
  endfacet
  facet normal 0.358179 0.933653 0
    outer loop
      vertex 76.618 62.9021 120
      vertex 76.8135 62.8271 118
      vertex 76.618 62.9021 118
    endloop
  endfacet
  facet normal 0.454269 0.890864 -0
    outer loop
      vertex 77 62.732 118
      vertex 76.8135 62.8271 120
      vertex 77 62.732 120
    endloop
  endfacet
  facet normal 0.454269 0.890864 0
    outer loop
      vertex 76.8135 62.8271 120
      vertex 77 62.732 118
      vertex 76.8135 62.8271 118
    endloop
  endfacet
  facet normal 0.258911 0.965901 -0
    outer loop
      vertex 76.618 62.9021 118
      vertex 76.4158 62.9563 120
      vertex 76.618 62.9021 120
    endloop
  endfacet
  facet normal 0.258911 0.965901 0
    outer loop
      vertex 76.4158 62.9563 120
      vertex 76.618 62.9021 118
      vertex 76.4158 62.9563 118
    endloop
  endfacet
  facet normal -0.258855 -0.965916 0
    outer loop
      vertex -0.618033 -1.90211 80
      vertex -0.415823 -1.9563 120
      vertex -0.618033 -1.90211 120
    endloop
  endfacet
  facet normal -0.258855 -0.965916 -0
    outer loop
      vertex -0.415823 -1.9563 120
      vertex -0.618033 -1.90211 80
      vertex -0.415823 -1.9563 80
    endloop
  endfacet
  facet normal -0.45399 -0.891007 0
    outer loop
      vertex -1 -1.73205 80
      vertex -0.813473 -1.82709 120
      vertex -1 -1.73205 120
    endloop
  endfacet
  facet normal -0.45399 -0.891007 -0
    outer loop
      vertex -0.813473 -1.82709 120
      vertex -1 -1.73205 80
      vertex -0.813473 -1.82709 80
    endloop
  endfacet
  facet normal -0.544651 -0.838663 0
    outer loop
      vertex -1.17557 -1.61803 80
      vertex -1 -1.73205 120
      vertex -1.17557 -1.61803 120
    endloop
  endfacet
  facet normal -0.544651 -0.838663 -0
    outer loop
      vertex -1 -1.73205 120
      vertex -1.17557 -1.61803 80
      vertex -1 -1.73205 80
    endloop
  endfacet
  facet normal -0.987695 -0.156395 0
    outer loop
      vertex -1.9563 -0.415823 80
      vertex -1.98904 -0.209057 120
      vertex -1.98904 -0.209057 80
    endloop
  endfacet
  facet normal -0.987695 -0.156395 0
    outer loop
      vertex -1.98904 -0.209057 120
      vertex -1.9563 -0.415823 80
      vertex -1.9563 -0.415823 120
    endloop
  endfacet
  facet normal -0.987687 0.156443 0
    outer loop
      vertex -1.98904 61.2091 80
      vertex -1.9563 61.4158 120
      vertex -1.9563 61.4158 80
    endloop
  endfacet
  facet normal -0.987687 0.156443 0
    outer loop
      vertex -1.9563 61.4158 120
      vertex -1.98904 61.2091 80
      vertex -1.98904 61.2091 120
    endloop
  endfacet
  facet normal -0.965913 0.258867 0
    outer loop
      vertex -1.9563 61.4158 80
      vertex -1.90211 61.618 120
      vertex -1.90211 61.618 80
    endloop
  endfacet
  facet normal -0.965913 0.258867 0
    outer loop
      vertex -1.90211 61.618 120
      vertex -1.9563 61.4158 80
      vertex -1.9563 61.4158 120
    endloop
  endfacet
  facet normal -0.933621 0.358262 0
    outer loop
      vertex -1.90211 61.618 80
      vertex -1.82709 61.8135 120
      vertex -1.82709 61.8135 80
    endloop
  endfacet
  facet normal -0.933621 0.358262 0
    outer loop
      vertex -1.82709 61.8135 120
      vertex -1.90211 61.618 80
      vertex -1.90211 61.618 120
    endloop
  endfacet
  facet normal -0.838705 0.544585 0
    outer loop
      vertex -1.73205 62 80
      vertex -1.61803 62.1756 120
      vertex -1.61803 62.1756 80
    endloop
  endfacet
  facet normal -0.838705 0.544585 0
    outer loop
      vertex -1.61803 62.1756 120
      vertex -1.73205 62 80
      vertex -1.73205 62 120
    endloop
  endfacet
  facet normal -0.777174 0.629286 0
    outer loop
      vertex -1.61803 62.1756 80
      vertex -1.48629 62.3383 120
      vertex -1.48629 62.3383 80
    endloop
  endfacet
  facet normal -0.777174 0.629286 0
    outer loop
      vertex -1.48629 62.3383 120
      vertex -1.61803 62.1756 80
      vertex -1.61803 62.1756 120
    endloop
  endfacet
  facet normal -0.707035 0.707178 0
    outer loop
      vertex -1.48629 62.3383 80
      vertex -1.33826 62.4863 120
      vertex -1.33826 62.4863 80
    endloop
  endfacet
  facet normal -0.707035 0.707178 0
    outer loop
      vertex -1.33826 62.4863 120
      vertex -1.48629 62.3383 80
      vertex -1.48629 62.3383 120
    endloop
  endfacet
  facet normal 0.838749 0.544518 0
    outer loop
      vertex 77.732 62 120
      vertex 77.618 62.1756 118
      vertex 77.618 62.1756 120
    endloop
  endfacet
  facet normal 0.838749 0.544518 0
    outer loop
      vertex 77.618 62.1756 118
      vertex 77.732 62 120
      vertex 77.732 62 118
    endloop
  endfacet
  facet normal -0.707107 -0.707107 0
    outer loop
      vertex -1.33826 -1.48629 80
      vertex -1.48629 -1.33826 120
      vertex -1.48629 -1.33826 80
    endloop
  endfacet
  facet normal -0.707107 -0.707107 0
    outer loop
      vertex -1.48629 -1.33826 120
      vertex -1.33826 -1.48629 80
      vertex -1.33826 -1.48629 120
    endloop
  endfacet
  facet normal -0.62931 -0.777155 0
    outer loop
      vertex -1.33826 -1.48629 80
      vertex -1.17557 -1.61803 120
      vertex -1.33826 -1.48629 120
    endloop
  endfacet
  facet normal -0.62931 -0.777155 -0
    outer loop
      vertex -1.17557 -1.61803 120
      vertex -1.33826 -1.48629 80
      vertex -1.17557 -1.61803 80
    endloop
  endfacet
  facet normal 0.777267 0.629171 0
    outer loop
      vertex 77.618 62.1756 120
      vertex 77.4863 62.3383 118
      vertex 77.4863 62.3383 120
    endloop
  endfacet
  facet normal 0.777267 0.629171 0
    outer loop
      vertex 77.4863 62.3383 118
      vertex 77.618 62.1756 120
      vertex 77.618 62.1756 118
    endloop
  endfacet
  facet normal -0.838663 -0.544651 0
    outer loop
      vertex -1.61803 -1.17557 80
      vertex -1.73205 -1 120
      vertex -1.73205 -1 80
    endloop
  endfacet
  facet normal -0.838663 -0.544651 0
    outer loop
      vertex -1.73205 -1 120
      vertex -1.61803 -1.17557 80
      vertex -1.61803 -1.17557 120
    endloop
  endfacet
  facet normal -0.891007 -0.45399 0
    outer loop
      vertex -1.73205 -1 80
      vertex -1.82709 -0.813473 120
      vertex -1.82709 -0.813473 80
    endloop
  endfacet
  facet normal -0.891007 -0.45399 0
    outer loop
      vertex -1.82709 -0.813473 120
      vertex -1.73205 -1 80
      vertex -1.73205 -1 120
    endloop
  endfacet
  facet normal 1 -0 0
    outer loop
      vertex 2 2 118
      vertex 2 63 80
      vertex 2 63 118
    endloop
  endfacet
  facet normal 1 0 0
    outer loop
      vertex 2 63 80
      vertex 2 2 118
      vertex 2 2 80
    endloop
  endfacet
  facet normal 0 0 -1
    outer loop
      vertex 76 63 118
      vertex 78 61 118
      vertex 78 2 118
    endloop
  endfacet
  facet normal 0 0 -1
    outer loop
      vertex 78 61 118
      vertex 76 63 118
      vertex 77.989 61.2091 118
    endloop
  endfacet
  facet normal 0 0 -1
    outer loop
      vertex 77.989 61.2091 118
      vertex 76 63 118
      vertex 77.9563 61.4158 118
    endloop
  endfacet
  facet normal 0 0 -1
    outer loop
      vertex 77.9563 61.4158 118
      vertex 76 63 118
      vertex 77.9021 61.618 118
    endloop
  endfacet
  facet normal 0 0 -1
    outer loop
      vertex 77.9021 61.618 118
      vertex 76 63 118
      vertex 77.8271 61.8135 118
    endloop
  endfacet
  facet normal 0 0 -1
    outer loop
      vertex 77.8271 61.8135 118
      vertex 76 63 118
      vertex 77.732 62 118
    endloop
  endfacet
  facet normal 0 0 -1
    outer loop
      vertex 77.732 62 118
      vertex 76 63 118
      vertex 77.618 62.1756 118
    endloop
  endfacet
  facet normal 0 0 -1
    outer loop
      vertex 77.618 62.1756 118
      vertex 76 63 118
      vertex 77.4863 62.3383 118
    endloop
  endfacet
  facet normal 0 0 -1
    outer loop
      vertex 77.4863 62.3383 118
      vertex 76 63 118
      vertex 77.3383 62.4863 118
    endloop
  endfacet
  facet normal 0 0 -1
    outer loop
      vertex 77.3383 62.4863 118
      vertex 76 63 118
      vertex 77.1756 62.618 118
    endloop
  endfacet
  facet normal 0 0 -1
    outer loop
      vertex 77.1756 62.618 118
      vertex 76 63 118
      vertex 77 62.732 118
    endloop
  endfacet
  facet normal 0 0 -1
    outer loop
      vertex 77 62.732 118
      vertex 76 63 118
      vertex 76.8135 62.8271 118
    endloop
  endfacet
  facet normal 0 0 -1
    outer loop
      vertex 76.8135 62.8271 118
      vertex 76 63 118
      vertex 76.618 62.9021 118
    endloop
  endfacet
  facet normal 0 0 -1
    outer loop
      vertex 76.618 62.9021 118
      vertex 76 63 118
      vertex 76.4158 62.9563 118
    endloop
  endfacet
  facet normal 0 0 -1
    outer loop
      vertex 76.4158 62.9563 118
      vertex 76 63 118
      vertex 76.2091 62.989 118
    endloop
  endfacet
  facet normal 0 0 -1
    outer loop
      vertex 2 2 118
      vertex 76 63 118
      vertex 78 2 118
    endloop
  endfacet
  facet normal -0 0 -1
    outer loop
      vertex 76 63 118
      vertex 2 2 118
      vertex 2 63 118
    endloop
  endfacet
  facet normal 0 1 -0
    outer loop
      vertex 78 2 80
      vertex 2 2 118
      vertex 78 2 118
    endloop
  endfacet
  facet normal 0 1 0
    outer loop
      vertex 2 2 118
      vertex 78 2 80
      vertex 2 2 80
    endloop
  endfacet
endsolid OpenSCAD_Model
